"","year","Site","date_yearmon","Weight","Chlorophyll.a..corrected.for.pheophytin","ActivityStartDate","month","day","Ammonia.x","Nitrate...Nitrite.x","Orthophosphate.x","pH.x","Specific.conductance.x","Temperature..water.x","Total.dissolved.solids.x","Total.Phosphorus..mixed.forms.x","Total.Nitrogen..mixed.forms.x","Turbidity.x","Ammonia.y","Nitrate...Nitrite.y","Orthophosphate.y","pH.y","Specific.conductance.y","Temperature..water.y","Total.dissolved.solids.y","Total.Phosphorus..mixed.forms.y","Total.Nitrogen..mixed.forms.y","Turbidity.y","Ammonia.x","Nitrate...Nitrite.x","Orthophosphate.x","pH.x","Specific.conductance.x","Temperature..water.x","Total.dissolved.solids.x","Total.Phosphorus..mixed.forms.x","Total.Nitrogen..mixed.forms.x","Turbidity.x","Ammonia.y","Nitrate...Nitrite.y","Orthophosphate.y","pH.y","Specific.conductance.y","Temperature..water.y","Total.dissolved.solids.y","Total.Phosphorus..mixed.forms.y","Total.Nitrogen..mixed.forms.y","Turbidity.y"
"127",2007,"Clark Fork River above Rock Creek confluence - 29.1",Aug 2007,NA,49.7272727272727,2007-08-21,8,1,NA,NA,NA,NA,NA,NA,NA,NA,NA,NA,NA,NA,NA,NA,NA,NA,NA,NA,NA,NA,NA,NA,NA,NA,NA,NA,NA,NA,NA,NA,NA,NA,NA,NA,NA,NA,NA,NA,NA,NA
"132",2007,"Clark Fork River below Cabinet Gorge Dam",Aug 2007,NA,35.1818181818182,2007-08-20,8,1,0.02,0.029,0.0035,NA,NA,NA,NA,0.011,0.15,NA,NA,0.0085,0.0045,NA,NA,NA,NA,0.011,0.1,NA,0.015,0.025,0.0085,NA,NA,NA,NA,0.018,0.2,NA,0.02,0.0215,0.0055,NA,NA,NA,NA,0.0135,0.1,NA
"134",2007,"Clark Fork River below Rock Creek confluence - 29.2",Aug 2007,NA,21.2727272727273,2007-08-20,8,1,NA,NA,NA,NA,NA,NA,NA,NA,NA,NA,NA,NA,NA,NA,NA,NA,NA,NA,NA,NA,NA,NA,NA,NA,NA,NA,NA,NA,NA,NA,NA,NA,NA,NA,NA,NA,NA,NA,NA,NA
"137",2008,"Clark Fork River above Flathead",Sep 2008,4.15,13.3,2008-09-09,9,1,0.015,0.0415,NA,8.165,124.1,14.45,65.8,0.046,0.25,22.25,0.01,0.015,NA,8.48666666666667,173.433333333333,20.7666666666667,91.9666666666667,0.014,0.15,3.85333333333333,0.01,0.016,NA,8.67666666666667,221,19.4666666666667,117.333333333333,0.0085,0.133333333333333,1.36333333333333,NA,0.014,NA,8.865,237,16.45,126,0.0095,0.2,1.77
"138",2008,"Clark Fork River above Flathead",Aug 2008,3.295,4.33333333333333,2008-08-14,8,1,0.015,0.0415,NA,8.165,124.1,14.45,65.8,0.046,0.25,22.25,0.01,0.015,NA,8.48666666666667,173.433333333333,20.7666666666667,91.9666666666667,0.014,0.15,3.85333333333333,0.01,0.016,NA,8.67666666666667,221,19.4666666666667,117.333333333333,0.0085,0.133333333333333,1.36333333333333,NA,0.014,NA,8.865,237,16.45,126,0.0095,0.2,1.77
"139",2008,"Clark Fork River above Little Blackfoot",Sep 2008,36.17,134.8,2008-09-09,9,1,0.03,0.1105,NA,8.305,260.05,13.15,138.25,0.126,0.5,18.4,0.0166666666666667,0.003,NA,8.6,366.666666666667,19.2333333333333,194.933333333333,0.06025,0.325,3.79666666666667,0.01,0.006,NA,8.38666666666667,471.333333333333,16.3,250.666666666667,0.021,0.2,1.64333333333333,0.01,0.041,NA,8.965,471,12.35,250.5,0.0335,0.25,3.18
"140",2008,"Clark Fork River above Little Blackfoot",Aug 2008,102.315,129.1,2008-08-10,8,1,0.03,0.1105,NA,8.305,260.05,13.15,138.25,0.126,0.5,18.4,0.0166666666666667,0.003,NA,8.6,366.666666666667,19.2333333333333,194.933333333333,0.06025,0.325,3.79666666666667,0.01,0.006,NA,8.38666666666667,471.333333333333,16.3,250.666666666667,0.021,0.2,1.64333333333333,0.01,0.041,NA,8.965,471,12.35,250.5,0.0335,0.25,3.18
"141",2008,"Clark Fork River above Missoula",Sep 2008,19.7428571428571,80.1904761904762,2008-09-09,9,1,0.0233333333333333,0.0356666666666667,NA,8.28,177.75,11.65,94.25,0.067,0.333333333333333,22.1,0.02,0.00566666666666667,NA,8.47666666666667,230.666666666667,17.3333333333333,122.633333333333,0.0243333333333333,0.2,4.60333333333333,0.015,0.00833333333333333,NA,8.27333333333333,276,16.2,146.3,0.00966666666666667,0.133333333333333,1.63666666666667,0.01,0.0085,NA,8.35,305,12.15,161.75,0.011,NA,2.745
"142",2008,"Clark Fork River above Missoula",Aug 2008,29.22,76.2352941176471,2008-08-10,8,1,0.0233333333333333,0.0356666666666667,NA,8.28,177.75,11.65,94.25,0.067,0.333333333333333,22.1,0.02,0.00566666666666667,NA,8.47666666666667,230.666666666667,17.3333333333333,122.633333333333,0.0243333333333333,0.2,4.60333333333333,0.015,0.00833333333333333,NA,8.27333333333333,276,16.2,146.3,0.00966666666666667,0.133333333333333,1.63666666666667,0.01,0.0085,NA,8.35,305,12.15,161.75,0.011,NA,2.745
"143",2008,"Clark Fork River at Bonita",Sep 2008,61.085,259.473684210526,2008-09-09,9,1,0.02,0.0473333333333333,NA,8.325,272.55,12.95,144.85,0.0953333333333333,0.433333333333333,25.4,0.02,0.00433333333333333,NA,8.55333333333333,387.666666666667,18.7,206.033333333333,0.048,0.233333333333333,4.40666666666667,NA,0.00733333333333333,NA,8.62666666666667,491,16.7666666666667,260.666666666667,0.015,0.2,3.26333333333333,0.01,0.005,NA,8.66,470,13.05,249.5,0.038,0.2,5.465
"144",2008,"Clark Fork River at Bonita",Aug 2008,103.72,112.75,2008-08-10,8,1,0.02,0.0473333333333333,NA,8.325,272.55,12.95,144.85,0.0953333333333333,0.433333333333333,25.4,0.02,0.00433333333333333,NA,8.55333333333333,387.666666666667,18.7,206.033333333333,0.048,0.233333333333333,4.40666666666667,NA,0.00733333333333333,NA,8.62666666666667,491,16.7666666666667,260.666666666667,0.015,0.2,3.26333333333333,0.01,0.005,NA,8.66,470,13.05,249.5,0.038,0.2,5.465
"145",2008,"Clark Fork River at Deer Lodge",Aug 2008,79.7714285714286,172.071428571429,2008-08-10,8,1,0.035,0.1315,NA,8.435,291.5,13.85,154.95,0.12,0.5,14.65,0.02,0.03125,NA,8.63333333333333,324.333333333333,19.4333333333333,172.033333333333,0.04875,0.275,4.32,0.01,0.056,NA,8.85333333333333,457.333333333333,16.0333333333333,242.666666666667,0.018,0.233333333333333,2.09,0.01,0.061,NA,8.985,464,11.9,251,0.0255,0.25,3.64
"146",2008,"Clark Fork River at Deer Lodge",Sep 2008,45.145,200.85,2008-09-09,9,1,0.035,0.1315,NA,8.435,291.5,13.85,154.95,0.12,0.5,14.65,0.02,0.03125,NA,8.63333333333333,324.333333333333,19.4333333333333,172.033333333333,0.04875,0.275,4.32,0.01,0.056,NA,8.85333333333333,457.333333333333,16.0333333333333,242.666666666667,0.018,0.233333333333333,2.09,0.01,0.061,NA,8.985,464,11.9,251,0.0255,0.25,3.64
"147",2008,"Clark Fork River at Huson",Sep 2008,7.725,43.15,2008-09-09,9,1,0.01,0.0345,NA,8.06,134.05,14.3,71.1,0.0485,0.25,17,0.015,0.0163333333333333,NA,8.48333333333333,177.466666666667,19.8666666666667,117.833333333333,0.0196666666666667,0.2,5.72,0.015,0.0785,NA,8.49333333333333,243.333333333333,17.7,129,0.01525,0.2,2.42333333333333,NA,0.0305,NA,8.73,259,13.95,137.65,0.015,0.2,2.205
"148",2008,"Clark Fork River at Huson",Aug 2008,6.205,11.05,2008-08-11,8,1,0.01,0.0345,NA,8.06,134.05,14.3,71.1,0.0485,0.25,17,0.015,0.0163333333333333,NA,8.48333333333333,177.466666666667,19.8666666666667,117.833333333333,0.0196666666666667,0.2,5.72,0.015,0.0785,NA,8.49333333333333,243.333333333333,17.7,129,0.01525,0.2,2.42333333333333,NA,0.0305,NA,8.73,259,13.95,137.65,0.015,0.2,2.205
"151",2008,"Clark Fork River below Missoula",Aug 2008,15.315,62.85,2008-08-15,8,1,0.025,0.0375,NA,8.435,174.65,12,92.35,0.057,0.3,19.35,0.0266666666666667,0.0223333333333333,NA,8.52,233,16.8,123.833333333333,0.024,0.2,5.2,0.04,0.0423333333333333,NA,8.44333333333333,265.666666666667,15.8666666666667,145.466666666667,0.0133333333333333,0.2,2.59333333333333,0.0166666666666667,0.046,NA,8.655,304.5,11.25,161.75,0.019,0.2,3.385
"152",2008,"Clark Fork River below Missoula",Sep 2008,13.565,73.2,2008-09-13,9,1,0.025,0.0375,NA,8.435,174.65,12,92.35,0.057,0.3,19.35,0.0266666666666667,0.0223333333333333,NA,8.52,233,16.8,123.833333333333,0.024,0.2,5.2,0.04,0.0423333333333333,NA,8.44333333333333,265.666666666667,15.8666666666667,145.466666666667,0.0133333333333333,0.2,2.59333333333333,0.0166666666666667,0.046,NA,8.655,304.5,11.25,161.75,0.019,0.2,3.385
"155",2009,"Clark Fork River above Flathead",Aug 2009,7.6,23.047619047619,2009-08-13,8,1,0.01855,0.03178,0.00939,8.07,146.4,19.2,77.9,0.02404,NA,11.4,0.00925,0.00583,0.00388,8.29,195.6,22.1,103.933333333333,0.0106866666666667,0.136,2.61666666666667,0.005888,0.0074625,0.0034775,8.67666666666667,236,20.4333333333333,125.333333333333,0.0096475,0.13825,1.3,0.0119625,0.006725,0.00315,8.5,249.333333333333,20.1666666666667,132.6,0.00832666666666667,0.157,1.36
"156",2009,"Clark Fork River above Flathead",Sep 2009,19.1,51.6190476190476,2009-09-08,9,1,0.01855,0.03178,0.00939,8.07,146.4,19.2,77.9,0.02404,NA,11.4,0.00925,0.00583,0.00388,8.29,195.6,22.1,103.933333333333,0.0106866666666667,0.136,2.61666666666667,0.005888,0.0074625,0.0034775,8.67666666666667,236,20.4333333333333,125.333333333333,0.0096475,0.13825,1.3,0.0119625,0.006725,0.00315,8.5,249.333333333333,20.1666666666667,132.6,0.00832666666666667,0.157,1.36
"157",2009,"Clark Fork River above Little Blackfoot",Sep 2009,60.65,126.285714285714,2009-09-07,9,1,0.01654,0.05383,0.03901,8.36,282,15.9,149.9,0.08633,NA,11.5,0.0053,0.0111025,0.021296,8.38,340.666666666667,17.6333333333333,181.233333333333,0.0474125,0.32525,6.36,0.00757333333333333,0.0143066666666667,0.01594,8.60333333333333,429.333333333333,19.3666666666667,228,0.0357366666666667,0.262,2.81,0.00843,0.00605,0.00894666666666667,8.35,446.666666666667,17.7333333333333,237.333333333333,0.0208066666666667,0.233666666666667,2.32666666666667
"158",2009,"Clark Fork River above Little Blackfoot",Aug 2009,95.22,102.204761904762,2009-08-07,8,1,0.01654,0.05383,0.03901,8.36,282,15.9,149.9,0.08633,NA,11.5,0.0053,0.0111025,0.021296,8.38,340.666666666667,17.6333333333333,181.233333333333,0.0474125,0.32525,6.36,0.00757333333333333,0.0143066666666667,0.01594,8.60333333333333,429.333333333333,19.3666666666667,228,0.0357366666666667,0.262,2.81,0.00843,0.00605,0.00894666666666667,8.35,446.666666666667,17.7333333333333,237.333333333333,0.0208066666666667,0.233666666666667,2.32666666666667
"159",2009,"Clark Fork River above Missoula",Aug 2009,33.7,116.952380952381,2009-08-11,8,1,0.0106133333333333,0.00790666666666667,0.015355,7.93,205,14.1,109,0.037065,NA,10.9,0.01079,0.00394333333333333,0.0100466666666667,7.8,244.666666666667,16.2333333333333,130.033333333333,0.0230233333333333,0.199333333333333,5.02333333333333,0.0074225,0.00652,0.00538,7.99333333333333,286.333333333333,18.0666666666667,152.233333333333,0.01646,0.161,2.47,0.010395,0.003896,0.003465,7.85333333333333,301.666666666667,15.6666666666667,160.066666666667,0.0106633333333333,0.161666666666667,1.79333333333333
"160",2009,"Clark Fork River above Missoula",Sep 2009,41.7142857142857,148.045454545455,2009-09-06,9,1,0.0106133333333333,0.00790666666666667,0.015355,7.93,205,14.1,109,0.037065,NA,10.9,0.01079,0.00394333333333333,0.0100466666666667,7.8,244.666666666667,16.2333333333333,130.033333333333,0.0230233333333333,0.199333333333333,5.02333333333333,0.0074225,0.00652,0.00538,7.99333333333333,286.333333333333,18.0666666666667,152.233333333333,0.01646,0.161,2.47,0.010395,0.003896,0.003465,7.85333333333333,301.666666666667,15.6666666666667,160.066666666667,0.0106633333333333,0.161666666666667,1.79333333333333
"161",2009,"Clark Fork River at Bonita",Aug 2009,111.7,144.857142857143,2009-08-07,8,1,0.00785,0.02801,0.0319,8.35,305,15.9,162.2,0.08696,NA,14.9,0.00945666666666667,0.0032925,0.02013,8.17666666666667,367.666666666667,18.1333333333333,195.266666666667,0.0530075,0.27525,8.69333333333333,0.00759,0.00903,0.0112133333333333,8.46,430.333333333333,18.9,228.666666666667,0.0363966666666667,0.261,5.64333333333333,0.0110633333333333,0.00798333333333333,0.0101066666666667,8.37333333333333,472.666666666667,16.7666666666667,251,0.02404,0.246,3.64
"162",2009,"Clark Fork River at Bonita",Sep 2009,56.35,225.619047619048,2009-09-07,9,1,0.00785,0.02801,0.0319,8.35,305,15.9,162.2,0.08696,NA,14.9,0.00945666666666667,0.0032925,0.02013,8.17666666666667,367.666666666667,18.1333333333333,195.266666666667,0.0530075,0.27525,8.69333333333333,0.00759,0.00903,0.0112133333333333,8.46,430.333333333333,18.9,228.666666666667,0.0363966666666667,0.261,5.64333333333333,0.0110633333333333,0.00798333333333333,0.0101066666666667,8.37333333333333,472.666666666667,16.7666666666667,251,0.02404,0.246,3.64
"163",2009,"Clark Fork River at Deer Lodge",Aug 2009,51.1,181.047619047619,2009-08-07,8,1,0.01275,0.05018,0.02983,8.27,253,16.5,134.6,0.0776,NA,9.23,0.008546,0.051734,0.016148,8.44666666666667,313,18.0666666666667,148.166666666667,0.0448375,0.31725,5.7,0.00959,0.0688733333333333,0.01137,8.76666666666667,409,19.5,217,0.0292233333333333,0.335,3.54666666666667,0.0118866666666667,0.0579166666666667,0.00663,8.50333333333333,434.666666666667,17.6666666666667,231,0.01827,0.289666666666667,2.24
"164",2009,"Clark Fork River at Deer Lodge",Sep 2009,91.8,502.904761904762,2009-09-07,9,1,0.01275,0.05018,0.02983,8.27,253,16.5,134.6,0.0776,NA,9.23,0.008546,0.051734,0.016148,8.44666666666667,313,18.0666666666667,148.166666666667,0.0448375,0.31725,5.7,0.00959,0.0688733333333333,0.01137,8.76666666666667,409,19.5,217,0.0292233333333333,0.335,3.54666666666667,0.0118866666666667,0.0579166666666667,0.00663,8.50333333333333,434.666666666667,17.6666666666667,231,0.01827,0.289666666666667,2.24
"165",2009,"Clark Fork River at Huson",Sep 2009,14.5789473684211,51.3333333333333,2009-09-07,9,1,NA,0.02683,0.01049,8.04,154.1,18.1,81.7,0.02625,NA,6.99,0.00739,0.0202,0.00608333333333333,8.27666666666667,202.566666666667,19.7666666666667,107.666666666667,0.01965,0.192,3.64,0.0109266666666667,0.0486133333333333,0.00517,8.47333333333333,257,19.3666666666667,136.633333333333,0.0167533333333333,0.263666666666667,3.11666666666667,0.01073,0.015222,0.00297,8.39333333333333,266.333333333333,18.9,141.566666666667,0.0130675,0.2265,2.29666666666667
"166",2009,"Clark Fork River at Huson",Aug 2009,9.6,39.1904761904762,2009-08-08,8,1,NA,0.02683,0.01049,8.04,154.1,18.1,81.7,0.02625,NA,6.99,0.00739,0.0202,0.00608333333333333,8.27666666666667,202.566666666667,19.7666666666667,107.666666666667,0.01965,0.192,3.64,0.0109266666666667,0.0486133333333333,0.00517,8.47333333333333,257,19.3666666666667,136.633333333333,0.0167533333333333,0.263666666666667,3.11666666666667,0.01073,0.015222,0.00297,8.39333333333333,266.333333333333,18.9,141.566666666667,0.0130675,0.2265,2.29666666666667
"169",2009,"Clark Fork River below Missoula",Aug 2009,10.75,38,2009-08-09,8,1,0.00389,0.01797,0.01273,8.2,201,16,107,0.03181,NA,7.51,0.00586666666666667,0.0208166666666667,0.00956,8.22333333333333,242.333333333333,16.1666666666667,128.666666666667,0.0190466666666667,0.192666666666667,4.24666666666667,0.00828,0.04478,0.00531,8.38666666666667,277.333333333333,17.2,146.966666666667,0.0198333333333333,0.228333333333333,3.52,0.014858,0.041462,0.012128,8.30666666666667,307,15.6,162.766666666667,0.027225,0.24775,2.13333333333333
"170",2009,"Clark Fork River below Missoula",Sep 2009,40.7,360.761904761905,2009-09-08,9,1,0.00389,0.01797,0.01273,8.2,201,16,107,0.03181,NA,7.51,0.00586666666666667,0.0208166666666667,0.00956,8.22333333333333,242.333333333333,16.1666666666667,128.666666666667,0.0190466666666667,0.192666666666667,4.24666666666667,0.00828,0.04478,0.00531,8.38666666666667,277.333333333333,17.2,146.966666666667,0.0198333333333333,0.228333333333333,3.52,0.014858,0.041462,0.012128,8.30666666666667,307,15.6,162.766666666667,0.027225,0.24775,2.13333333333333
"173",2010,"Clark Fork River above Flathead",Aug 2010,15.6666666666667,38.3636363636364,2010-08-09,8,1,0.0584,0.0425,0.0127,7.83,143.3,18.9,76.1,0.0371,0.241,12.9,0.00903333333333333,0.00776666666666667,0.00476666666666667,8.22,193.233333333333,21.0333333333333,102.566666666667,0.0109333333333333,0.206,1.92,0.00615,0.008,0.00355,8.41333333333333,235.666666666667,22.9,125.533333333333,0.010675,0.1665,1.39,0.0094,0.00916666666666667,0.0032,8.54,243.333333333333,16.3,129.333333333333,0.0098,0.157666666666667,1.73666666666667
"174",2010,"Clark Fork River above Flathead",Sep 2010,24,36.9095238095238,2010-09-09,9,1,0.0584,0.0425,0.0127,7.83,143.3,18.9,76.1,0.0371,0.241,12.9,0.00903333333333333,0.00776666666666667,0.00476666666666667,8.22,193.233333333333,21.0333333333333,102.566666666667,0.0109333333333333,0.206,1.92,0.00615,0.008,0.00355,8.41333333333333,235.666666666667,22.9,125.533333333333,0.010675,0.1665,1.39,0.0094,0.00916666666666667,0.0032,8.54,243.333333333333,16.3,129.333333333333,0.0098,0.157666666666667,1.73666666666667
"175",2010,"Clark Fork River above Little Blackfoot",Sep 2010,59.95,119.466666666667,2010-09-09,9,1,0.0254,0.1191,0.0479,7.93,298,15.9,154.8,0.1165,0.497,19.8,0.01275,0.017975,0.0259,8.08,326.333333333333,19.2666666666667,175.266666666667,0.053775,0.306,4.55666666666667,0.0088,0.0146,0.0376333333333333,8.26666666666667,401,20.1333333333333,213,0.0885333333333333,0.363333333333333,22.74,0.0103,0.0335666666666667,0.0181333333333333,8.44333333333333,426.333333333333,14.5333333333333,226.333333333333,0.0376333333333333,0.281,3.78666666666667
"176",2010,"Clark Fork River above Little Blackfoot",Aug 2010,67.8095238095238,64.1478260869565,2010-08-06,8,1,0.0254,0.1191,0.0479,7.93,298,15.9,154.8,0.1165,0.497,19.8,0.01275,0.017975,0.0259,8.08,326.333333333333,19.2666666666667,175.266666666667,0.053775,0.306,4.55666666666667,0.0088,0.0146,0.0376333333333333,8.26666666666667,401,20.1333333333333,213,0.0885333333333333,0.363333333333333,22.74,0.0103,0.0335666666666667,0.0181333333333333,8.44333333333333,426.333333333333,14.5333333333333,226.333333333333,0.0376333333333333,0.281,3.78666666666667
"177",2010,"Clark Fork River above Missoula",Sep 2010,30.7272727272727,71.9826086956522,2010-09-09,9,1,0.02385,0.0315,0.0182,7.14,199.2,14.9,105.7,0.06185,0.299,17.9,0.00935,0.0049,0.01,7.52,247,17.4,131.4,0.0194666666666667,0.164,2.81666666666667,0.00993333333333333,0.00353333333333333,0.00656666666666667,7.66,283,18.8333333333333,150.5,0.0176,0.189,2.24666666666667,0.00605,0.00246666666666667,0.00383333333333333,7.72333333333333,304,13.2666666666667,162.333333333333,0.0121,0.161666666666667,2.28
"178",2010,"Clark Fork River above Missoula",Aug 2010,50.2857142857143,120.95,2010-08-08,8,1,0.02385,0.0315,0.0182,7.14,199.2,14.9,105.7,0.06185,0.299,17.9,0.00935,0.0049,0.01,7.52,247,17.4,131.4,0.0194666666666667,0.164,2.81666666666667,0.00993333333333333,0.00353333333333333,0.00656666666666667,7.66,283,18.8333333333333,150.5,0.0176,0.189,2.24666666666667,0.00605,0.00246666666666667,0.00383333333333333,7.72333333333333,304,13.2666666666667,162.333333333333,0.0121,0.161666666666667,2.28
"179",2010,"Clark Fork River at Bonita",Sep 2010,82.45,138.357142857143,2010-09-09,9,1,0.0202,0.0623,0.0348,7.76,278,15.9,148,0.1121,0.424,29.9,0.0096,0.007575,0.0222,7.88,363,18.4666666666667,192.8,0.0465,0.24125,4.80666666666667,0.00765,0.00396666666666667,0.0206,8.07333333333333,436,19.7333333333333,231.333333333333,0.0363,0.217666666666667,2.79,0.006,0.0029,0.0118,8.20666666666667,455.666666666667,14.3,245,0.0292,0.234,3.66666666666667
"180",2010,"Clark Fork River at Bonita",Aug 2010,68.6842105263158,61.9894736842105,2010-08-06,8,1,0.0202,0.0623,0.0348,7.76,278,15.9,148,0.1121,0.424,29.9,0.0096,0.007575,0.0222,7.88,363,18.4666666666667,192.8,0.0465,0.24125,4.80666666666667,0.00765,0.00396666666666667,0.0206,8.07333333333333,436,19.7333333333333,231.333333333333,0.0363,0.217666666666667,2.79,0.006,0.0029,0.0118,8.20666666666667,455.666666666667,14.3,245,0.0292,0.234,3.66666666666667
"181",2010,"Clark Fork River at Deer Lodge",Aug 2010,39.375,54.8684210526316,2010-08-06,8,1,0.0251,0.1294,0.0392,8.09,285,16.4,151.6,0.1128,0.479,13.9,0.0115,0.034175,0.021925,8.30333333333333,288.333333333333,18.6666666666667,153.4,0.0449,0.2805,4.53333333333333,0.0071,0.0473,0.0333666666666667,8.40333333333333,385.666666666667,19.9,204.7,0.0787333333333333,0.319333333333333,7.04666666666667,0.00846666666666667,0.0700333333333333,0.0204666666666667,8.51333333333333,415,14.9,220.666666666667,0.0379,0.323,4.18
"182",2010,"Clark Fork River at Deer Lodge",Sep 2010,46,155.67,2010-09-09,9,1,0.0251,0.1294,0.0392,8.09,285,16.4,151.6,0.1128,0.479,13.9,0.0115,0.034175,0.021925,8.30333333333333,288.333333333333,18.6666666666667,153.4,0.0449,0.2805,4.53333333333333,0.0071,0.0473,0.0333666666666667,8.40333333333333,385.666666666667,19.9,204.7,0.0787333333333333,0.319333333333333,7.04666666666667,0.00846666666666667,0.0700333333333333,0.0204666666666667,8.51333333333333,415,14.9,220.666666666667,0.0379,0.323,4.18
"183",2010,"Clark Fork River at Huson",Aug 2010,20.4285714285714,63.7454545454545,2010-08-06,8,1,0.0092,0.0352,0.0149,7.47,153.4,18.9,81.4,0.0386,0.245,12.2,0.0102666666666667,0.00526666666666667,0.00516666666666667,8.02666666666667,206.966666666667,20.4666666666667,109.933333333333,0.0157333333333333,0.171,2.34,0.00993333333333333,0.0439666666666667,0.00426666666666667,8.18,263,21.7333333333333,139.8,0.0204666666666667,0.245333333333333,3.52666666666667,NA,0.02725,0.003025,8.38,268,14.6333333333333,143.033333333333,0.014425,0.22025,3.75333333333333
"184",2010,"Clark Fork River at Huson",Sep 2010,24.15,93.3285714285714,2010-09-08,9,1,0.0092,0.0352,0.0149,7.47,153.4,18.9,81.4,0.0386,0.245,12.2,0.0102666666666667,0.00526666666666667,0.00516666666666667,8.02666666666667,206.966666666667,20.4666666666667,109.933333333333,0.0157333333333333,0.171,2.34,0.00993333333333333,0.0439666666666667,0.00426666666666667,8.18,263,21.7333333333333,139.8,0.0204666666666667,0.245333333333333,3.52666666666667,NA,0.02725,0.003025,8.38,268,14.6333333333333,143.033333333333,0.014425,0.22025,3.75333333333333
"187",2010,"Clark Fork River below Missoula",Aug 2010,20.5263157894737,66.4047619047619,2010-08-06,8,1,0.0159,0.0416,0.017,7.59,193,16.5,102.5,0.0552,0.288,17.4,0.00856666666666667,0.0231,0.00893333333333333,7.79333333333333,235.333333333333,17.8333333333333,125.2,0.0195666666666667,0.187,3.44333333333333,0.00993333333333333,0.0464666666666667,0.00623333333333333,7.99333333333333,277,18.4333333333333,147.266666666667,0.0196666666666667,0.233,2.81,0.031925,0.05925,0.00685,8.23666666666667,303.666666666667,13.0666666666667,161.333333333333,0.01965,0.26475,3.98666666666667
"188",2010,"Clark Fork River below Missoula",Sep 2010,31.95,138.828571428571,2010-09-09,9,1,0.0159,0.0416,0.017,7.59,193,16.5,102.5,0.0552,0.288,17.4,0.00856666666666667,0.0231,0.00893333333333333,7.79333333333333,235.333333333333,17.8333333333333,125.2,0.0195666666666667,0.187,3.44333333333333,0.00993333333333333,0.0464666666666667,0.00623333333333333,7.99333333333333,277,18.4333333333333,147.266666666667,0.0196666666666667,0.233,2.81,0.031925,0.05925,0.00685,8.23666666666667,303.666666666667,13.0666666666667,161.333333333333,0.01965,0.26475,3.98666666666667
"191",2011,"Clark Fork River above Flathead",Sep 2011,6.66666666666667,14.952380952381,2011-09-11,9,1,0.0146,0.03015,0.0126,7.97,159.45,13.35,103.4,0.074,NA,45,0.00983333333333333,0.0215666666666667,0.0076,8.20666666666667,144.8,16.6,94.0666666666667,0.0228,0.144,9.15333333333333,0.0099,0.00525,0.004525,8.46333333333333,196.366666666667,18.5666666666667,127.633333333333,0.0153,0.118615,1.12666666666667,0.00635,0.02435,0.0045,8.505,223.5,14.95,145.25,0.00805,0.149,1.29
"192",2011,"Clark Fork River above Flathead",Aug 2011,6.94444444444444,10,2011-08-10,8,1,0.0146,0.03015,0.0126,7.97,159.45,13.35,103.4,0.074,NA,45,0.00983333333333333,0.0215666666666667,0.0076,8.20666666666667,144.8,16.6,94.0666666666667,0.0228,0.144,9.15333333333333,0.0099,0.00525,0.004525,8.46333333333333,196.366666666667,18.5666666666667,127.633333333333,0.0153,0.118615,1.12666666666667,0.00635,0.02435,0.0045,8.505,223.5,14.95,145.25,0.00805,0.149,1.29
"193",2011,"Clark Fork River above Little Blackfoot",Aug 2011,13,50.6666666666667,2011-08-09,8,1,0.0152,0.0329,0.0344333333333333,8.15,254.8,14.6,165.4,0.0865,0.337,13.75,0.0126333333333333,0.0384666666666667,0.0275,8.25,263.533333333333,15.5,171.366666666667,0.0758333333333333,0.296,12.1433333333333,0.0143,0.0658,0.0315,8.44666666666667,332.566666666667,16.9,216.233333333333,0.0515666666666667,0.305,3.38666666666667,0.0127,0.0564,0.01565,8.565,383.05,11.8,248.95,0.0323,0.3045,2.82
"194",2011,"Clark Fork River above Little Blackfoot",Sep 2011,16.6666666666667,65.2666666666667,2011-09-10,9,1,0.0152,0.0329,0.0344333333333333,8.15,254.8,14.6,165.4,0.0865,0.337,13.75,0.0126333333333333,0.0384666666666667,0.0275,8.25,263.533333333333,15.5,171.366666666667,0.0758333333333333,0.296,12.1433333333333,0.0143,0.0658,0.0315,8.44666666666667,332.566666666667,16.9,216.233333333333,0.0515666666666667,0.305,3.38666666666667,0.0127,0.0564,0.01565,8.565,383.05,11.8,248.95,0.0323,0.3045,2.82
"195",2011,"Clark Fork River above Missoula",Aug 2011,9.78571428571429,24.0769230769231,2011-08-12,8,1,0.0324,0.0269,0.0173,7.935,164.5,12.85,106.95,0.0852333333333333,NA,36.25,0.01175,0.0113333333333333,0.0117,8.25666666666667,205.866666666667,15.5,134.3,0.0335,0.185,7.88666666666667,0.00953333333333333,0.00464,0.0109666666666667,8.38333333333333,240.733333333333,15.4,156.433333333333,0.0181,0.130333333333333,2.15666666666667,0.0088,0.0029,0.0068,8.36,277,12.1,180,0.0135,0.146,2.06
"196",2011,"Clark Fork River above Missoula",Sep 2011,25.3333333333333,51.4761904761905,2011-09-11,9,1,0.0324,0.0269,0.0173,7.935,164.5,12.85,106.95,0.0852333333333333,NA,36.25,0.01175,0.0113333333333333,0.0117,8.25666666666667,205.866666666667,15.5,134.3,0.0335,0.185,7.88666666666667,0.00953333333333333,0.00464,0.0109666666666667,8.38333333333333,240.733333333333,15.4,156.433333333333,0.0181,0.130333333333333,2.15666666666667,0.0088,0.0029,0.0068,8.36,277,12.1,180,0.0135,0.146,2.06
"197",2011,"Clark Fork River at Bonita",Sep 2011,17.2,69.5555555555556,2011-09-10,9,1,0.0206333333333333,0.0193,0.0342,8.105,256.65,15.4,166.7,0.0974333333333333,NA,27.3,0.0103333333333333,0.0178666666666667,0.0250666666666667,8.26,299.7,16.7,194.766666666667,0.0685333333333333,0.279333333333333,12.3466666666667,0.0081,0.00523333333333333,0.0233,8.35666666666667,373.133333333333,17.1,242.666666666667,0.0396,0.182333333333333,2.81666666666667,0.0062,0.00355,0.0194,8.43,426.6,13.05,277.25,0.04135,0.2355,3.77
"198",2011,"Clark Fork River at Bonita",Aug 2011,16.4444444444444,34.875,2011-08-09,8,1,0.0206333333333333,0.0193,0.0342,8.105,256.65,15.4,166.7,0.0974333333333333,NA,27.3,0.0103333333333333,0.0178666666666667,0.0250666666666667,8.26,299.7,16.7,194.766666666667,0.0685333333333333,0.279333333333333,12.3466666666667,0.0081,0.00523333333333333,0.0233,8.35666666666667,373.133333333333,17.1,242.666666666667,0.0396,0.182333333333333,2.81666666666667,0.0062,0.00355,0.0194,8.43,426.6,13.05,277.25,0.04135,0.2355,3.77
"199",2011,"Clark Fork River at Deer Lodge",Aug 2011,16.2380952380952,66.1904761904762,2011-08-09,8,1,0.0191,0.02425,0.03405,8.365,248.3,15.05,161.15,0.08815,NA,10.31,0.01145,0.046025,0.0237,8.20333333333333,244.833333333333,15.2333333333333,159.266666666667,0.063,0.28375,10.93,0.0184333333333333,0.0894666666666667,0.0292333333333333,8.34666666666667,317.4,16.2666666666667,206.466666666667,0.0503,0.304,4.45666666666667,0.0075,0.11425,0.0136,8.445,375.15,11.65,244.05,0.02905,0.3315,2.475
"200",2011,"Clark Fork River at Deer Lodge",Sep 2011,11.1111111111111,44.7647058823529,2011-09-10,9,1,0.0191,0.02425,0.03405,8.365,248.3,15.05,161.15,0.08815,NA,10.31,0.01145,0.046025,0.0237,8.20333333333333,244.833333333333,15.2333333333333,159.266666666667,0.063,0.28375,10.93,0.0184333333333333,0.0894666666666667,0.0292333333333333,8.34666666666667,317.4,16.2666666666667,206.466666666667,0.0503,0.304,4.45666666666667,0.0075,0.11425,0.0136,8.445,375.15,11.65,244.05,0.02905,0.3315,2.475
"201",2011,"Clark Fork River at Huson",Sep 2011,10.6666666666667,60,2011-09-11,9,1,0.0177,0.0191,0.01395,7.815,152.3,13.3,98.75,0.0731,NA,37,0.00885,0.0232666666666667,0.00973333333333333,8.07,148.633333333333,15.9333333333333,96.6333333333333,0.0293,0.171333333333333,7.53333333333333,0.012725,0.046575,0.007075,8.32333333333333,219.266666666667,17.8666666666667,142.566666666667,0.021825,0.203595,2.17,0.01105,0.036,0.00495,8.4,241.1,14.05,156.65,0.01425,0.215,1.85
"202",2011,"Clark Fork River at Huson",Aug 2011,6.8,16.8095238095238,2011-08-13,8,1,0.0177,0.0191,0.01395,7.815,152.3,13.3,98.75,0.0731,NA,37,0.00885,0.0232666666666667,0.00973333333333333,8.07,148.633333333333,15.9333333333333,96.6333333333333,0.0293,0.171333333333333,7.53333333333333,0.012725,0.046575,0.007075,8.32333333333333,219.266666666667,17.8666666666667,142.566666666667,0.021825,0.203595,2.17,0.01105,0.036,0.00495,8.4,241.1,14.05,156.65,0.01425,0.215,1.85
"205",2011,"Clark Fork River below Missoula",Sep 2011,8.42857142857143,39.3333333333333,2011-09-13,9,1,0.0158,0.0262,0.01625,8.04,136.6,12.6,88.75,0.10225,NA,44.2,0.0116666666666667,0.0224666666666667,0.0122666666666667,8.3,203.3,14.5,132.2,0.0335666666666667,0.185666666666667,7.76666666666667,0.0245666666666667,0.0307666666666667,0.0104666666666667,8.39666666666667,239.266666666667,16.1,155.533333333333,0.0209333333333333,0.171666666666667,2.1,0.0072,0.0496,0.0066,8.395,276.55,12.35,179.7,0.0130333333333333,0.201666666666667,2.08
"206",2011,"Clark Fork River below Missoula",Aug 2011,13.0952380952381,44.2857142857143,2011-08-10,8,1,0.0158,0.0262,0.01625,8.04,136.6,12.6,88.75,0.10225,NA,44.2,0.0116666666666667,0.0224666666666667,0.0122666666666667,8.3,203.3,14.5,132.2,0.0335666666666667,0.185666666666667,7.76666666666667,0.0245666666666667,0.0307666666666667,0.0104666666666667,8.39666666666667,239.266666666667,16.1,155.533333333333,0.0209333333333333,0.171666666666667,2.1,0.0072,0.0496,0.0066,8.395,276.55,12.35,179.7,0.0130333333333333,0.201666666666667,2.08
"209",2012,"Clark Fork River above Flathead",Aug 2012,16.14,16.1111111111111,2012-08-12,8,1,0.007025,0.013875,0.007045,8.28,110.95,14.35,72.15,0.01625,0.178625,5.595,0.0119466666666667,0.00934333333333333,0.00324,8.32666666666667,174.533333333333,19.8333333333333,113.533333333333,0.00947,0.169793333333333,1.65666666666667,0.00766333333333333,0.010085,0.00416666666666667,8.48666666666667,207.666666666667,19.0666666666667,134.966666666667,0.0082,0.165765,0.823333333333333,0.00607,0.010585,0.00175,8.55,211,15.25,137.5,0.00778,0.196455,1.235
"210",2012,"Clark Fork River above Flathead",Sep 2012,10.6,19.4615384615385,2012-09-05,9,1,0.007025,0.013875,0.007045,8.28,110.95,14.35,72.15,0.01625,0.178625,5.595,0.0119466666666667,0.00934333333333333,0.00324,8.32666666666667,174.533333333333,19.8333333333333,113.533333333333,0.00947,0.169793333333333,1.65666666666667,0.00766333333333333,0.010085,0.00416666666666667,8.48666666666667,207.666666666667,19.0666666666667,134.966666666667,0.0082,0.165765,0.823333333333333,0.00607,0.010585,0.00175,8.55,211,15.25,137.5,0.00778,0.196455,1.235
"211",2012,"Clark Fork River above Little Blackfoot",Sep 2012,57.0952380952381,147.761904761905,2012-09-04,9,1,0.01024,0.02527,0.024455,8.435,281.7,14.25,182.95,0.046315,0.33082,5.73,0.0088675,0.00178,0.0193825,8.38333333333333,408.866666666667,19.0666666666667,265.866666666667,0.0480775,0.29065,2.1,0.0094,NA,0.0100666666666667,8.42,410.733333333333,16.6,266.966666666667,0.02873,0.290226666666667,2.07333333333333,NA,NA,0.0035,8.465,438.15,11.75,284.7,0.02242,0.27037,2.275
"212",2012,"Clark Fork River above Little Blackfoot",Jul 2012,72.6190476190476,85.1904761904762,2012-07-21,7,1,0.01024,0.02527,0.024455,8.435,281.7,14.25,182.95,0.046315,0.33082,5.73,0.0088675,0.00178,0.0193825,8.38333333333333,408.866666666667,19.0666666666667,265.866666666667,0.0480775,0.29065,2.1,0.0094,NA,0.0100666666666667,8.42,410.733333333333,16.6,266.966666666667,0.02873,0.290226666666667,2.07333333333333,NA,NA,0.0035,8.465,438.15,11.75,284.7,0.02242,0.27037,2.275
"213",2012,"Clark Fork River above Missoula",Sep 2012,27.4285714285714,63.2857142857143,2012-09-05,9,1,0.0129066666666667,0.00585333333333333,0.00953666666666667,8.16,162.1,12.3,105.3,0.0239833333333333,0.204683333333333,5.48,0.01216,0.00271,0.00347,8.17666666666667,231.4,17.2333333333333,150.566666666667,0.0110366666666667,0.149486666666667,1.49,0.00913333333333333,0.00361,0.00375666666666667,8.35,255.166666666667,16.7,165.966666666667,0.01274,0.165076666666667,1.69666666666667,0.00703,0.0022,0.00172,8.345,280.9,11.75,182.65,0.0089,0.159635,1.415
"214",2012,"Clark Fork River above Missoula",Aug 2012,38.75,83.65,2012-08-13,8,1,0.0129066666666667,0.00585333333333333,0.00953666666666667,8.16,162.1,12.3,105.3,0.0239833333333333,0.204683333333333,5.48,0.01216,0.00271,0.00347,8.17666666666667,231.4,17.2333333333333,150.566666666667,0.0110366666666667,0.149486666666667,1.49,0.00913333333333333,0.00361,0.00375666666666667,8.35,255.166666666667,16.7,165.966666666667,0.01274,0.165076666666667,1.69666666666667,0.00703,0.0022,0.00172,8.345,280.9,11.75,182.65,0.0089,0.159635,1.415
"215",2012,"Clark Fork River at Bonita",Jul 2012,122.761904761905,216.142857142857,2012-07-24,7,1,0.01002,0.00302666666666667,0.02354,8.37,314.45,14.5,204.45,0.0416233333333333,0.27776,5.56,0.00777666666666667,0.00277,0.00377333333333333,8.42,408.6,19.2666666666667,265.666666666667,0.0130366666666667,0.253406666666667,1.72,0.00976,0.00953,0.00586666666666667,8.20666666666667,455.2,17.5,295.966666666667,0.0228266666666667,0.31255,3.65,NA,0.00199,0.00247,8.335,473.75,12.95,308.1,0.011925,0.188365,1.49
"216",2012,"Clark Fork River at Bonita",Sep 2012,71.2857142857143,167.85,2012-09-04,9,1,0.01002,0.00302666666666667,0.02354,8.37,314.45,14.5,204.45,0.0416233333333333,0.27776,5.56,0.00777666666666667,0.00277,0.00377333333333333,8.42,408.6,19.2666666666667,265.666666666667,0.0130366666666667,0.253406666666667,1.72,0.00976,0.00953,0.00586666666666667,8.20666666666667,455.2,17.5,295.966666666667,0.0228266666666667,0.31255,3.65,NA,0.00199,0.00247,8.335,473.75,12.95,308.1,0.011925,0.188365,1.49
"217",2012,"Clark Fork River at Deer Lodge",Sep 2012,58.3333333333333,180.714285714286,2012-09-04,9,1,0.02219,0.028775,0.01512,8.48,243.45,14.1,158.25,0.03519,0.27736,4.54,0.0106875,0.064445,0.012605,8.38666666666667,350.733333333333,18.9666666666667,227.9,0.0418775,0.336625,3.04333333333333,0.00771333333333333,0.0919333333333333,0.00867666666666667,8.36,405.233333333333,16.5,263.466666666667,0.0225066666666667,0.408813333333333,1.88666666666667,0.00847,0.1038,0.003035,8.51,412.25,12.35,268.1,0.017345,0.355545,2.33
"218",2012,"Clark Fork River at Deer Lodge",Jul 2012,50.0476190476191,110.095238095238,2012-07-24,7,1,0.02219,0.028775,0.01512,8.48,243.45,14.1,158.25,0.03519,0.27736,4.54,0.0106875,0.064445,0.012605,8.38666666666667,350.733333333333,18.9666666666667,227.9,0.0418775,0.336625,3.04333333333333,0.00771333333333333,0.0919333333333333,0.00867666666666667,8.36,405.233333333333,16.5,263.466666666667,0.0225066666666667,0.408813333333333,1.88666666666667,0.00847,0.1038,0.003035,8.51,412.25,12.35,268.1,0.017345,0.355545,2.33
"219",2012,"Clark Fork River at Huson",Aug 2012,5.33333333333333,25.3333333333333,2012-08-13,8,1,0.009215,0.018475,0.007645,8.04,119.65,14.4,78,0.02185,0.207845,4.585,0.0117633333333333,0.02371,0.00352333333333333,8.24333333333333,185.866666666667,19.6666666666667,120.9,0.01978,0.21359,1.90666666666667,0.00947,0.033655,0.0032625,8.37666666666667,229.366666666667,18,149.066666666667,0.0153475,0.2229975,2.16333333333333,NA,0.04407,0.00169,8.42,230.1,14.7,149.55,0.014515,0.21797,2.235
"220",2012,"Clark Fork River at Huson",Sep 2012,9.38095238095238,47.3333333333333,2012-09-05,9,1,0.009215,0.018475,0.007645,8.04,119.65,14.4,78,0.02185,0.207845,4.585,0.0117633333333333,0.02371,0.00352333333333333,8.24333333333333,185.866666666667,19.6666666666667,120.9,0.01978,0.21359,1.90666666666667,0.00947,0.033655,0.0032625,8.37666666666667,229.366666666667,18,149.066666666667,0.0153475,0.2229975,2.16333333333333,NA,0.04407,0.00169,8.42,230.1,14.7,149.55,0.014515,0.21797,2.235
"221",2012,"Clark Fork River below Missoula",Aug 2012,12.047619047619,32.7619047619048,2012-08-12,8,1,0.006495,0.017485,0.00866,8.225,163,12.7,106,0.021235,0.18628,4.82,0.02108,0.0209433333333333,0.00678,8.26333333333333,231.133333333333,17.9666666666667,150.133333333333,0.01764,0.246236666666667,1.84,0.01026,0.0359166666666667,0.005,8.25,246.5,16.1333333333333,160.1,0.01575,0.21563,2.57666666666667,0.006965,0.0415566666666667,0.00203333333333333,8.29,255.05,12.45,165.75,0.0122366666666667,0.19846,1.825
"222",2012,"Clark Fork River below Missoula",Sep 2012,27.8095238095238,161.380952380952,2012-09-06,9,1,0.006495,0.017485,0.00866,8.225,163,12.7,106,0.021235,0.18628,4.82,0.02108,0.0209433333333333,0.00678,8.26333333333333,231.133333333333,17.9666666666667,150.133333333333,0.01764,0.246236666666667,1.84,0.01026,0.0359166666666667,0.005,8.25,246.5,16.1333333333333,160.1,0.01575,0.21563,2.57666666666667,0.006965,0.0415566666666667,0.00203333333333333,8.29,255.05,12.45,165.75,0.0122366666666667,0.19846,1.825
"224",2013,"Clark Fork River above Flathead",Jul 2013,8.82352941176471,21.3571428571429,2013-07-26,7,1,NA,NA,NA,NA,NA,NA,NA,NA,NA,NA,NA,0.0116066666666667,0.00388333333333333,8.45333333333333,211.666666666667,20.8,137.566666666667,0.00886666666666667,0.154586666666667,1.08333333333333,0.00873,0.010405,0.00353,8.445,227,19.5,147.55,0.00904,0.15132,1.015,0.01123,0.00893,0.00273,8.43,248.7,16.3,161.8,0.01248,0.1524,1.48
"225",2013,"Clark Fork River above Flathead",Aug 2013,7.25,15.5714285714286,2013-08-28,8,1,NA,NA,NA,NA,NA,NA,NA,NA,NA,NA,NA,0.0116066666666667,0.00388333333333333,8.45333333333333,211.666666666667,20.8,137.566666666667,0.00886666666666667,0.154586666666667,1.08333333333333,0.00873,0.010405,0.00353,8.445,227,19.5,147.55,0.00904,0.15132,1.015,0.01123,0.00893,0.00273,8.43,248.7,16.3,161.8,0.01248,0.1524,1.48
"226",2013,"Clark Fork River above Little Blackfoot",Jun 2013,61.9565217391304,63.1363636363636,2013-06-28,6,1,NA,NA,NA,NA,NA,NA,NA,NA,NA,NA,0.01894,0.001505,0.018715,8.47,453.95,18.65,295.1,0.0314,0.281795,1.31,0.00752666666666667,0.00137333333333333,0.0163366666666667,8.385,486.6,16.55,316.2,0.0275233333333333,0.26929,1.52,0.00904,0.009025,0.016175,8.265,499.15,14.9,324.35,0.029835,0.27177,2.085
"227",2013,"Clark Fork River above Little Blackfoot",Aug 2013,107.074074074074,196.888888888889,2013-08-09,8,1,NA,NA,NA,NA,NA,NA,NA,NA,NA,NA,0.01894,0.001505,0.018715,8.47,453.95,18.65,295.1,0.0314,0.281795,1.31,0.00752666666666667,0.00137333333333333,0.0163366666666667,8.385,486.6,16.55,316.2,0.0275233333333333,0.26929,1.52,0.00904,0.009025,0.016175,8.265,499.15,14.9,324.35,0.029835,0.27177,2.085
"228",2013,"Clark Fork River above Little Blackfoot",Sep 2013,71.7142857142857,150.068965517241,2013-09-06,9,1,NA,NA,NA,NA,NA,NA,NA,NA,NA,NA,0.01894,0.001505,0.018715,8.47,453.95,18.65,295.1,0.0314,0.281795,1.31,0.00752666666666667,0.00137333333333333,0.0163366666666667,8.385,486.6,16.55,316.2,0.0275233333333333,0.26929,1.52,0.00904,0.009025,0.016175,8.265,499.15,14.9,324.35,0.029835,0.27177,2.085
"229",2013,"Clark Fork River above Missoula",Aug 2013,34.4761904761905,74.3809523809524,2013-08-08,8,1,NA,NA,NA,NA,NA,NA,NA,NA,NA,NA,0.015095,0.00221,0.00357,8.22,252,17.8,163.75,0.00913,0.163265,3.1,0.01299,0.002025,0.00333,8.205,275.75,16.4,179.45,0.01165,0.155005,2.225,0.0108233333333333,0.000968,0.00371,8.225,294.95,15.15,191.8,0.01041,0.146845,2.32
"230",2013,"Clark Fork River above Missoula",Sep 2013,37.9523809523809,93.3809523809524,2013-09-10,9,1,NA,NA,NA,NA,NA,NA,NA,NA,NA,NA,0.015095,0.00221,0.00357,8.22,252,17.8,163.75,0.00913,0.163265,3.1,0.01299,0.002025,0.00333,8.205,275.75,16.4,179.45,0.01165,0.155005,2.225,0.0108233333333333,0.000968,0.00371,8.225,294.95,15.15,191.8,0.01041,0.146845,2.32
"231",2013,"Clark Fork River at Bonita",Aug 2013,60.6190476190476,111.952380952381,2013-08-09,8,1,NA,NA,NA,NA,NA,NA,NA,NA,NA,NA,0.0180766666666667,0.011175,0.00556,8.3,446.4,19,289.9,0.01542,0.310273333333333,2.075,0.010305,0.00236,0.00663,8.315,507.5,17.55,329.9,0.014075,0.213695,2.455,0.011295,0.001225,0.00701,8.28,520,15.75,338,0.028765,0.236165,7.23
"232",2013,"Clark Fork River at Bonita",Jun 2013,78.0952380952381,99,2013-06-28,6,1,NA,NA,NA,NA,NA,NA,NA,NA,NA,NA,0.0180766666666667,0.011175,0.00556,8.3,446.4,19,289.9,0.01542,0.310273333333333,2.075,0.010305,0.00236,0.00663,8.315,507.5,17.55,329.9,0.014075,0.213695,2.455,0.011295,0.001225,0.00701,8.28,520,15.75,338,0.028765,0.236165,7.23
"233",2013,"Clark Fork River at Bonita",Sep 2013,63.4761904761905,119.619047619048,2013-09-06,9,1,NA,NA,NA,NA,NA,NA,NA,NA,NA,NA,0.0180766666666667,0.011175,0.00556,8.3,446.4,19,289.9,0.01542,0.310273333333333,2.075,0.010305,0.00236,0.00663,8.315,507.5,17.55,329.9,0.014075,0.213695,2.455,0.011295,0.001225,0.00701,8.28,520,15.75,338,0.028765,0.236165,7.23
"234",2013,"Clark Fork River at Deer Lodge",Aug 2013,110.571428571429,331.448275862069,2013-08-11,8,1,NA,NA,NA,NA,NA,NA,NA,NA,NA,NA,0.015905,0.067495,0.01218,8.425,449.8,19.1,292.5,0.028665,0.34142,2.43,0.0183166666666667,0.178586666666667,0.00859333333333333,8.255,500.25,17,325.3,0.0191366666666667,0.502916666666667,2.805,0.015045,0.19883,0.008675,8.23,496.95,14.9,323.05,0.020785,0.451905,4.055
"235",2013,"Clark Fork River at Deer Lodge",Sep 2013,80.9615384615385,168.115384615385,2013-09-06,9,1,NA,NA,NA,NA,NA,NA,NA,NA,NA,NA,0.015905,0.067495,0.01218,8.425,449.8,19.1,292.5,0.028665,0.34142,2.43,0.0183166666666667,0.178586666666667,0.00859333333333333,8.255,500.25,17,325.3,0.0191366666666667,0.502916666666667,2.805,0.015045,0.19883,0.008675,8.23,496.95,14.9,323.05,0.020785,0.451905,4.055
"236",2013,"Clark Fork River at Deer Lodge",Jun 2013,71.35,244.9,2013-06-28,6,1,NA,NA,NA,NA,NA,NA,NA,NA,NA,NA,0.015905,0.067495,0.01218,8.425,449.8,19.1,292.5,0.028665,0.34142,2.43,0.0183166666666667,0.178586666666667,0.00859333333333333,8.255,500.25,17,325.3,0.0191366666666667,0.502916666666667,2.805,0.015045,0.19883,0.008675,8.23,496.95,14.9,323.05,0.020785,0.451905,4.055
"237",2013,"Clark Fork River at Huson",Jul 2013,5.28571428571429,14,2013-07-26,7,1,NA,NA,NA,NA,NA,NA,NA,NA,NA,NA,0.0129733333333333,0.04542,0.0038325,8.34,242.233333333333,19.8333333333333,157.566666666667,0.01536,0.192618,2.76666666666667,0.00995,0.03979,0.003495,8.365,247.7,17.4,160.9,0.017855,0.27357,3.835,0.00838,0.02365,0.00371,8.36,279.7,14.1,182,0.01571,0.22398,2.83
"238",2013,"Clark Fork River at Huson",Aug 2013,4.23809523809524,22.8571428571429,2013-08-28,8,1,NA,NA,NA,NA,NA,NA,NA,NA,NA,NA,0.0129733333333333,0.04542,0.0038325,8.34,242.233333333333,19.8333333333333,157.566666666667,0.01536,0.192618,2.76666666666667,0.00995,0.03979,0.003495,8.365,247.7,17.4,160.9,0.017855,0.27357,3.835,0.00838,0.02365,0.00371,8.36,279.7,14.1,182,0.01571,0.22398,2.83
"241",2013,"Clark Fork River below Missoula",Aug 2013,8.04761904761905,22.8095238095238,2013-08-08,8,1,NA,NA,NA,NA,NA,NA,NA,NA,NA,NA,0.01379,0.022955,0.00334,8.345,246.9,18.95,160.55,0.01282,0.21607,2.07,0.013555,0.031145,0.003685,8.36,271,17.4,176.1,0.013125,0.271875,2.91,0.0136333333333333,0.04233,0.00741666666666667,8.415,293.2,15.25,190.45,0.01763,0.226896666666667,2.515
"242",2013,"Clark Fork River below Missoula",Sep 2013,14.4761904761905,81.4285714285714,2013-09-09,9,1,NA,NA,NA,NA,NA,NA,NA,NA,NA,NA,0.01379,0.022955,0.00334,8.345,246.9,18.95,160.55,0.01282,0.21607,2.07,0.013555,0.031145,0.003685,8.36,271,17.4,176.1,0.013125,0.271875,2.91,0.0136333333333333,0.04233,0.00741666666666667,8.415,293.2,15.25,190.45,0.01763,0.226896666666667,2.515
"245",2014,"Clark Fork River above Flathead",Aug 2014,12.6529411764706,22.6666666666667,2014-08-17,8,1,NA,NA,NA,NA,NA,NA,NA,NA,NA,NA,0.0094,0.0112,0.0053,7.93,153.35,18.5,99.45,0.01395,0.159,3.7,0.0134,0.00873333333333333,0.00336666666666667,8.17666666666667,237.733333333333,19.2,154.666666666667,0.00973333333333333,0.178666666666667,1.44,0.0108,0.0077,0.0041,8.06,280.7,15.5,182.6,0.00805,0.1445,1.54
"246",2014,"Clark Fork River above Little Blackfoot",Aug 2014,105.952272727273,95.6136363636364,2014-08-12,8,1,NA,NA,NA,NA,NA,NA,NA,NA,NA,NA,0.0092,0.0252,0.0274,8.325,344.7,18,224.25,0.0576,0.356,6.215,0.01225,0.00165,0.0176333333333333,8.105,431.2,18.55,280.5,0.0314,0.263333333333333,2.145,0.0078,NA,0.00945,8.465,464.65,13,301.9,0.02965,0.3015,3.205
"247",2014,"Clark Fork River above Missoula",Aug 2014,36.3166666666667,92.1666666666667,2014-08-14,8,1,NA,NA,NA,NA,NA,NA,NA,NA,NA,NA,0.008,0.00376666666666667,0.00906666666666667,7.795,230.95,16.1,150.15,0.0224333333333333,0.142,4.01,0.01265,0.0019,0.0043,7.91,301.15,17.4,195.95,0.01155,0.1515,1.55,0.0108,0.00185,0.0053,7.74,338.45,13.4,220.05,0.0157,0.1895,2.595
"248",2014,"Clark Fork River at Bonita",Aug 2014,79.1976744186046,129.372093023256,2014-08-14,8,1,NA,NA,NA,NA,NA,NA,NA,NA,NA,NA,NA,0.00456666666666667,0.0233666666666667,8.165,393.75,18.4,256.1,0.0462333333333333,0.246333333333333,6.715,0.01765,0.00455,0.01725,8.25,533,18.65,346.45,0.0335,0.2305,3.135,0.0089,0.0027,0.01185,8.255,504.05,14.15,327.6,0.02975,0.243,4.295
"249",2014,"Clark Fork River at Deer Lodge",Aug 2014,65.1333333333333,225.066666666667,2014-08-14,8,1,NA,NA,NA,NA,NA,NA,NA,NA,NA,NA,0.0091,0.05025,0.0164,8.27,308.1,17.75,200.55,0.03985,0.338,6.025,0.01615,0.0621,0.01075,8.335,449.55,18.6,292.2,0.02495,0.32,2.65,0.0121,0.0437,0.00875,8.59,461.75,13.1,300.3,0.05995,0.32,2.41
"250",2014,"Clark Fork River at Huson",Aug 2014,9.13421052631579,25.3243243243243,2014-08-16,8,1,NA,NA,NA,NA,NA,NA,NA,NA,NA,NA,NA,0.0171,0.0074,7.805,157.4,17.95,102.4,0.0174,0.1635,3.695,0.0109,0.0214,0.0042,8.08333333333333,255.9,19.2333333333333,166.4,0.0152,0.170666666666667,1.64666666666667,0.0123,0.045,0.0041,8.08,306.7,14.3,199.6,0.0148,0.236,2
"253",2014,"Clark Fork River below Missoula",Jul 2014,14.6368421052632,44.1578947368421,2014-07-20,7,1,NA,NA,NA,NA,NA,NA,NA,NA,NA,NA,NA,0.0093,0.00825,8.13,228.75,16.95,148.85,0.02025,0.145,3.79,0.01065,0.02165,0.00525,8.17,281.85,17.45,182.95,0.01435,0.159,1.995,0.01295,0.02715,0.0085,8.085,336,13.3,218.4,0.01925,0.221,2.675
"254",2014,"Clark Fork River below Missoula",Sep 2014,19.5380952380952,123.666666666667,2014-09-06,9,1,NA,NA,NA,NA,NA,NA,NA,NA,NA,NA,NA,0.0093,0.00825,8.13,228.75,16.95,148.85,0.02025,0.145,3.79,0.01065,0.02165,0.00525,8.17,281.85,17.45,182.95,0.01435,0.159,1.995,0.01295,0.02715,0.0085,8.085,336,13.3,218.4,0.01925,0.221,2.675
"257",2015,"Clark Fork River above Flathead",Aug 2015,20.2,36.25,2015-08-06,8,1,NA,NA,NA,NA,NA,NA,NA,NA,NA,NA,0.0053,0.00765,0.0022,8.58,182.2,20.55,118.6,0.01055,0.1685,0.9,0.0092,0.00545,NA,8.525,211.55,18.5,137.5,0.01005,0.187,1.04,0.0061,0.00605,NA,8.48,240.5,14.25,156.65,0.0120333333333333,0.186666666666667,1.955
"258",2015,"Clark Fork River above Flathead",Sep 2015,26.1428571428571,57.8571428571429,2015-09-12,9,1,NA,NA,NA,NA,NA,NA,NA,NA,NA,NA,0.0053,0.00765,0.0022,8.58,182.2,20.55,118.6,0.01055,0.1685,0.9,0.0092,0.00545,NA,8.525,211.55,18.5,137.5,0.01005,0.187,1.04,0.0061,0.00605,NA,8.48,240.5,14.25,156.65,0.0120333333333333,0.186666666666667,1.955
"259",2015,"Clark Fork River above Little Blackfoot",Jul 2015,135.88,75.12,2015-07-08,7,1,NA,NA,NA,NA,NA,NA,NA,NA,NA,NA,0.0087,0.00165,0.01085,8.225,377.7,17.35,245.7,0.03135,0.3175,1.885,0.014675,0.005925,0.00693333333333333,8.21,477.4,14.35,310.4,0.0240333333333333,0.2125,1.585,0.0139,0.02665,0.0055,8.2,482.45,11.5,313.65,0.0316,0.366,3.71
"260",2015,"Clark Fork River above Little Blackfoot",Aug 2015,183.571428571429,312.190476190476,2015-08-07,8,1,NA,NA,NA,NA,NA,NA,NA,NA,NA,NA,0.0087,0.00165,0.01085,8.225,377.7,17.35,245.7,0.03135,0.3175,1.885,0.014675,0.005925,0.00693333333333333,8.21,477.4,14.35,310.4,0.0240333333333333,0.2125,1.585,0.0139,0.02665,0.0055,8.2,482.45,11.5,313.65,0.0316,0.366,3.71
"261",2015,"Clark Fork River above Little Blackfoot",Sep 2015,45.8571428571429,129.190476190476,2015-09-10,9,1,NA,NA,NA,NA,NA,NA,NA,NA,NA,NA,0.0087,0.00165,0.01085,8.225,377.7,17.35,245.7,0.03135,0.3175,1.885,0.014675,0.005925,0.00693333333333333,8.21,477.4,14.35,310.4,0.0240333333333333,0.2125,1.585,0.0139,0.02665,0.0055,8.2,482.45,11.5,313.65,0.0316,0.366,3.71
"262",2015,"Clark Fork River above Missoula",Jul 2015,91.5925925925926,116.814814814815,2015-07-07,7,1,NA,NA,NA,NA,NA,NA,NA,NA,NA,NA,0.010475,0.0017,0.0016,8.23,224.7,18.75,146.2,0.0109,0.171666666666667,1.86,0.01725,0.0026,0.0018,7.985,286,16.5,185.9,0.0157,0.265,3.005,0.00715,NA,0.0017,8.13,303.3,12.65,196.9,0.0203,0.232,4.785
"263",2015,"Clark Fork River above Missoula",Aug 2015,22.047619047619,61.7619047619048,2015-08-07,8,1,NA,NA,NA,NA,NA,NA,NA,NA,NA,NA,0.010475,0.0017,0.0016,8.23,224.7,18.75,146.2,0.0109,0.171666666666667,1.86,0.01725,0.0026,0.0018,7.985,286,16.5,185.9,0.0157,0.265,3.005,0.00715,NA,0.0017,8.13,303.3,12.65,196.9,0.0203,0.232,4.785
"264",2015,"Clark Fork River above Missoula",Sep 2015,27.952380952381,76.0952380952381,2015-09-10,9,1,NA,NA,NA,NA,NA,NA,NA,NA,NA,NA,0.010475,0.0017,0.0016,8.23,224.7,18.75,146.2,0.0109,0.171666666666667,1.86,0.01725,0.0026,0.0018,7.985,286,16.5,185.9,0.0157,0.265,3.005,0.00715,NA,0.0017,8.13,303.3,12.65,196.9,0.0203,0.232,4.785
"265",2015,"Clark Fork River at Bonita",Jul 2015,97.7619047619048,68.9047619047619,2015-07-08,7,1,NA,NA,NA,NA,NA,NA,NA,NA,NA,NA,0.00755,0.00233333333333333,0.00245,8.24,395,19.15,256.75,0.01,0.245333333333333,1.245,0.01315,0.00285,0.0019,8.215,504.25,16.25,327.6,0.02115,0.261,4.165,0.0144,0.0017,0.00505,8.355,479.75,13,311.7,0.037,0.3535,7.275
"266",2015,"Clark Fork River at Bonita",Aug 2015,151.9,179.15,2015-08-06,8,1,NA,NA,NA,NA,NA,NA,NA,NA,NA,NA,0.00755,0.00233333333333333,0.00245,8.24,395,19.15,256.75,0.01,0.245333333333333,1.245,0.01315,0.00285,0.0019,8.215,504.25,16.25,327.6,0.02115,0.261,4.165,0.0144,0.0017,0.00505,8.355,479.75,13,311.7,0.037,0.3535,7.275
"267",2015,"Clark Fork River at Bonita",Sep 2015,26.5238095238095,57.0476190476191,2015-09-11,9,1,NA,NA,NA,NA,NA,NA,NA,NA,NA,NA,0.00755,0.00233333333333333,0.00245,8.24,395,19.15,256.75,0.01,0.245333333333333,1.245,0.01315,0.00285,0.0019,8.215,504.25,16.25,327.6,0.02115,0.261,4.165,0.0144,0.0017,0.00505,8.355,479.75,13,311.7,0.037,0.3535,7.275
"268",2015,"Clark Fork River at Deer Lodge",Jul 2015,74.1904761904762,188.904761904762,2015-07-08,7,1,NA,NA,NA,NA,NA,NA,NA,NA,NA,NA,0.01085,0.0503,0.0042,8.305,354.05,17.8,230.1,0.0197,0.3285,2.565,0.00966666666666667,0.159633333333333,0.00235,8.315,464.8,14.45,302.25,0.01255,0.406,1.33,0.01455,0.0891,0.0025,8.385,471.1,11.7,306.15,0.019,0.389,3.365
"269",2015,"Clark Fork River at Deer Lodge",Aug 2015,103.142857142857,235.285714285714,2015-08-09,8,1,NA,NA,NA,NA,NA,NA,NA,NA,NA,NA,0.01085,0.0503,0.0042,8.305,354.05,17.8,230.1,0.0197,0.3285,2.565,0.00966666666666667,0.159633333333333,0.00235,8.315,464.8,14.45,302.25,0.01255,0.406,1.33,0.01455,0.0891,0.0025,8.385,471.1,11.7,306.15,0.019,0.389,3.365
"270",2015,"Clark Fork River at Deer Lodge",Sep 2015,50.8571428571429,158.380952380952,2015-09-10,9,1,NA,NA,NA,NA,NA,NA,NA,NA,NA,NA,0.01085,0.0503,0.0042,8.305,354.05,17.8,230.1,0.0197,0.3285,2.565,0.00966666666666667,0.159633333333333,0.00235,8.315,464.8,14.45,302.25,0.01255,0.406,1.33,0.01455,0.0891,0.0025,8.385,471.1,11.7,306.15,0.019,0.389,3.365
"271",2015,"Clark Fork River at Huson",Aug 2015,6.1,15.8888888888889,2015-08-06,8,1,NA,NA,NA,NA,NA,NA,NA,NA,NA,NA,0.00655,0.0305,0.00195,8.29,198.25,19.85,129,0.0151,0.2115,1.645,0.01155,0.0182,0.0017,8.51,231.6,19.2,150.5,0.0178,0.2205,2.045,0.0208,0.02945,0.0018,8.52,261.3,13.85,169.95,0.01755,0.249,2.905
"272",2015,"Clark Fork River at Huson",Sep 2015,14.047619047619,93.7619047619048,2015-09-10,9,1,NA,NA,NA,NA,NA,NA,NA,NA,NA,NA,0.00655,0.0305,0.00195,8.29,198.25,19.85,129,0.0151,0.2115,1.645,0.01155,0.0182,0.0017,8.51,231.6,19.2,150.5,0.0178,0.2205,2.045,0.0208,0.02945,0.0018,8.52,261.3,13.85,169.95,0.01755,0.249,2.905
"275",2015,"Clark Fork River below Missoula",Sep 2015,16.3333333333333,76.3333333333333,2015-09-12,9,1,NA,NA,NA,NA,NA,NA,NA,NA,NA,NA,0.0075,0.01145,0.0023,8.395,222.05,18.9,144.3,0.0132,0.2065,1.465,0.0121,0.02155,0.0021,8.345,281.5,16.3,182.95,0.01925,0.2275,2.9,0.011,0.02065,0.0028,8.435,300.85,13.5,195.6,0.02065,0.251,4.76
"276",2015,"Clark Fork River below Missoula",Aug 2015,24.7619047619048,100.238095238095,2015-08-08,8,1,NA,NA,NA,NA,NA,NA,NA,NA,NA,NA,0.0075,0.01145,0.0023,8.395,222.05,18.9,144.3,0.0132,0.2065,1.465,0.0121,0.02155,0.0021,8.345,281.5,16.3,182.95,0.01925,0.2275,2.9,0.011,0.02065,0.0028,8.435,300.85,13.5,195.6,0.02065,0.251,4.76
"277",2015,"Clark Fork River below Missoula",Jul 2015,64.375,228.125,2015-07-09,7,1,NA,NA,NA,NA,NA,NA,NA,NA,NA,NA,0.0075,0.01145,0.0023,8.395,222.05,18.9,144.3,0.0132,0.2065,1.465,0.0121,0.02155,0.0021,8.345,281.5,16.3,182.95,0.01925,0.2275,2.9,0.011,0.02065,0.0028,8.435,300.85,13.5,195.6,0.02065,0.251,4.76
"280",2016,"Clark Fork River above Flathead",Jul 2016,5.525,11.2,2016-07-23,7,1,NA,NA,NA,NA,NA,NA,NA,NA,NA,NA,0.0211,0.0096,0.0012,8.345,192.05,18.8,124.8,0.0087,0.1335,0.86,0.01375,0.00655,0.00085,8.365,217,17,141.05,0.0096,0.1525,1.08,0.0276,0.008,0.001025,8.375,234.4,14,152.45,0.0112333333333333,0.190333333333333,1.52
"281",2016,"Clark Fork River above Flathead",Sep 2016,15.0333333333333,13.75,2016-09-10,9,1,NA,NA,NA,NA,NA,NA,NA,NA,NA,NA,0.0211,0.0096,0.0012,8.345,192.05,18.8,124.8,0.0087,0.1335,0.86,0.01375,0.00655,0.00085,8.365,217,17,141.05,0.0096,0.1525,1.08,0.0276,0.008,0.001025,8.375,234.4,14,152.45,0.0112333333333333,0.190333333333333,1.52
"282",2016,"Clark Fork River above Little Blackfoot",Jul 2016,170.208444444444,195.475555555556,2016-07-15,7,1,NA,NA,NA,NA,NA,NA,NA,NA,NA,NA,0.0219,0.00125,0.0231,8.15,438.3,15.55,284.7,0.04325,0.285,1.37,0.010075,0.00176666666666667,0.0104333333333333,8.145,439.75,13.25,286.05,0.0301666666666667,0.279666666666667,1.195,0.02415,0.0349,0.00745,8.24,489.15,11.2,317.8,0.0227,0.2935,1.21
"283",2016,"Clark Fork River above Little Blackfoot",Sep 2016,52.9228571428571,125.17619047619,2016-09-13,9,1,NA,NA,NA,NA,NA,NA,NA,NA,NA,NA,0.0219,0.00125,0.0231,8.15,438.3,15.55,284.7,0.04325,0.285,1.37,0.010075,0.00176666666666667,0.0104333333333333,8.145,439.75,13.25,286.05,0.0301666666666667,0.279666666666667,1.195,0.02415,0.0349,0.00745,8.24,489.15,11.2,317.8,0.0227,0.2935,1.21
"284",2016,"Clark Fork River above Missoula",Aug 2016,28.4857142857143,67.7619047619048,2016-08-24,8,1,NA,NA,NA,NA,NA,NA,NA,NA,NA,NA,NA,0.0011,8e-04,8.28,247.05,17.4,160.55,0.00953333333333333,0.1405,1.195,0.0198,0.01095,0.00125,8.245,264.65,16.05,171.9,0.0507,0.321,45.635,0.0189,0.00175,0.0011,8.5,291.65,12.15,189.8,0.0132,0.139,3.295
"285",2016,"Clark Fork River above Missoula",Jul 2016,76.1009302325581,114.755813953488,2016-07-11,7,1,NA,NA,NA,NA,NA,NA,NA,NA,NA,NA,NA,0.0011,8e-04,8.28,247.05,17.4,160.55,0.00953333333333333,0.1405,1.195,0.0198,0.01095,0.00125,8.245,264.65,16.05,171.9,0.0507,0.321,45.635,0.0189,0.00175,0.0011,8.5,291.65,12.15,189.8,0.0132,0.139,3.295
"286",2016,"Clark Fork River at Bonita",Jul 2016,178.800810810811,185.351351351351,2016-07-15,7,1,NA,NA,NA,NA,NA,NA,NA,NA,NA,NA,0.00803333333333333,0.00163333333333333,0.00123333333333333,8.135,465.15,17.3,302.3,0.0088,0.211666666666667,0.94,0.04065,0.03175,0.0057,8.3,490.3,16,318.8,0.07645,0.5415,34.135,0.0191,0.0023,0.00775,8.52,496.95,13,323.05,0.04775,0.288,9.525
"287",2016,"Clark Fork River at Bonita",Sep 2016,60.1045454545455,96.2727272727273,2016-09-13,9,1,NA,NA,NA,NA,NA,NA,NA,NA,NA,NA,0.00803333333333333,0.00163333333333333,0.00123333333333333,8.135,465.15,17.3,302.3,0.0088,0.211666666666667,0.94,0.04065,0.03175,0.0057,8.3,490.3,16,318.8,0.07645,0.5415,34.135,0.0191,0.0023,0.00775,8.52,496.95,13,323.05,0.04775,0.288,9.525
"288",2016,"Clark Fork River at Deer Lodge",Jul 2016,118.621162790698,389.102325581395,2016-07-15,7,1,NA,NA,NA,NA,NA,NA,NA,NA,NA,NA,0.012,0.0387,0.0036,8.285,400.2,16.05,260.3,0.0194,0.2945,1.9,0.0180333333333333,0.2548,0.0023,8.21,436.45,12.85,283.7,0.0125,0.4215,1.13,0.0208,0.1836,0.00255,8.205,476.95,11,309.75,0.0162,0.4255,2.24
"289",2016,"Clark Fork River at Deer Lodge",Sep 2016,81.25,260.690476190476,2016-09-13,9,1,NA,NA,NA,NA,NA,NA,NA,NA,NA,NA,0.012,0.0387,0.0036,8.285,400.2,16.05,260.3,0.0194,0.2945,1.9,0.0180333333333333,0.2548,0.0023,8.21,436.45,12.85,283.7,0.0125,0.4215,1.13,0.0208,0.1836,0.00255,8.205,476.95,11,309.75,0.0162,0.4255,2.24
"290",2016,"Clark Fork River at Huson",Sep 2016,15.6047619047619,70.3333333333333,2016-09-07,9,1,NA,NA,NA,NA,NA,NA,NA,NA,NA,NA,0.0155333333333333,0.0283333333333333,0.00215,8.355,209.4,19.65,136.15,0.00993333333333333,0.2005,1.37,0.018825,0.0432333333333333,0.00135,8.225,237.9,15.15,154.7,0.0196666666666667,0.25,4.615,0.01735,0.06355,0.0012,8.305,254.15,14.45,165.1,0.0132,0.2075,2.695
"291",2016,"Clark Fork River at Huson",Jul 2016,15.7,40.0714285714286,2016-07-22,7,1,NA,NA,NA,NA,NA,NA,NA,NA,NA,NA,0.0155333333333333,0.0283333333333333,0.00215,8.355,209.4,19.65,136.15,0.00993333333333333,0.2005,1.37,0.018825,0.0432333333333333,0.00135,8.225,237.9,15.15,154.7,0.0196666666666667,0.25,4.615,0.01735,0.06355,0.0012,8.305,254.15,14.45,165.1,0.0132,0.2075,2.695
"294",2016,"Clark Fork River below Missoula",Jul 2016,70.22975,252.7425,2016-07-14,7,1,NA,NA,NA,NA,NA,NA,NA,NA,NA,NA,0.0079,0.0113,0.00166666666666667,8.34,244.85,16.75,159.25,0.01385,0.1635,1.63,0.009,0.03175,0.0024,8.315,261.45,14.75,169.95,0.0232,0.2685,6.54,0.01685,0.03125,0.0017,8.27,290.4,12.1,188.8,0.02185,0.21,5.39
"295",2016,"Clark Fork River below Missoula",Sep 2016,51.0238095238095,285.761904761905,2016-09-08,9,1,NA,NA,NA,NA,NA,NA,NA,NA,NA,NA,0.0079,0.0113,0.00166666666666667,8.34,244.85,16.75,159.25,0.01385,0.1635,1.63,0.009,0.03175,0.0024,8.315,261.45,14.75,169.95,0.0232,0.2685,6.54,0.01685,0.03125,0.0017,8.27,290.4,12.1,188.8,0.02185,0.21,5.39
"298",2017,"Clark Fork River above Flathead",Aug 2017,5.76875,10.9,2017-08-06,8,1,NA,NA,NA,NA,NA,NA,NA,NA,NA,NA,0.0191,0.01945,0.00155,8.14,209.3,20.1,135.8,0.009,0.1365,1.08,0.02205,0.02775,0.0016,8.305,222.75,19,144.6,0.0079,0.1825,0.9165,0.0185,0.0218,NA,8.215,250.4,14.55,162.85,0.00965,0.1825,1.435
"299",2017,"Clark Fork River above Flathead",Sep 2017,11.7285714285714,20.4333333333333,2017-09-09,9,1,NA,NA,NA,NA,NA,NA,NA,NA,NA,NA,0.0191,0.01945,0.00155,8.14,209.3,20.1,135.8,0.009,0.1365,1.08,0.02205,0.02775,0.0016,8.305,222.75,19,144.6,0.0079,0.1825,0.9165,0.0185,0.0218,NA,8.215,250.4,14.55,162.85,0.00965,0.1825,1.435
"300",2017,"Clark Fork River above Little Blackfoot",Jul 2017,27.7285714285714,34,2017-07-11,7,1,NA,NA,NA,NA,NA,NA,NA,NA,NA,NA,0.0135,0.0025,0.0151,8.235,398.05,19,258.7,0.03585,0.2845,2.15,0.0125333333333333,0.07435,0.00455,8.23,472.95,16.2,307.4,0.0174,0.321,0.875,0.0137,0.1808,0.0109,8.23,487.1,10.9,316.6,0.035,0.523,2.665
"301",2017,"Clark Fork River above Little Blackfoot",Aug 2017,167.638095238095,116.242857142857,2017-08-09,8,1,NA,NA,NA,NA,NA,NA,NA,NA,NA,NA,0.0135,0.0025,0.0151,8.235,398.05,19,258.7,0.03585,0.2845,2.15,0.0125333333333333,0.07435,0.00455,8.23,472.95,16.2,307.4,0.0174,0.321,0.875,0.0137,0.1808,0.0109,8.23,487.1,10.9,316.6,0.035,0.523,2.665
"302",2017,"Clark Fork River above Little Blackfoot",Sep 2017,139.922727272727,77.3409090909091,2017-09-07,9,1,NA,NA,NA,NA,NA,NA,NA,NA,NA,NA,0.0135,0.0025,0.0151,8.235,398.05,19,258.7,0.03585,0.2845,2.15,0.0125333333333333,0.07435,0.00455,8.23,472.95,16.2,307.4,0.0174,0.321,0.875,0.0137,0.1808,0.0109,8.23,487.1,10.9,316.6,0.035,0.523,2.665
"303",2017,"Clark Fork River above Missoula",Jul 2017,18.2444444444444,28.3611111111111,2017-07-12,7,1,NA,NA,NA,NA,NA,NA,NA,NA,NA,NA,0.0149,0.002,0.0042,8.175,253,18.9,164.45,0.01515,0.169,2.34,0.0116,0.00205,0.002,8.455,267.3,16.75,173.85,0.01085,0.18,1.62,0.0096,0.00395,0.0019,8.32,306.15,12.4,198.9,0.014,0.2105,2.64
"304",2017,"Clark Fork River above Missoula",Aug 2017,56.6,106.614285714286,2017-08-09,8,1,NA,NA,NA,NA,NA,NA,NA,NA,NA,NA,0.0149,0.002,0.0042,8.175,253,18.9,164.45,0.01515,0.169,2.34,0.0116,0.00205,0.002,8.455,267.3,16.75,173.85,0.01085,0.18,1.62,0.0096,0.00395,0.0019,8.32,306.15,12.4,198.9,0.014,0.2105,2.64
"305",2017,"Clark Fork River above Missoula",Sep 2017,47.5333333333333,68.8285714285714,2017-09-06,9,1,NA,NA,NA,NA,NA,NA,NA,NA,NA,NA,0.0149,0.002,0.0042,8.175,253,18.9,164.45,0.01515,0.169,2.34,0.0116,0.00205,0.002,8.455,267.3,16.75,173.85,0.01085,0.18,1.62,0.0096,0.00395,0.0019,8.32,306.15,12.4,198.9,0.014,0.2105,2.64
"306",2017,"Clark Fork River at Bonita",Jul 2017,24.0823529411765,21.7352941176471,2017-07-14,7,1,NA,NA,NA,NA,NA,NA,NA,NA,NA,NA,0.01745,0.0047,0.01265,8.26,445.25,19.85,289.55,0.03305,0.225,2.985,0.0152,0.00695,0.00195,8.305,507.45,17.85,329.85,0.0147,0.2725,1.64,0.0114,0.01095,0.00675,8.225,506.3,12.9,329.2,0.0328,0.3345,5.275
"307",2017,"Clark Fork River at Bonita",Aug 2017,16.0428571428571,25.8619047619048,2017-08-08,8,1,NA,NA,NA,NA,NA,NA,NA,NA,NA,NA,0.01745,0.0047,0.01265,8.26,445.25,19.85,289.55,0.03305,0.225,2.985,0.0152,0.00695,0.00195,8.305,507.45,17.85,329.85,0.0147,0.2725,1.64,0.0114,0.01095,0.00675,8.225,506.3,12.9,329.2,0.0328,0.3345,5.275
"308",2017,"Clark Fork River at Bonita",Sep 2017,31.1619047619048,58.452380952381,2017-09-07,9,1,NA,NA,NA,NA,NA,NA,NA,NA,NA,NA,0.01745,0.0047,0.01265,8.26,445.25,19.85,289.55,0.03305,0.225,2.985,0.0152,0.00695,0.00195,8.305,507.45,17.85,329.85,0.0147,0.2725,1.64,0.0114,0.01095,0.00675,8.225,506.3,12.9,329.2,0.0328,0.3345,5.275
"309",2017,"Clark Fork River at Deer Lodge",Jul 2017,53.1,105.97619047619,2017-07-11,7,1,NA,NA,NA,NA,NA,NA,NA,NA,NA,NA,0.01275,0.02725,0.0081,8.22,363.45,18.6,236.25,0.024,0.2595,2.29,0.0139333333333333,0.240733333333333,0.0038,8.135,421.5,16,274,0.0168666666666667,0.530666666666667,1.3,0.0101,0.21265,0.0034,8.185,471.1,10.65,306.15,0.01785,0.513,2.2
"310",2017,"Clark Fork River at Deer Lodge",Aug 2017,99.5619047619048,190.585714285714,2017-08-11,8,1,NA,NA,NA,NA,NA,NA,NA,NA,NA,NA,0.01275,0.02725,0.0081,8.22,363.45,18.6,236.25,0.024,0.2595,2.29,0.0139333333333333,0.240733333333333,0.0038,8.135,421.5,16,274,0.0168666666666667,0.530666666666667,1.3,0.0101,0.21265,0.0034,8.185,471.1,10.65,306.15,0.01785,0.513,2.2
"311",2017,"Clark Fork River at Deer Lodge",Sep 2017,61.252380952381,76.8666666666667,2017-09-07,9,1,NA,NA,NA,NA,NA,NA,NA,NA,NA,NA,0.01275,0.02725,0.0081,8.22,363.45,18.6,236.25,0.024,0.2595,2.29,0.0139333333333333,0.240733333333333,0.0038,8.135,421.5,16,274,0.0168666666666667,0.530666666666667,1.3,0.0101,0.21265,0.0034,8.185,471.1,10.65,306.15,0.01785,0.513,2.2
"312",2017,"Clark Fork River at Huson",Aug 2017,8.97,25.82,2017-08-06,8,1,NA,NA,NA,NA,NA,NA,NA,NA,NA,NA,0.011425,0.0589,0.0021,7.99,220.95,19.45,143.3,0.0144666666666667,0.243333333333333,2.405,0.01475,0.0563,0.0017,8.2,242.9,19.4,157.95,0.01435,0.2565,1.7025,0.01375,0.08665,0.0013,8.145,275.3,15.05,178.75,0.0104,0.309,2.1265
"313",2017,"Clark Fork River at Huson",Sep 2017,12.1714285714286,35.1857142857143,2017-09-06,9,1,NA,NA,NA,NA,NA,NA,NA,NA,NA,NA,0.011425,0.0589,0.0021,7.99,220.95,19.45,143.3,0.0144666666666667,0.243333333333333,2.405,0.01475,0.0563,0.0017,8.2,242.9,19.4,157.95,0.01435,0.2565,1.7025,0.01375,0.08665,0.0013,8.145,275.3,15.05,178.75,0.0104,0.309,2.1265
"316",2017,"Clark Fork River below Missoula",Jul 2017,5.07142857142857,13.5047619047619,2017-07-13,7,1,NA,NA,NA,NA,NA,NA,NA,NA,NA,NA,0.010675,0.0107666666666667,0.00426666666666667,8.085,249.05,17.5,161.8,0.0159333333333333,0.153666666666667,2.265,0.01255,0.0318,0.0039,8.185,273,16.5,177.45,0.0156,0.196,1.785,0.0091,0.0281,0.0041,8.09,303.2,12.15,197,0.01695,0.2285,3.085
"317",2017,"Clark Fork River below Missoula",Aug 2017,6.58571428571429,24.9904761904762,2017-08-10,8,1,NA,NA,NA,NA,NA,NA,NA,NA,NA,NA,0.010675,0.0107666666666667,0.00426666666666667,8.085,249.05,17.5,161.8,0.0159333333333333,0.153666666666667,2.265,0.01255,0.0318,0.0039,8.185,273,16.5,177.45,0.0156,0.196,1.785,0.0091,0.0281,0.0041,8.09,303.2,12.15,197,0.01695,0.2285,3.085
"318",2017,"Clark Fork River below Missoula",Sep 2017,47.0190476190476,175.838095238095,2017-09-07,9,1,NA,NA,NA,NA,NA,NA,NA,NA,NA,NA,0.010675,0.0107666666666667,0.00426666666666667,8.085,249.05,17.5,161.8,0.0159333333333333,0.153666666666667,2.265,0.01255,0.0318,0.0039,8.185,273,16.5,177.45,0.0156,0.196,1.785,0.0091,0.0281,0.0041,8.09,303.2,12.15,197,0.01695,0.2285,3.085
"321",2018,"Clark Fork River above Flathead",Aug 2018,7.945,15.9210526315789,2018-08-10,8,1,NA,NA,NA,NA,NA,NA,NA,NA,NA,NA,0.00963333333333333,0.0114,0.0031,8.2,208.25,19.05,135.5,0.01255,0.1335,3.155,0.01175,0.0243333333333333,NA,8.33,239.15,17.95,155.35,0.0103666666666667,0.164333333333333,0.98,0.0256,0.01905,0.001,8.215,257.4,13.75,167.4,0.00895,0.1535,1.205
"322",2018,"Clark Fork River above Flathead",Sep 2018,13.1047619047619,29.8047619047619,2018-09-08,9,1,NA,NA,NA,NA,NA,NA,NA,NA,NA,NA,0.00963333333333333,0.0114,0.0031,8.2,208.25,19.05,135.5,0.01255,0.1335,3.155,0.01175,0.0243333333333333,NA,8.33,239.15,17.95,155.35,0.0103666666666667,0.164333333333333,0.98,0.0256,0.01905,0.001,8.215,257.4,13.75,167.4,0.00895,0.1535,1.205
"323",2018,"Clark Fork River above Little Blackfoot",Aug 2018,58.51875,94.70625,2018-08-11,8,1,NA,NA,NA,NA,NA,NA,NA,NA,NA,NA,0.0115,0.02555,0.02035,8.28,347.4,18.65,225.9,0.05325,0.324,4.94,0.0194,0.0658666666666667,0.00763333333333333,8.505,418.55,16.05,272,0.0280666666666667,0.337333333333333,1.815,0.0249,0.0893,0.0079,8.285,450.85,12.9,293.15,0.0319,0.368,3.48
"324",2018,"Clark Fork River above Little Blackfoot",Sep 2018,69.89,229.275,2018-09-07,9,1,NA,NA,NA,NA,NA,NA,NA,NA,NA,NA,0.0115,0.02555,0.02035,8.28,347.4,18.65,225.9,0.05325,0.324,4.94,0.0194,0.0658666666666667,0.00763333333333333,8.505,418.55,16.05,272,0.0280666666666667,0.337333333333333,1.815,0.0249,0.0893,0.0079,8.285,450.85,12.9,293.15,0.0319,0.368,3.48
"325",2018,"Clark Fork River above Missoula",Aug 2018,22.1238095238095,97.5476190476191,2018-08-09,8,1,NA,NA,NA,NA,NA,NA,NA,NA,NA,NA,0.022,0.003175,0.007675,8.185,259,19.15,168.35,0.0290666666666667,0.173,4.735,0.0118,0.0039,0.0033,8.375,283.15,17.05,183.95,0.01545,0.1385,1.505,0.02255,0.0418,0.0014,8.465,309.7,14.4,201.2,0.01235,0.1535,2.65
"326",2018,"Clark Fork River above Missoula",Sep 2018,17.1428571428571,66.7571428571429,2018-09-10,9,1,NA,NA,NA,NA,NA,NA,NA,NA,NA,NA,0.022,0.003175,0.007675,8.185,259,19.15,168.35,0.0290666666666667,0.173,4.735,0.0118,0.0039,0.0033,8.375,283.15,17.05,183.95,0.01545,0.1385,1.505,0.02255,0.0418,0.0014,8.465,309.7,14.4,201.2,0.01235,0.1535,2.65
"327",2018,"Clark Fork River at Bonita",Sep 2018,14.6761904761905,65.2285714285714,2018-09-07,9,1,NA,NA,NA,NA,NA,NA,NA,NA,NA,NA,0.0154,0.005525,0.0175333333333333,8.215,370.45,20.5,240.8,0.0461333333333333,0.241333333333333,5.755,0.0089,0.0047,0.0118,8.385,447.65,17.95,291.2,0.03365,0.216,2,0.03285,0.0043,0.00245,8.455,459.65,15.15,299,0.02185,0.24,2.8
"328",2018,"Clark Fork River at Bonita",Aug 2018,27.9714285714286,24.3714285714286,2018-08-08,8,1,NA,NA,NA,NA,NA,NA,NA,NA,NA,NA,0.0154,0.005525,0.0175333333333333,8.215,370.45,20.5,240.8,0.0461333333333333,0.241333333333333,5.755,0.0089,0.0047,0.0118,8.385,447.65,17.95,291.2,0.03365,0.216,2,0.03285,0.0043,0.00245,8.455,459.65,15.15,299,0.02185,0.24,2.8
"329",2018,"Clark Fork River at Deer Lodge",Aug 2018,43.4846153846154,75.8,2018-08-08,8,1,NA,NA,NA,NA,NA,NA,NA,NA,NA,NA,0.01105,0.04705,0.01545,8.17,300.5,17.5,195.3,0.0446,0.305,4.625,0.01985,0.1002,0.00875,8.175,411.55,14,267.5,0.0304,0.348,2.895,0.0146333333333333,0.13,0.00465,8.16,441.9,11.45,287.35,0.0276333333333333,0.394,2.74
"330",2018,"Clark Fork River at Deer Lodge",Sep 2018,28.5952380952381,74.2333333333333,2018-09-07,9,1,NA,NA,NA,NA,NA,NA,NA,NA,NA,NA,0.01105,0.04705,0.01545,8.17,300.5,17.5,195.3,0.0446,0.305,4.625,0.01985,0.1002,0.00875,8.175,411.55,14,267.5,0.0304,0.348,2.895,0.0146333333333333,0.13,0.00465,8.16,441.9,11.45,287.35,0.0276333333333333,0.394,2.74
"331",2018,"Clark Fork River at Huson",Aug 2018,10.1380952380952,26.8571428571429,2018-08-07,8,1,NA,NA,NA,NA,NA,NA,NA,NA,NA,NA,0.0097,0.00625,0.00345,7.97,218.4,18.35,142,0.0191,0.164,4.1,0.0158,0.05845,0.0018,8.165,255.6,17.3,166.1,0.0171,0.2345,2.145,0.0166333333333333,0.0332,0.0017,8.24,277,14.35,180.1,0.01245,0.218,1.92
"332",2018,"Clark Fork River at Huson",Sep 2018,7.35714285714286,28.7571428571429,2018-09-10,9,1,NA,NA,NA,NA,NA,NA,NA,NA,NA,NA,0.0097,0.00625,0.00345,7.97,218.4,18.35,142,0.0191,0.164,4.1,0.0158,0.05845,0.0018,8.165,255.6,17.3,166.1,0.0171,0.2345,2.145,0.0166333333333333,0.0332,0.0017,8.24,277,14.35,180.1,0.01245,0.218,1.92
"335",2018,"Clark Fork River below Missoula",Aug 2018,11.4631578947368,42.5105263157895,2018-08-10,8,1,NA,NA,NA,NA,NA,NA,NA,NA,NA,NA,0.0414,0.0143,0.0087,8.17,252.9,17.7,164.4,0.0244,0.18,3.2,0.0205,0.02865,0.00485,8.335,285.65,15.8,185.6,0.01745,0.1805,2.31,0.0204666666666667,0.0382333333333333,0.00226666666666667,8.24,310.6,14.15,201.85,0.0144666666666667,0.221333333333333,1.89
"336",2018,"Clark Fork River below Missoula",Sep 2018,23.2666666666667,148.361904761905,2018-09-12,9,1,NA,NA,NA,NA,NA,NA,NA,NA,NA,NA,0.0414,0.0143,0.0087,8.17,252.9,17.7,164.4,0.0244,0.18,3.2,0.0205,0.02865,0.00485,8.335,285.65,15.8,185.6,0.01745,0.1805,2.31,0.0204666666666667,0.0382333333333333,0.00226666666666667,8.24,310.6,14.15,201.85,0.0144666666666667,0.221333333333333,1.89
"339",2019,"Clark Fork River above Flathead",Aug 2019,9.007,16.581,2019-08-09,8,1,NA,NA,NA,NA,NA,NA,NA,NA,NA,NA,0.02,0.0135,0.0235,8.45,208.55,17.4,135.525,0.009,0.115,2.13,0.025,0.0116666666666667,0.0166666666666667,8.57,247.15,20.55,160.55,0.008,0.136666666666667,2.32,0.01485,0.008,0.0105,8.46,265.6,15.2,172.95,0.01,0.12,5.19
"340",2019,"Clark Fork River above Flathead",Sep 2019,10.465,24.56,2019-09-09,9,1,NA,NA,NA,NA,NA,NA,NA,NA,NA,NA,0.02,0.0135,0.0235,8.45,208.55,17.4,135.525,0.009,0.115,2.13,0.025,0.0116666666666667,0.0166666666666667,8.57,247.15,20.55,160.55,0.008,0.136666666666667,2.32,0.01485,0.008,0.0105,8.46,265.6,15.2,172.95,0.01,0.12,5.19
"341",2019,"Clark Fork River above Little Blackfoot",Jul 2019,47.522972972973,34.0678052189189,2019-07-16,7,1,NA,NA,NA,NA,NA,NA,NA,NA,NA,NA,0.0137,NA,0.046,8.735,378.15,19.4,245.705,0.053,0.23,4.03,0.03,0.074,0.03,8.65,443.9,19.7,288.28,0.0375,0.31,2.6,0.0166666666666667,0.102,0.0233333333333333,8.205,451.35,14,298.475,0.0946666666666667,0.34,22.69
"342",2019,"Clark Fork River above Little Blackfoot",Aug 2019,54.6105263157895,141.594736842105,2019-08-21,8,1,NA,NA,NA,NA,NA,NA,NA,NA,NA,NA,0.0137,NA,0.046,8.735,378.15,19.4,245.705,0.053,0.23,4.03,0.03,0.074,0.03,8.65,443.9,19.7,288.28,0.0375,0.31,2.6,0.0166666666666667,0.102,0.0233333333333333,8.205,451.35,14,298.475,0.0946666666666667,0.34,22.69
"343",2019,"Clark Fork River above Missoula",Jul 2019,79.8401951219512,122.800609756098,2019-07-14,7,1,NA,NA,NA,NA,NA,NA,NA,NA,NA,NA,0.015,0.005,0.0245,8.58,277.3,17.4,180.375,0.0295,0.125,5.13,0.02,NA,0.014,8.52,303.85,18.05,197.655,0.014,0.13,2.195,0.015,0.016,0.017,8.285,329.35,13.45,214.175,0.0465,0.175,12.11
"344",2019,"Clark Fork River above Missoula",Aug 2019,53.4361904761905,108.2,2019-08-09,8,1,NA,NA,NA,NA,NA,NA,NA,NA,NA,NA,0.015,0.005,0.0245,8.58,277.3,17.4,180.375,0.0295,0.125,5.13,0.02,NA,0.014,8.52,303.85,18.05,197.655,0.014,0.13,2.195,0.015,0.016,0.017,8.285,329.35,13.45,214.175,0.0465,0.175,12.11
"345",2019,"Clark Fork River above Missoula",Sep 2019,29.7142857142857,101.85,2019-09-09,9,1,NA,NA,NA,NA,NA,NA,NA,NA,NA,NA,0.015,0.005,0.0245,8.58,277.3,17.4,180.375,0.0295,0.125,5.13,0.02,NA,0.014,8.52,303.85,18.05,197.655,0.014,0.13,2.195,0.015,0.016,0.017,8.285,329.35,13.45,214.175,0.0465,0.175,12.11
"346",2019,"Clark Fork River at Bonita",Jul 2019,72.5528,69.4168888888889,2019-07-16,7,1,NA,NA,NA,NA,NA,NA,NA,NA,NA,NA,0.01365,0.005,0.039,8.58,423.5,18.65,275.275,0.0445,0.185,4.51,0.03,0.003,0.0266666666666667,8.63,412,20.75,265.85,0.0276666666666667,0.19,3.61,0.0166666666666667,0.0235,0.033,8.345,468.05,15.3,305.7,0.1265,0.31,29.325
"347",2019,"Clark Fork River at Bonita",Aug 2019,55.8133333333333,117.65,2019-08-19,8,1,NA,NA,NA,NA,NA,NA,NA,NA,NA,NA,0.01365,0.005,0.039,8.58,423.5,18.65,275.275,0.0445,0.185,4.51,0.03,0.003,0.0266666666666667,8.63,412,20.75,265.85,0.0276666666666667,0.19,3.61,0.0166666666666667,0.0235,0.033,8.345,468.05,15.3,305.7,0.1265,0.31,29.325
"348",2019,"Clark Fork River at Deer Lodge",Jul 2019,66.8725623583333,201.985260771429,2019-07-15,7,1,NA,NA,NA,NA,NA,NA,NA,NA,NA,NA,0.025,0.0295,0.0255,8.85,345.4,18.05,224.575,0.034,0.235,3.23,0.03,0.1425,0.0285,8.495,437.3,19.65,284.375,0.0255,0.345,2.92,0.02,0.108,0.0195,8.205,462.55,13.75,300.625,0.0875,0.35,16.985
"349",2019,"Clark Fork River at Deer Lodge",Aug 2019,75.8909090908696,188.972727273913,2019-08-21,8,1,NA,NA,NA,NA,NA,NA,NA,NA,NA,NA,0.025,0.0295,0.0255,8.85,345.4,18.05,224.575,0.034,0.235,3.23,0.03,0.1425,0.0285,8.495,437.3,19.65,284.375,0.0255,0.345,2.92,0.02,0.108,0.0195,8.205,462.55,13.75,300.625,0.0875,0.35,16.985
"350",2019,"Clark Fork River at Huson",Sep 2019,17.25,68.1,2019-09-10,9,1,NA,NA,NA,NA,NA,NA,NA,NA,NA,NA,0.0233333333333333,0.029,0.0143333333333333,8.36,223,17.35,145.275,0.027,0.17,3.095,0.03,0.0425,0.0155,8.485,274.9,20.4,178.75,0.014,0.19,1.71,0.0175,0.033,0.0133333333333333,8.355,287.45,14.35,186.875,0.0216666666666667,0.17,4.985
"351",2019,"Clark Fork River at Huson",Aug 2019,9.0455,29.04275,2019-08-08,8,1,NA,NA,NA,NA,NA,NA,NA,NA,NA,NA,0.0233333333333333,0.029,0.0143333333333333,8.36,223,17.35,145.275,0.027,0.17,3.095,0.03,0.0425,0.0155,8.485,274.9,20.4,178.75,0.014,0.19,1.71,0.0175,0.033,0.0133333333333333,8.355,287.45,14.35,186.875,0.0216666666666667,0.17,4.985
"354",2019,"Clark Fork River below Missoula",Aug 2019,15.06725,44.315,2019-08-08,8,1,NA,NA,NA,NA,NA,NA,NA,NA,NA,NA,0.02,0.0196666666666667,0.0296666666666667,8.485,272,16.3,177.13,0.0333333333333333,0.136666666666667,4.385,0.03,0.0445,0.0135,8.685,299.05,18.55,194.35,0.014,0.17,2.9,0.015,0.0335,0.0165,8.275,323.65,13.6,211.1,0.046,0.19,9.695
"355",2019,"Clark Fork River below Missoula",Sep 2019,58.55,253.4,2019-09-09,9,1,NA,NA,NA,NA,NA,NA,NA,NA,NA,NA,0.02,0.0196666666666667,0.0296666666666667,8.485,272,16.3,177.13,0.0333333333333333,0.136666666666667,4.385,0.03,0.0445,0.0135,8.685,299.05,18.55,194.35,0.014,0.17,2.9,0.015,0.0335,0.0165,8.275,323.65,13.6,211.1,0.046,0.19,9.695
"358",2020,"Clark Fork River above Flathead",Aug 2020,8.27571428571429,16.7533333333333,2020-08-10,8,1,NA,NA,NA,NA,NA,NA,NA,NA,NA,NA,NA,0.005,0.001,8.075,200.05,19.2,NA,0.009,0.09,3.375,NA,0.008,0.003,8.24,241.35,18.7,NA,0.006,0.12,1.18,0.02,0.01075,0.004,8.13,260.95,13.85,NA,0.00625,0.1,1.705
"359",2020,"Clark Fork River above Flathead",Sep 2020,8.19761904761905,16.4980952380952,2020-09-09,9,1,NA,NA,NA,NA,NA,NA,NA,NA,NA,NA,NA,0.005,0.001,8.075,200.05,19.2,NA,0.009,0.09,3.375,NA,0.008,0.003,8.24,241.35,18.7,NA,0.006,0.12,1.18,0.02,0.01075,0.004,8.13,260.95,13.85,NA,0.00625,0.1,1.705
"360",2020,"Clark Fork River above Little Blackfoot",Aug 2020,139.6645,105.9665,2020-08-11,8,1,NA,NA,NA,NA,NA,NA,NA,NA,NA,NA,NA,NA,0.009,8.51,364.1,19.7,NA,0.026,0.18,4.095,NA,0.017,0.0115,8.375,448.5,17.95,NA,0.02,0.24,3.92,0.02,0.036,0.0136666666666667,8.265,489.1,12.35,NA,0.0223333333333333,0.25,2.4
"361",2020,"Clark Fork River above Little Blackfoot",Sep 2020,66.2779166666667,147.974166666667,2020-09-10,9,1,NA,NA,NA,NA,NA,NA,NA,NA,NA,NA,NA,NA,0.009,8.51,364.1,19.7,NA,0.026,0.18,4.095,NA,0.017,0.0115,8.375,448.5,17.95,NA,0.02,0.24,3.92,0.02,0.036,0.0136666666666667,8.265,489.1,12.35,NA,0.0223333333333333,0.25,2.4
"362",2020,"Clark Fork River above Missoula",Jul 2020,68.2325925925926,39.0981481481481,2020-07-21,7,1,NA,NA,NA,NA,NA,NA,NA,NA,NA,NA,NA,NA,0.006,8.18,257.5,18.65,NA,0.017,0.11,8.16,0.007,0.003,0.0045,8.365,297.3,18.3,NA,0.016,0.2,2.775,0.02,0.003,0.00566666666666667,8.12,324.95,13.85,NA,0.012,0.125,3.915
"363",2020,"Clark Fork River above Missoula",Aug 2020,117.93375,119.346666666667,2020-08-12,8,1,NA,NA,NA,NA,NA,NA,NA,NA,NA,NA,NA,NA,0.006,8.18,257.5,18.65,NA,0.017,0.11,8.16,0.007,0.003,0.0045,8.365,297.3,18.3,NA,0.016,0.2,2.775,0.02,0.003,0.00566666666666667,8.12,324.95,13.85,NA,0.012,0.125,3.915
"364",2020,"Clark Fork River above Missoula",Sep 2020,36.9171428571429,92.82,2020-09-10,9,1,NA,NA,NA,NA,NA,NA,NA,NA,NA,NA,NA,NA,0.006,8.18,257.5,18.65,NA,0.017,0.11,8.16,0.007,0.003,0.0045,8.365,297.3,18.3,NA,0.016,0.2,2.775,0.02,0.003,0.00566666666666667,8.12,324.95,13.85,NA,0.012,0.125,3.915
"365",2020,"Clark Fork River at Bonita",Jul 2020,77.2117647058824,55.5865,2020-07-23,7,1,NA,NA,NA,NA,NA,NA,NA,NA,NA,NA,NA,NA,0.009,8.195,378.8,19.5,NA,0.027,0.15,5.015,NA,NA,0.0085,8.4,481.15,19.55,NA,0.0175,0.205,3.015,0.02,NA,0.011,8.23,479.45,13.45,NA,0.025,0.175,5.26
"366",2020,"Clark Fork River at Bonita",Aug 2020,27.5190476190476,69.3933333333333,2020-08-11,8,1,NA,NA,NA,NA,NA,NA,NA,NA,NA,NA,NA,NA,0.009,8.195,378.8,19.5,NA,0.027,0.15,5.015,NA,NA,0.0085,8.4,481.15,19.55,NA,0.0175,0.205,3.015,0.02,NA,0.011,8.23,479.45,13.45,NA,0.025,0.175,5.26
"367",2020,"Clark Fork River at Bonita",Sep 2020,29.922380952381,144.493333333333,2020-09-10,9,1,NA,NA,NA,NA,NA,NA,NA,NA,NA,NA,NA,NA,0.009,8.195,378.8,19.5,NA,0.027,0.15,5.015,NA,NA,0.0085,8.4,481.15,19.55,NA,0.0175,0.205,3.015,0.02,NA,0.011,8.23,479.45,13.45,NA,0.025,0.175,5.26
"368",2020,"Clark Fork River at Deer Lodge",Sep 2020,38.1595238095238,101.877142857143,2020-09-10,9,1,NA,NA,NA,NA,NA,NA,NA,NA,NA,NA,NA,0.016,0.006,8.47,364.05,19.1,NA,0.023,0.17,3.44,NA,0.077,0.007,8.115,444.65,16.6,NA,0.017,0.295,2.425,0.02,0.0896666666666667,0.00833333333333333,8.14,485.4,12.75,NA,0.013,0.253333333333333,1.305
"369",2020,"Clark Fork River at Deer Lodge",Jul 2020,33.006,103.028666666667,2020-07-22,7,1,NA,NA,NA,NA,NA,NA,NA,NA,NA,NA,NA,0.016,0.006,8.47,364.05,19.1,NA,0.023,0.17,3.44,NA,0.077,0.007,8.115,444.65,16.6,NA,0.017,0.295,2.425,0.02,0.0896666666666667,0.00833333333333333,8.14,485.4,12.75,NA,0.013,0.253333333333333,1.305
"370",2020,"Clark Fork River at Deer Lodge",Aug 2020,75.960625,274.349375,2020-08-12,8,1,NA,NA,NA,NA,NA,NA,NA,NA,NA,NA,NA,0.016,0.006,8.47,364.05,19.1,NA,0.023,0.17,3.44,NA,0.077,0.007,8.115,444.65,16.6,NA,0.017,0.295,2.425,0.02,0.0896666666666667,0.00833333333333333,8.14,485.4,12.75,NA,0.013,0.253333333333333,1.305
"371",2020,"Clark Fork River at Huson",Aug 2020,11.6871428571429,35.8461904761905,2020-08-10,8,1,NA,NA,NA,NA,NA,NA,NA,NA,NA,NA,NA,0.005,0.004,8.25,209.45,19.25,NA,0.015,0.12,5.325,0.009,0.023,0.004,8.075,266.35,18.6,NA,0.0125,0.155,1.995,0.02,0.0473333333333333,0.00533333333333333,8.135,290.8,14.7,NA,0.0106666666666667,0.176666666666667,2.825
"372",2020,"Clark Fork River at Huson",Sep 2020,20.1538095238095,80.8466666666667,2020-09-10,9,1,NA,NA,NA,NA,NA,NA,NA,NA,NA,NA,NA,0.005,0.004,8.25,209.45,19.25,NA,0.015,0.12,5.325,0.009,0.023,0.004,8.075,266.35,18.6,NA,0.0125,0.155,1.995,0.02,0.0473333333333333,0.00533333333333333,8.135,290.8,14.7,NA,0.0106666666666667,0.176666666666667,2.825
"375",2020,"Clark Fork River below Missoula",Aug 2020,17.4209523809524,55.1357142857143,2020-08-11,8,1,NA,NA,NA,NA,NA,NA,NA,NA,NA,NA,NA,0.009,0.005,8.255,253.3,18.55,NA,0.016,0.13,4.19,NA,0.025,0.004,8.265,285.35,17.25,NA,0.0205,0.155,2.595,0.02,0.025,0.006,8.04,298.35,14.05,NA,0.0113333333333333,0.156666666666667,3.38
"376",2020,"Clark Fork River below Missoula",Sep 2020,24.8833333333333,116.385714285714,2020-09-10,9,1,NA,NA,NA,NA,NA,NA,NA,NA,NA,NA,NA,0.009,0.005,8.255,253.3,18.55,NA,0.016,0.13,4.19,NA,0.025,0.004,8.265,285.35,17.25,NA,0.0205,0.155,2.595,0.02,0.025,0.006,8.04,298.35,14.05,NA,0.0113333333333333,0.156666666666667,3.38
"379",2021,"Clark Fork River above Flathead",Aug 2021,9.53809523809524,19.4047619047619,2021-08-17,8,1,NA,NA,NA,NA,NA,NA,NA,NA,NA,NA,0.02,0.0236666666666667,0.025,8.525,216,9.95,NA,0.0336666666666667,0.193333333333333,2.955,0.02,0.006,NA,8.36,251.3,18.1,NA,0.008,0.13,2.25,0.02,0.01,NA,8.305,269.7,13.45,NA,0.0105,0.115,2.635
"380",2021,"Clark Fork River above Flathead",Sep 2021,19.2380952380952,50.7619047619048,2021-09-13,9,1,NA,NA,NA,NA,NA,NA,NA,NA,NA,NA,0.02,0.0236666666666667,0.025,8.525,216,9.95,NA,0.0336666666666667,0.193333333333333,2.955,0.02,0.006,NA,8.36,251.3,18.1,NA,0.008,0.13,2.25,0.02,0.01,NA,8.305,269.7,13.45,NA,0.0105,0.115,2.635
"381",2021,"Clark Fork River above Little Blackfoot",Jul 2021,59.9523809523809,99.6666666666667,2021-07-16,7,1,NA,NA,NA,NA,NA,NA,NA,NA,NA,NA,0.025,0.002,0.00466666666666667,8.67,476.15,20.75,NA,0.0343333333333333,0.26,2.635,0.03,0.004,0.003,8.615,498.7,18.75,NA,0.03,0.26,3.215,0.02,0.034,0.002,8.52,509.45,10.55,NA,0.0155,0.225,1.985
"382",2021,"Clark Fork River above Little Blackfoot",Aug 2021,61.8095238095238,238.857142857143,2021-08-16,8,1,NA,NA,NA,NA,NA,NA,NA,NA,NA,NA,0.025,0.002,0.00466666666666667,8.67,476.15,20.75,NA,0.0343333333333333,0.26,2.635,0.03,0.004,0.003,8.615,498.7,18.75,NA,0.03,0.26,3.215,0.02,0.034,0.002,8.52,509.45,10.55,NA,0.0155,0.225,1.985
"383",2021,"Clark Fork River above Little Blackfoot",Sep 2021,46.8095238095238,144.857142857143,2021-09-11,9,1,NA,NA,NA,NA,NA,NA,NA,NA,NA,NA,0.025,0.002,0.00466666666666667,8.67,476.15,20.75,NA,0.0343333333333333,0.26,2.635,0.03,0.004,0.003,8.615,498.7,18.75,NA,0.03,0.26,3.215,0.02,0.034,0.002,8.52,509.45,10.55,NA,0.0155,0.225,1.985
"384",2021,"Clark Fork River above Missoula",Aug 2021,45.1904761904762,196.857142857143,2021-08-17,8,1,NA,NA,NA,NA,NA,NA,NA,NA,NA,NA,0.02,NA,0.001,8.49,265.8,18.55,NA,0.0145,0.105,2.745,0.02,NA,NA,8.53,307.45,18.6,NA,0.015,0.12,4.785,0.01,NA,NA,7.935,326.75,11.85,NA,0.0105,0.115,3.57
"385",2021,"Clark Fork River above Missoula",Sep 2021,46.3333333333333,103.761904761905,2021-09-13,9,1,NA,NA,NA,NA,NA,NA,NA,NA,NA,NA,0.02,NA,0.001,8.49,265.8,18.55,NA,0.0145,0.105,2.745,0.02,NA,NA,8.53,307.45,18.6,NA,0.015,0.12,4.785,0.01,NA,NA,7.935,326.75,11.85,NA,0.0105,0.115,3.57
"386",2021,"Clark Fork River at Bonita",Jul 2021,137.136363636364,186.272727272727,2021-07-15,7,1,NA,NA,NA,NA,NA,NA,NA,NA,NA,NA,0.03,0.005,0.005,8.67,548.7,21.65,NA,0.0175,0.23,2.61,0.02,NA,NA,8.655,513.45,19.9,NA,0.019,0.2,4.595,0.02,NA,8e-04,8.45,528.4,11.95,NA,0.0195,0.18,4.66
"387",2021,"Clark Fork River at Bonita",Aug 2021,96.4285714285714,185,2021-08-16,8,1,NA,NA,NA,NA,NA,NA,NA,NA,NA,NA,0.03,0.005,0.005,8.67,548.7,21.65,NA,0.0175,0.23,2.61,0.02,NA,NA,8.655,513.45,19.9,NA,0.019,0.2,4.595,0.02,NA,8e-04,8.45,528.4,11.95,NA,0.0195,0.18,4.66
"388",2021,"Clark Fork River at Bonita",Sep 2021,66.6190476190476,185.761904761905,2021-09-12,9,1,NA,NA,NA,NA,NA,NA,NA,NA,NA,NA,0.03,0.005,0.005,8.67,548.7,21.65,NA,0.0175,0.23,2.61,0.02,NA,NA,8.655,513.45,19.9,NA,0.019,0.2,4.595,0.02,NA,8e-04,8.45,528.4,11.95,NA,0.0195,0.18,4.66
"389",2021,"Clark Fork River at Deer Lodge",Jul 2021,41.9047619047619,120.428571428571,2021-07-16,7,1,NA,NA,NA,NA,NA,NA,NA,NA,NA,NA,0.03,0.114,0.002,8.44,453.15,19.35,NA,0.021,0.335,2.77,0.03,0.093,NA,8.43,514.05,16.8,NA,0.017,0.33,3.03,0.02,0.119,NA,8.19,532.6,9.65,NA,0.012,0.31,2.98
"390",2021,"Clark Fork River at Deer Lodge",Aug 2021,37.1904761904762,139.571428571429,2021-08-16,8,1,NA,NA,NA,NA,NA,NA,NA,NA,NA,NA,0.03,0.114,0.002,8.44,453.15,19.35,NA,0.021,0.335,2.77,0.03,0.093,NA,8.43,514.05,16.8,NA,0.017,0.33,3.03,0.02,0.119,NA,8.19,532.6,9.65,NA,0.012,0.31,2.98
"391",2021,"Clark Fork River at Deer Lodge",Sep 2021,30.8095238095238,101.487804878049,2021-09-13,9,1,NA,NA,NA,NA,NA,NA,NA,NA,NA,NA,0.03,0.114,0.002,8.44,453.15,19.35,NA,0.021,0.335,2.77,0.03,0.093,NA,8.43,514.05,16.8,NA,0.017,0.33,3.03,0.02,0.119,NA,8.19,532.6,9.65,NA,0.012,0.31,2.98
"392",2021,"Clark Fork River at Huson",Aug 2021,16.1904761904762,62.9523809523809,2021-08-17,8,1,NA,NA,NA,NA,NA,NA,NA,NA,NA,NA,0.03,0.022,0.00145,8.28,243.3,19.7,NA,0.0165,0.155,1.925,0.02,0.01,NA,8.08,274.95,17.2,NA,0.015,0.15,3.945,0.02,0.0145,NA,7.895,300.7,12.25,NA,0.012,0.155,2.11
"393",2021,"Clark Fork River at Huson",Sep 2021,64.8095238095238,363.714285714286,2021-09-13,9,1,NA,NA,NA,NA,NA,NA,NA,NA,NA,NA,0.03,0.022,0.00145,8.28,243.3,19.7,NA,0.0165,0.155,1.925,0.02,0.01,NA,8.08,274.95,17.2,NA,0.015,0.15,3.945,0.02,0.0145,NA,7.895,300.7,12.25,NA,0.012,0.155,2.11
"396",2021,"Clark Fork River below Missoula",Aug 2021,14.047619047619,59.1904761904762,2021-08-16,8,1,NA,NA,NA,NA,NA,NA,NA,NA,NA,NA,0.02,0.02,0.001,8.44,262.35,17.6,NA,0.015,0.13,2.045,0.02,0.015,NA,8.335,298.7,16.4,NA,0.007,0.16,4.49,0.02,0.0353333333333333,0.002,8.315,323.35,11.95,NA,0.0136666666666667,0.163333333333333,3.475
"397",2021,"Clark Fork River below Missoula",Jul 2021,16.3809523809524,57.3333333333333,2021-07-16,7,1,NA,NA,NA,NA,NA,NA,NA,NA,NA,NA,0.02,0.02,0.001,8.44,262.35,17.6,NA,0.015,0.13,2.045,0.02,0.015,NA,8.335,298.7,16.4,NA,0.007,0.16,4.49,0.02,0.0353333333333333,0.002,8.315,323.35,11.95,NA,0.0136666666666667,0.163333333333333,3.475
"400",2022,"Clark Fork River above Flathead",Aug 2022,4.04117647058824,7.71340588235294,2022-08-12,8,1,NA,NA,NA,NA,NA,NA,NA,NA,NA,NA,NA,0.007,0.002,7.95,169.7,18.4,NA,0.006,0.15,3.98,0.02,0.0165,0.0185,8.19666666666667,227.133333333333,19.7333333333333,NA,0.0293333333333333,0.17,0.96,NA,0.011,0.001,8.24,255,15.05,NA,0.026,0.25,1.835
"401",2022,"Clark Fork River above Flathead",Sep 2022,9.6747619047619,20.4809238095238,2022-09-11,9,1,NA,NA,NA,NA,NA,NA,NA,NA,NA,NA,NA,0.007,0.002,7.95,169.7,18.4,NA,0.006,0.15,3.98,0.02,0.0165,0.0185,8.19666666666667,227.133333333333,19.7333333333333,NA,0.0293333333333333,0.17,0.96,NA,0.011,0.001,8.24,255,15.05,NA,0.026,0.25,1.835
"402",2022,"Clark Fork River above Little Blackfoot",Jul 2022,74.1052631578947,51.6179157894737,2022-07-18,7,1,NA,NA,NA,NA,NA,NA,NA,NA,NA,NA,0.03,NA,0.021,8.43,436.1,21.2,NA,0.05,0.223333333333333,3.125,0.015,0.006,0.007,8.585,466.15,21,NA,0.034,0.205,1.695,NA,NA,0.0013,8.48,524.55,15.7,NA,0.0126666666666667,0.233333333333333,1.195
"403",2022,"Clark Fork River above Little Blackfoot",Aug 2022,115.095238095238,75.0967476190476,2022-08-11,8,1,NA,NA,NA,NA,NA,NA,NA,NA,NA,NA,0.03,NA,0.021,8.43,436.1,21.2,NA,0.05,0.223333333333333,3.125,0.015,0.006,0.007,8.585,466.15,21,NA,0.034,0.205,1.695,NA,NA,0.0013,8.48,524.55,15.7,NA,0.0126666666666667,0.233333333333333,1.195
"404",2022,"Clark Fork River above Little Blackfoot",Sep 2022,102.863636363636,99.2602409090909,2022-09-13,9,1,NA,NA,NA,NA,NA,NA,NA,NA,NA,NA,0.03,NA,0.021,8.43,436.1,21.2,NA,0.05,0.223333333333333,3.125,0.015,0.006,0.007,8.585,466.15,21,NA,0.034,0.205,1.695,NA,NA,0.0013,8.48,524.55,15.7,NA,0.0126666666666667,0.233333333333333,1.195
"405",2022,"Clark Fork River above Missoula",Jul 2022,29.7073170731707,88.9281756097561,2022-07-23,7,1,NA,NA,NA,NA,NA,NA,NA,NA,NA,NA,0.03,0.021,0.0195,8.315,251.45,20.5,NA,0.042,0.125,5.92,0.0166666666666667,0.003,0.002,8.465,272.6,20.85,NA,0.0123333333333333,0.126666666666667,3.14,NA,NA,NA,8.365,319.15,14.9,NA,0.008,0.115,3.73
"406",2022,"Clark Fork River above Missoula",Sep 2022,40.7142857142857,95.7108761904762,2022-09-10,9,1,NA,NA,NA,NA,NA,NA,NA,NA,NA,NA,0.03,0.021,0.0195,8.315,251.45,20.5,NA,0.042,0.125,5.92,0.0166666666666667,0.003,0.002,8.465,272.6,20.85,NA,0.0123333333333333,0.126666666666667,3.14,NA,NA,NA,8.365,319.15,14.9,NA,0.008,0.115,3.73
"407",2022,"Clark Fork River at Bonita",Jul 2022,62.6190476190476,66.8821666666667,2022-07-18,7,1,NA,NA,NA,NA,NA,NA,NA,NA,NA,NA,NA,0.021,0.0225,8.395,441,22.05,NA,0.06,0.21,8.14,0.0133333333333333,0.005,0.00366666666666667,8.475,519.9,22.4,NA,0.0193333333333333,0.176666666666667,4.39,NA,NA,0.00145,8.395,531.9,16.55,NA,0.0165,0.22,4.03
"408",2022,"Clark Fork River at Bonita",Aug 2022,39.7142857142857,145.048280952381,2022-08-14,8,1,NA,NA,NA,NA,NA,NA,NA,NA,NA,NA,NA,0.021,0.0225,8.395,441,22.05,NA,0.06,0.21,8.14,0.0133333333333333,0.005,0.00366666666666667,8.475,519.9,22.4,NA,0.0193333333333333,0.176666666666667,4.39,NA,NA,0.00145,8.395,531.9,16.55,NA,0.0165,0.22,4.03
"409",2022,"Clark Fork River at Bonita",Sep 2022,43.2380952380952,87.8959476190476,2022-09-10,9,1,NA,NA,NA,NA,NA,NA,NA,NA,NA,NA,NA,0.021,0.0225,8.395,441,22.05,NA,0.06,0.21,8.14,0.0133333333333333,0.005,0.00366666666666667,8.475,519.9,22.4,NA,0.0193333333333333,0.176666666666667,4.39,NA,NA,0.00145,8.395,531.9,16.55,NA,0.0165,0.22,4.03
"410",2022,"Clark Fork River at Deer Lodge",Jul 2022,33.55,187.839265,2022-07-18,7,1,NA,NA,NA,NA,NA,NA,NA,NA,NA,NA,0.03,0.0135,0.002,8.41,430.6,20.5,NA,0.045,0.213333333333333,2.57,0.015,0.1145,0.0019,8.37,490.05,19.45,NA,0.012,0.3,1.345,NA,0.1495,9e-04,8.28,537.3,14.1,NA,0.008,0.395,1.94
"411",2022,"Clark Fork River at Deer Lodge",Aug 2022,87.0833333333333,175.938995833333,2022-08-11,8,1,NA,NA,NA,NA,NA,NA,NA,NA,NA,NA,0.03,0.0135,0.002,8.41,430.6,20.5,NA,0.045,0.213333333333333,2.57,0.015,0.1145,0.0019,8.37,490.05,19.45,NA,0.012,0.3,1.345,NA,0.1495,9e-04,8.28,537.3,14.1,NA,0.008,0.395,1.94
"412",2022,"Clark Fork River at Deer Lodge",Sep 2022,201.695652173913,208.5242,2022-09-11,9,1,NA,NA,NA,NA,NA,NA,NA,NA,NA,NA,0.03,0.0135,0.002,8.41,430.6,20.5,NA,0.045,0.213333333333333,2.57,0.015,0.1145,0.0019,8.37,490.05,19.45,NA,0.012,0.3,1.345,NA,0.1495,9e-04,8.28,537.3,14.1,NA,0.008,0.395,1.94
"413",2022,"Clark Fork River at Huson",Sep 2022,23.047619047619,68.8747619047619,2022-09-12,9,1,NA,NA,NA,NA,NA,NA,NA,NA,NA,NA,NA,0.008,0.002,7.91,178.1,19.2,NA,0.017,0.12,4.75,0.02,0.0373333333333333,0.0015,7.93666666666667,251.166666666667,18.7,NA,0.0323333333333333,0.2,3.80333333333333,NA,0.0075,0.0014,8.24,279.9,15.65,NA,0.0115,0.2,2.265
"414",2022,"Clark Fork River at Huson",Aug 2022,14.6875,43.62551875,2022-08-12,8,1,NA,NA,NA,NA,NA,NA,NA,NA,NA,NA,NA,0.008,0.002,7.91,178.1,19.2,NA,0.017,0.12,4.75,0.02,0.0373333333333333,0.0015,7.93666666666667,251.166666666667,18.7,NA,0.0323333333333333,0.2,3.80333333333333,NA,0.0075,0.0014,8.24,279.9,15.65,NA,0.0115,0.2,2.265
"417",2022,"Clark Fork River below Missoula",Jul 2022,16.7142857142857,53.8609571428571,2022-07-20,7,1,NA,NA,NA,NA,NA,NA,NA,NA,NA,NA,NA,0.01,0.004,7.99,237.6,17.4,NA,0.019,0.14,6.14,0.02,0.033,0.0185,8.35333333333333,266.7,20.4,NA,0.0316666666666667,0.22,3.40666666666667,NA,0.033,0.0015,8.295,313.25,15.05,NA,0.0145,0.185,3.055
"418",2022,"Clark Fork River below Missoula",Sep 2022,21.047619047619,116.164061904762,2022-09-11,9,1,NA,NA,NA,NA,NA,NA,NA,NA,NA,NA,NA,0.01,0.004,7.99,237.6,17.4,NA,0.019,0.14,6.14,0.02,0.033,0.0185,8.35333333333333,266.7,20.4,NA,0.0316666666666667,0.22,3.40666666666667,NA,0.033,0.0015,8.295,313.25,15.05,NA,0.0145,0.185,3.055
