"","Year","Site","Group.1","Group.2","ActivityStartDate","Day.x","Month.x","Chlorophyll.a..corrected.for.pheophytin","Weight","Temperature..water","pH","Specific.conductance","Turbidity","Dissolved.oxygen..DO.","Dissolved.oxygen.saturation","Oxidation.reduction.potential..ORP.","Ammonia","Nitrate...Nitrite","Orthophosphate","Total.dissolved.solids","Total.Nitrogen..mixed.forms","Total.Phosphorus..mixed.forms","...1","agency_cd","datetime","Day.y","Month.y","Q_CFS","STAT","Days_Since_Freshet"
"1",1997,"BM",NA,NA,NA,NA,NA,NA,NA,NA,NA,NA,NA,NA,NA,NA,NA,NA,NA,NA,NA,NA,97,"USGS","6/6/1997",6,6,41700,"A",NA
"2",1997,"BN",NA,NA,NA,NA,NA,NA,NA,NA,NA,NA,NA,NA,NA,NA,NA,NA,NA,NA,NA,NA,43,"USGS","6/12/1997",12,6,4910,"A",NA
"3",1997,"DL",NA,NA,NA,NA,NA,NA,NA,NA,NA,NA,NA,NA,NA,NA,NA,NA,NA,NA,NA,NA,1,"USGS","6/14/1997",14,6,1980,"A",NA
"4",1997,"FH",NA,NA,NA,NA,NA,NA,NA,NA,NA,NA,NA,NA,NA,NA,NA,NA,NA,NA,NA,NA,151,"USGS","6/3/1997",3,6,54900,"A",NA
"5",1997,"HU",NA,NA,NA,NA,NA,NA,NA,NA,NA,NA,NA,NA,NA,NA,NA,NA,NA,NA,NA,NA,124,"USGS","6/6/1997",6,6,41700,"A",NA
"6",1997,"MS",NA,NA,NA,NA,NA,NA,NA,NA,NA,NA,NA,NA,NA,NA,NA,NA,NA,NA,NA,NA,70,"USGS","6/6/1997",6,6,20600,"A",NA
"7",1998,"BM",NA,NA,NA,NA,NA,NA,NA,NA,NA,NA,NA,NA,NA,NA,NA,NA,NA,NA,NA,NA,98,"USGS","6/21/1998",21,6,20300,"A",NA
"8",1998,"BN",NA,NA,NA,NA,NA,NA,NA,NA,NA,NA,NA,NA,NA,NA,NA,NA,NA,NA,NA,NA,44,"USGS","6/27/1998",27,6,4550,"A",NA
"9",1998,"DL",NA,NA,NA,NA,NA,NA,NA,NA,NA,NA,NA,NA,NA,NA,NA,NA,NA,NA,NA,NA,2,"USGS","7/4/1998",4,7,1090,"A",NA
"10",1998,"FH",NA,NA,NA,NA,NA,NA,NA,NA,NA,NA,NA,NA,NA,NA,NA,NA,NA,NA,NA,NA,152,"USGS","6/21/1998",21,6,23800,"A",NA
"11",1998,"HU",NA,NA,NA,NA,NA,NA,NA,NA,NA,NA,NA,NA,NA,NA,NA,NA,NA,NA,NA,NA,125,"USGS","6/21/1998",21,6,20300,"A",NA
"12",1998,"MS",NA,NA,NA,NA,NA,NA,NA,NA,NA,NA,NA,NA,NA,NA,NA,NA,NA,NA,NA,NA,71,"USGS","6/21/1998",21,6,12200,"A",NA
"13",1999,"BM",NA,NA,NA,NA,NA,NA,NA,NA,NA,NA,NA,NA,NA,NA,NA,NA,NA,NA,NA,NA,99,"USGS","6/5/1999",5,6,30400,"A",NA
"14",1999,"BN",NA,NA,NA,NA,NA,NA,NA,NA,NA,NA,NA,NA,NA,NA,NA,NA,NA,NA,NA,NA,45,"USGS","6/4/1999",4,6,2840,"A",NA
"15",1999,"DL",NA,NA,NA,NA,NA,NA,NA,NA,NA,NA,NA,NA,NA,NA,NA,NA,NA,NA,NA,NA,3,"USGS","6/4/1999",4,6,796,"A",NA
"16",1999,"FH",NA,NA,NA,NA,NA,NA,NA,NA,NA,NA,NA,NA,NA,NA,NA,NA,NA,NA,NA,NA,153,"USGS","6/5/1999",5,6,39400,"A",NA
"17",1999,"HU",NA,NA,NA,NA,NA,NA,NA,NA,NA,NA,NA,NA,NA,NA,NA,NA,NA,NA,NA,NA,126,"USGS","6/5/1999",5,6,30400,"A",NA
"18",1999,"MS",NA,NA,NA,NA,NA,NA,NA,NA,NA,NA,NA,NA,NA,NA,NA,NA,NA,NA,NA,NA,72,"USGS","6/5/1999",5,6,14400,"A",NA
"19",2000,"BM",NA,NA,NA,NA,NA,NA,NA,NA,NA,NA,NA,NA,NA,NA,NA,NA,NA,NA,NA,NA,100,"USGS","5/23/2000",23,5,13100,"A",NA
"20",2000,"BN",NA,NA,NA,NA,NA,NA,NA,NA,NA,NA,NA,NA,NA,NA,NA,NA,NA,NA,NA,NA,46,"USGS","2/3/2000",3,2,735,"A",NA
"21",2000,"DL",NA,NA,NA,NA,NA,NA,NA,NA,NA,NA,NA,NA,NA,NA,NA,NA,NA,NA,NA,NA,4,"USGS","2/24/2000",24,2,233,"A",NA
"22",2000,"FH",NA,NA,NA,NA,NA,NA,NA,NA,NA,NA,NA,NA,NA,NA,NA,NA,NA,NA,NA,NA,154,"USGS","5/24/2000",24,5,18500,"A",NA
"23",2000,"HU",NA,NA,NA,NA,NA,NA,NA,NA,NA,NA,NA,NA,NA,NA,NA,NA,NA,NA,NA,NA,127,"USGS","5/23/2000",23,5,13100,"A",NA
"24",2000,"MS",NA,NA,NA,NA,NA,NA,NA,NA,NA,NA,NA,NA,NA,NA,NA,NA,NA,NA,NA,NA,73,"USGS","4/23/2000",23,4,6240,"A",NA
"25",2001,"BM",NA,NA,NA,NA,NA,NA,NA,NA,NA,NA,NA,NA,NA,NA,NA,NA,NA,NA,NA,NA,101,"USGS","5/16/2001",16,5,15300,"A",NA
"26",2001,"BN",NA,NA,NA,NA,NA,NA,NA,NA,NA,NA,NA,NA,NA,NA,NA,NA,NA,NA,NA,NA,47,"USGS","6/5/2001",5,6,1750,"A",NA
"27",2001,"DL",NA,NA,NA,NA,NA,NA,NA,NA,NA,NA,NA,NA,NA,NA,NA,NA,NA,NA,NA,NA,5,"USGS","6/4/2001",4,6,279,"A",NA
"28",2001,"FH",NA,NA,NA,NA,NA,NA,NA,NA,NA,NA,NA,NA,NA,NA,NA,NA,NA,NA,NA,NA,155,"USGS","5/16/2001",16,5,19400,"A",NA
"29",2001,"HU",NA,NA,NA,NA,NA,NA,NA,NA,NA,NA,NA,NA,NA,NA,NA,NA,NA,NA,NA,NA,128,"USGS","5/16/2001",16,5,15300,"A",NA
"30",2001,"MS",NA,NA,NA,NA,NA,NA,NA,NA,NA,NA,NA,NA,NA,NA,NA,NA,NA,NA,NA,NA,74,"USGS","5/16/2001",16,5,6780,"A",NA
"31",2002,"BM",NA,NA,NA,NA,NA,NA,NA,NA,NA,NA,NA,NA,NA,NA,NA,NA,NA,NA,NA,NA,102,"USGS","6/1/2002",1,6,27000,"A",NA
"32",2002,"BN",NA,NA,NA,NA,NA,NA,NA,NA,NA,NA,NA,NA,NA,NA,NA,NA,NA,NA,NA,NA,48,"USGS","6/11/2002",11,6,1430,"A",NA
"33",2002,"DL",NA,NA,NA,NA,NA,NA,NA,NA,NA,NA,NA,NA,NA,NA,NA,NA,NA,NA,NA,NA,6,"USGS","6/10/2002",10,6,429,"A",NA
"34",2002,"FH",NA,NA,NA,NA,NA,NA,NA,NA,NA,NA,NA,NA,NA,NA,NA,NA,NA,NA,NA,NA,156,"USGS","6/1/2002",1,6,38200,"A",NA
"35",2002,"HU",NA,NA,NA,NA,NA,NA,NA,NA,NA,NA,NA,NA,NA,NA,NA,NA,NA,NA,NA,NA,129,"USGS","6/1/2002",1,6,27000,"A",NA
"36",2002,"MS",NA,NA,NA,NA,NA,NA,NA,NA,NA,NA,NA,NA,NA,NA,NA,NA,NA,NA,NA,NA,75,"USGS","6/1/2002",1,6,11500,"A",NA
"37",2003,"BM",NA,NA,NA,NA,NA,NA,NA,NA,NA,NA,NA,NA,NA,NA,NA,NA,NA,NA,NA,NA,103,"USGS","6/1/2003",1,6,38300,"A",NA
"38",2003,"BN",NA,NA,NA,NA,NA,NA,NA,NA,NA,NA,NA,NA,NA,NA,NA,NA,NA,NA,NA,NA,49,"USGS","3/14/2003",14,3,3730,"A",NA
"39",2003,"DL",NA,NA,NA,NA,NA,NA,NA,NA,NA,NA,NA,NA,NA,NA,NA,NA,NA,NA,NA,NA,7,"USGS","6/1/2003",1,6,1020,"A",NA
"40",2003,"FH",NA,NA,NA,NA,NA,NA,NA,NA,NA,NA,NA,NA,NA,NA,NA,NA,NA,NA,NA,NA,157,"USGS","6/1/2003",1,6,43700,"A",NA
"41",2003,"HU",NA,NA,NA,NA,NA,NA,NA,NA,NA,NA,NA,NA,NA,NA,NA,NA,NA,NA,NA,NA,130,"USGS","6/1/2003",1,6,38300,"A",NA
"42",2003,"MS",NA,NA,NA,NA,NA,NA,NA,NA,NA,NA,NA,NA,NA,NA,NA,NA,NA,NA,NA,NA,76,"USGS","5/31/2003",31,5,15100,"A",NA
"43",2004,"BM",NA,NA,NA,NA,NA,NA,NA,NA,NA,NA,NA,NA,NA,NA,NA,NA,NA,NA,NA,NA,104,"USGS","6/7/2004",7,6,14900,"A",NA
"44",2004,"BN",NA,NA,NA,NA,NA,NA,NA,NA,NA,NA,NA,NA,NA,NA,NA,NA,NA,NA,NA,NA,50,"USGS","3/9/2004",9,3,1370,"A",NA
"45",2004,"DL",NA,NA,NA,NA,NA,NA,NA,NA,NA,NA,NA,NA,NA,NA,NA,NA,NA,NA,NA,NA,8,"USGS","3/9/2004",9,3,267,"A",NA
"46",2004,"FH",NA,NA,NA,NA,NA,NA,NA,NA,NA,NA,NA,NA,NA,NA,NA,NA,NA,NA,NA,NA,158,"USGS","6/7/2004",7,6,19200,"A",NA
"47",2004,"HU",NA,NA,NA,NA,NA,NA,NA,NA,NA,NA,NA,NA,NA,NA,NA,NA,NA,NA,NA,NA,131,"USGS","6/7/2004",7,6,14900,"A",NA
"48",2004,"MS",NA,NA,NA,NA,NA,NA,NA,NA,NA,NA,NA,NA,NA,NA,NA,NA,NA,NA,NA,NA,77,"USGS","6/7/2004",7,6,6050,"A",NA
"49",2005,"BM",NA,NA,NA,NA,NA,NA,NA,NA,NA,NA,NA,NA,NA,NA,NA,NA,NA,NA,NA,NA,105,"USGS","5/20/2005",20,5,18400,"A",NA
"50",2005,"BN",NA,NA,NA,NA,NA,NA,NA,NA,NA,NA,NA,NA,NA,NA,NA,NA,NA,NA,NA,NA,51,"USGS","6/5/2005",5,6,3350,"A",NA
"51",2005,"DL",NA,NA,NA,NA,NA,NA,NA,NA,NA,NA,NA,NA,NA,NA,NA,NA,NA,NA,NA,NA,9,"USGS","6/18/2005",18,6,785,"A",NA
"52",2005,"FH",NA,NA,NA,NA,NA,NA,NA,NA,NA,NA,NA,NA,NA,NA,NA,NA,NA,NA,NA,NA,159,"USGS","5/21/2005",21,5,22200,"A",NA
"53",2005,"HU",NA,NA,NA,NA,NA,NA,NA,NA,NA,NA,NA,NA,NA,NA,NA,NA,NA,NA,NA,NA,132,"USGS","5/20/2005",20,5,18400,"A",NA
"54",2005,"MS",NA,NA,NA,NA,NA,NA,NA,NA,NA,NA,NA,NA,NA,NA,NA,NA,NA,NA,NA,NA,78,"USGS","5/20/2005",20,5,9170,"A",NA
"55",2006,"BM",NA,NA,NA,NA,NA,NA,NA,NA,NA,NA,NA,NA,NA,NA,NA,NA,NA,NA,NA,NA,106,"USGS","5/21/2006",21,5,31400,"A",NA
"56",2006,"BN",NA,NA,NA,NA,NA,NA,NA,NA,NA,NA,NA,NA,NA,NA,NA,NA,NA,NA,NA,NA,52,"USGS","6/11/2006",11,6,2560,"A",NA
"57",2006,"DL",NA,NA,NA,NA,NA,NA,NA,NA,NA,NA,NA,NA,NA,NA,NA,NA,NA,NA,NA,NA,10,"USGS","6/11/2006",11,6,578,"A",NA
"58",2006,"FH",NA,NA,NA,NA,NA,NA,NA,NA,NA,NA,NA,NA,NA,NA,NA,NA,NA,NA,NA,NA,160,"USGS","5/21/2006",21,5,39300,"A",NA
"59",2006,"HU",NA,NA,NA,NA,NA,NA,NA,NA,NA,NA,NA,NA,NA,NA,NA,NA,NA,NA,NA,NA,133,"USGS","5/21/2006",21,5,31400,"A",NA
"60",2006,"MS",NA,NA,NA,NA,NA,NA,NA,NA,NA,NA,NA,NA,NA,NA,NA,NA,NA,NA,NA,NA,79,"USGS","5/21/2006",21,5,12700,"A",NA
"61",2007,"BM",NA,NA,NA,NA,NA,NA,NA,NA,NA,NA,NA,NA,NA,NA,NA,NA,NA,NA,NA,NA,107,"USGS","5/14/2007",14,5,18500,"A",NA
"62",2007,"BN",NA,NA,NA,NA,NA,NA,NA,NA,NA,NA,NA,NA,NA,NA,NA,NA,NA,NA,NA,NA,53,"USGS","6/7/2007",7,6,3120,"A",NA
"63",2007,"DL",NA,NA,NA,NA,NA,NA,NA,NA,NA,NA,NA,NA,NA,NA,NA,NA,NA,NA,NA,NA,11,"USGS","6/7/2007",7,6,974,"A",NA
"64",2007,"FH",NA,NA,NA,NA,NA,NA,NA,NA,NA,NA,NA,NA,NA,NA,NA,NA,NA,NA,NA,NA,161,"USGS","5/14/2007",14,5,23300,"A",NA
"65",2007,"HU",NA,NA,NA,NA,NA,NA,NA,NA,NA,NA,NA,NA,NA,NA,NA,NA,NA,NA,NA,NA,134,"USGS","5/14/2007",14,5,18500,"A",NA
"66",2007,"MS",NA,NA,NA,NA,NA,NA,NA,NA,NA,NA,NA,NA,NA,NA,NA,NA,NA,NA,NA,NA,80,"USGS","5/4/2007",4,5,9130,"A",NA
"67",2008,"BM","8-Aug","Clark Fork River below Missoula","8/10/2008",10,8,62.85,15.315,15.86666667,8.443333333,265.6666667,2.593333333,8.353333333,84.16666667,-55.26666667,0,0.042333333,NA,145.4666667,0.242333333,0.013333333,108,"USGS","5/21/2008",21,5,35500,"A",81
"68",2008,"BM","8-Sep","Clark Fork River below Missoula","9/8/2008",8,9,73.2,13.565,11.25,8.655,304.5,3.385,9.31,84.85,-62.95,0,0.046,NA,161.75,0.246,0.019,108,"USGS","5/21/2008",21,5,35500,"A",110
"69",2008,"BN","8-Aug","Clark Fork River at Bonita","8/10/2008",10,8,112.75,103.72,16.76666667,8.626666667,491,3.263333333,8.533333333,87.9,-63.93333333,NA,0.007333333,NA,260.6666667,0.207333333,0.015,54,"USGS","6/6/2008",6,6,3100,"A",65
"70",2008,"BN","8-Sep","Clark Fork River at Bonita","9/7/2008",7,9,246.50005,61.085,13.05,8.66,470,5.465,9.65,90.2,-60.55,0,0.005,NA,249.5,0.205,0.038,54,"USGS","6/6/2008",6,6,3100,"A",93
"71",2008,"DL","8-Aug","Clark Fork River at Deer Lodge","8/11/2008",11,8,172.0714286,79.77142857,16.03333333,8.853333333,457.3333333,2.09,9.266666667,96.86666667,-73.5,0.01,0.056,NA,242.6666667,0.289333333,0.018,12,"USGS","6/5/2008",5,6,957,"A",67
"72",2008,"DL","8-Sep","Clark Fork River at Deer Lodge","9/7/2008",7,9,200.85,45.145,11.9,8.985,464,3.64,10.375,97.75,-75.9,0.01,0.061,NA,251,0.311,0.0255,12,"USGS","6/5/2008",5,6,957,"A",94
"73",2008,"FH","8-Sep","Clark Fork River above Flathead","9/7/2008",7,9,13.3,4.15,16.45,8.865,237,1.77,9.235,94.45,-74,NA,0.014,NA,126,0.214,0.0095,162,"USGS","5/21/2008",21,5,45700,"A",109
"74",2008,"FH","8-Aug","Clark Fork River above Flathead","8/11/2008",11,8,3.9001,3.295,19.46666667,8.676666667,221,1.363333333,8.593333333,93.7,-77.2,0.01,0.016,NA,117.3333333,0.149333333,0.0085,162,"USGS","5/21/2008",21,5,45700,"A",82
"75",2008,"GR","8-Sep","Clark Fork River above Little Blackfoot","9/7/2008",7,9,134.8,36.17,12.35,8.965,471,3.18,10.195,52.35,-75.5,0.01,0.041,NA,250.5,0.291,0.0335,NA,NA,NA,NA,NA,NA,NA,NA
"76",2008,"GR","8-Aug","Clark Fork River above Little Blackfoot","8/10/2008",10,8,129.1,102.315,16.3,8.386666667,471.3333333,1.643333333,8.8,89.9,-68.43333333,0.01,0.006,NA,250.6666667,0.206,0.021,NA,NA,NA,NA,NA,NA,NA,NA
"77",2008,"HU","8-Aug","Clark Fork River at Huson","8/11/2008",11,8,11.05,6.205,17.7,8.493333333,243.3333333,2.423333333,8.733333333,91.46666667,-57.9,0.015,0.0785,NA,129,0.2785,0.01525,135,"USGS","5/21/2008",21,5,35500,"A",82
"78",2008,"HU","8-Sep","Clark Fork River at Huson","9/7/2008",7,9,43.15,7.725,13.95,8.73,259,2.205,9.21,90.3,-68.9,NA,0.0305,NA,137.65,0.2305,0.015,135,"USGS","5/21/2008",21,5,35500,"A",109
"79",2008,"MS","8-Aug","Clark Fork River above Missoula","8/10/2008",10,8,64.80015,29.22,16.2,8.273333333,276,1.636666667,7.88,79.93333333,-47.7,0,0.008333333,NA,146.3,0.141666667,0.009666667,81,"USGS","5/21/2008",21,5,16800,"A",81
"80",2008,"MS","8-Sep","Clark Fork River above Missoula","9/6/2008",6,9,80.19047619,19.74285714,12.15,8.35,305,2.745,9.175,85.3,-47.15,0,0.0085,NA,161.75,NA,0.011,81,"USGS","5/21/2008",21,5,16800,"A",108
"81",2009,"BM","9-Aug","Clark Fork River below Missoula","8/8/2009",8,8,38,10.75,17.2,8.386666667,277.3333333,3.52,8.076666667,NA,-57.96666667,0.00828,0.04478,0.00531,146.9666667,0.228333333,0.019833333,109,"USGS","6/1/2009",1,6,35300,"A",68
"82",2009,"BM","9-Sep","Clark Fork River below Missoula","9/8/2009",8,9,360.7619048,40.7,15.6,8.306666667,307,2.133333333,8.573333333,NA,-62.33333333,0.014858,0.041462,0.012128,162.7666667,0.24775,0.027225,109,"USGS","6/1/2009",1,6,35300,"A",99
"83",2009,"BN","9-Aug","Clark Fork River at Bonita","8/7/2009",7,8,144.8571429,111.7,18.9,8.46,430.3333333,5.643333333,8.5,NA,-59.86666667,0.00759,0.00903,0.011213333,228.6666667,0.261,0.036396667,55,"USGS","5/26/2009",26,5,3700,"A",73
"84",2009,"BN","9-Sep","Clark Fork River at Bonita","9/7/2009",7,9,225.6190476,56.35,16.76666667,8.373333333,472.6666667,3.64,9.063333333,NA,-68.46666667,0.011063333,0.007983333,0.010106667,251,0.246,0.02404,55,"USGS","5/26/2009",26,5,3700,"A",104
"85",2009,"DL","9-Aug","Clark Fork River at Deer Lodge","8/6/2009",6,8,181.047619,51.1,19.5,8.766666667,409,3.546666667,9.416666667,NA,-76.36666667,0.00959,0.068873333,0.01137,217,0.335,0.029223333,13,"USGS","6/1/2009",1,6,1140,"A",66
"86",2009,"DL","9-Sep","Clark Fork River at Deer Lodge","9/7/2009",7,9,502.9047619,91.8,17.66666667,8.503333333,434.6666667,2.24,9.87,NA,-77.56666667,0.011886667,0.057916667,0.00663,231,0.289666667,0.01827,13,"USGS","6/1/2009",1,6,1140,"A",98
"87",2009,"FH","9-Aug","Clark Fork River above Flathead","8/10/2009",10,8,23.04761905,7.6,20.43333333,8.676666667,236,1.3,8.68,NA,-75.26666667,0.005888,0.0074625,0.0034775,125.3333333,0.13825,0.0096475,163,"USGS","6/1/2009",1,6,42500,"A",70
"88",2009,"FH","9-Sep","Clark Fork River above Flathead","9/7/2009",7,9,51.61904762,19.1,20.16666667,8.5,249.3333333,1.36,8.6,NA,-74.26666667,0.0119625,0.006725,0.00315,132.6,0.157,0.008326667,163,"USGS","6/1/2009",1,6,42500,"A",98
"89",2009,"GR","9-Aug","Clark Fork River above Little Blackfoot","8/7/2009",7,8,102.2047619,95.22,19.36666667,8.603333333,429.3333333,2.81,8.983333333,NA,-68.6,0.007573333,0.014306667,0.01594,228,0.262,0.035736667,28,"USGS","6/1/2009",1,6,1420,"A",67
"90",2009,"GR","9-Sep","Clark Fork River above Little Blackfoot","9/7/2009",7,9,126.2857143,60.65,17.73333333,8.35,446.6666667,2.326666667,8.793333333,NA,-66.86666667,0.00843,0.00605,0.008946667,237.3333333,0.233666667,0.020806667,28,"USGS","6/1/2009",1,6,1420,"A",98
"91",2009,"HU","9-Aug","Clark Fork River at Huson","8/8/2009",8,8,39.19047619,9.6,19.36666667,8.473333333,257,3.116666667,8.176666667,NA,-62.36666667,0.010926667,0.048613333,0.00517,136.6333333,0.263666667,0.016753333,136,"USGS","6/1/2009",1,6,35300,"A",68
"92",2009,"HU","9-Sep","Clark Fork River at Huson","9/6/2009",6,9,51.33333333,14.57894737,18.9,8.393333333,266.3333333,2.296666667,8.563333333,NA,-67.6,0.01073,0.015222,0.00297,141.5666667,0.2265,0.0130675,136,"USGS","6/1/2009",1,6,35300,"A",97
"93",2009,"MS","9-Aug","Clark Fork River above Missoula","8/8/2009",8,8,116.952381,33.7,18.06666667,7.993333333,286.3333333,2.47,8.41,NA,-36.3,0.0074225,0.00652,0.00538,152.2333333,0.161,0.01646,82,"USGS","5/26/2009",26,5,17300,"A",74
"94",2009,"MS","9-Sep","Clark Fork River above Missoula","9/6/2009",6,9,148.0454545,41.71428571,15.66666667,7.853333333,301.6666667,1.793333333,8.623333333,NA,-39.56666667,0.010395,0.003896,0.003465,160.0666667,0.161666667,0.010663333,82,"USGS","5/26/2009",26,5,17300,"A",103
"95",2010,"BM","10-Aug","Clark Fork River below Missoula","8/6/2010",6,8,66.4047619,20.52631579,18.43333333,7.993333333,277,2.81,8.37,NA,-45.16666667,0.009933333,0.046466667,0.006233333,147.2666667,0.233,0.019666667,110,"USGS","6/6/2010",6,6,23100,"A",61
"96",2010,"BM","10-Sep","Clark Fork River below Missoula","9/9/2010",9,9,138.8285714,31.95,13.06666667,8.236666667,303.6666667,3.986666667,8.963333333,NA,-61.33333333,0.031925,0.05925,0.00685,161.3333333,0.26475,0.01965,110,"USGS","6/6/2010",6,6,23100,"A",95
"97",2010,"BN","10-Aug","Clark Fork River at Bonita","8/5/2010",5,8,58.89005,68.68421053,19.73333333,8.073333333,436,2.79,8.536666667,NA,-51.33333333,0.00765,0.003966667,0.0206,231.3333333,0.217666667,0.0363,56,"USGS","6/18/2010",18,6,4130,"A",48
"98",2010,"BN","10-Sep","Clark Fork River at Bonita","9/9/2010",9,9,138.3571429,82.45,14.3,8.206666667,455.6666667,3.666666667,9.546666667,NA,-58.46666667,0.006,0.0029,0.0118,245,0.234,0.0292,56,"USGS","6/18/2010",18,6,4130,"A",83
"99",2010,"DL","10-Aug","Clark Fork River at Deer Lodge","8/5/2010",5,8,49.64295238,39.375,19.9,8.403333333,385.6666667,7.046666667,8.93,NA,-70.03333333,0.0071,0.0473,0.033366667,204.7,0.319333333,0.078733333,14,"USGS","6/17/2010",17,6,1470,"A",49
"100",2010,"DL","10-Sep","Clark Fork River at Deer Lodge","9/9/2010",9,9,155.67,46,14.9,8.513333333,415,4.18,9.973333333,NA,-75.13333333,0.008466667,0.070033333,0.020466667,220.6666667,0.323,0.0379,14,"USGS","6/17/2010",17,6,1470,"A",84
"101",2010,"FH","10-Sep","Clark Fork River above Flathead","9/9/2010",9,9,36.90952381,24,16.3,8.54,243.3333333,1.736666667,8.903333333,NA,-78.36666667,0.0094,0.009166667,0.0032,129.3333333,0.157666667,0.0098,164,"USGS","6/7/2010",7,6,26400,"A",94
"102",2010,"FH","10-Aug","Clark Fork River above Flathead","8/7/2010",7,8,38.36363636,15.66666667,22.9,8.413333333,235.6666667,1.39,8.356666667,NA,-71.76666667,0.00615,0.008,0.00355,125.5333333,0.1665,0.010675,164,"USGS","6/7/2010",7,6,26400,"A",61
"103",2010,"GR","10-Aug","Clark Fork River above Little Blackfoot","8/5/2010",5,8,59.01608,67.80952381,20.13333333,8.266666667,401,22.74,8.886666667,NA,-63.66666667,0.0088,0.0146,0.037633333,213,0.363333333,0.088533333,29,"USGS","6/18/2010",18,6,1980,"A",48
"104",2010,"GR","10-Sep","Clark Fork River above Little Blackfoot","9/9/2010",9,9,119.4666667,59.95,14.53333333,8.443333333,426.3333333,3.786666667,10.14666667,NA,-72.03333333,0.0103,0.033566667,0.018133333,226.3333333,0.281,0.037633333,29,"USGS","6/18/2010",18,6,1980,"A",83
"105",2010,"HU","10-Aug","Clark Fork River at Huson","8/6/2010",6,8,63.74545455,20.42857143,21.73333333,8.18,263,3.526666667,8.323333333,NA,-57.56666667,0.009933333,0.043966667,0.004266667,139.8,0.245333333,0.020466667,137,"USGS","6/6/2010",6,6,23100,"A",61
"106",2010,"HU","10-Sep","Clark Fork River at Huson","9/8/2010",8,9,93.32857143,24.15,14.63333333,8.38,268,3.753333333,9.136666667,NA,-68.73333333,NA,0.02725,0.003025,143.0333333,0.22025,0.014425,137,"USGS","6/6/2010",6,6,23100,"A",94
"107",2010,"MS","10-Aug","Clark Fork River above Missoula","8/6/2010",6,8,120.95,50.28571429,18.83333333,7.66,283,2.246666667,8.56,NA,-28.5,0.009933333,0.003533333,0.006566667,150.5,0.189,0.0176,83,"USGS","6/18/2010",18,6,10100,"A",49
"108",2010,"MS","10-Sep","Clark Fork River above Missoula","9/8/2010",8,9,71.9826087,30.72727273,13.26666667,7.723333333,304,2.28,9.063333333,NA,-31.76666667,0.00605,0.002466667,0.003833333,162.3333333,0.161666667,0.0121,83,"USGS","6/18/2010",18,6,10100,"A",82
"109",2011,"BM","11-Aug","Clark Fork River below Missoula","8/9/2011",9,8,44.28571429,13.0952381,16.1,8.396666667,239.2666667,2.1,8.933333333,NA,255.0666667,0.024566667,0.030766667,0.010466667,155.5333333,0.171666667,0.020933333,111,"USGS","6/9/2011",9,6,46600,"A",61
"110",2011,"BM","11-Sep","Clark Fork River below Missoula","9/10/2011",10,9,39.33333333,8.428571429,12.35,8.395,276.55,2.08,9.615,NA,243.55,0.0072,0.0496,0.0066,179.7,0.201666667,0.013033333,111,"USGS","6/9/2011",9,6,46600,"A",93
"111",2011,"BN","11-Aug","Clark Fork River at Bonita","8/8/2011",8,8,26.57166667,16.44444444,17.1,8.356666667,373.1333333,2.816666667,8.413333333,NA,223.6666667,0.0081,0.005233333,0.0233,242.6666667,0.182333333,0.0396,57,"USGS","6/10/2011",10,6,7740,"A",59
"112",2011,"BN","11-Sep","Clark Fork River at Bonita","9/8/2011",8,9,59.61919048,17.2,13.05,8.43,426.6,3.77,9.645,NA,251.7,0.0062,0.00355,0.0194,277.25,0.2355,0.04135,57,"USGS","6/10/2011",10,6,7740,"A",90
"113",2011,"DL","11-Aug","Clark Fork River at Deer Lodge","8/8/2011",8,8,66.19047619,16.23809524,16.26666667,8.346666667,317.4,4.456666667,8.956666667,NA,218.6,0.018433333,0.089466667,0.029233333,206.4666667,0.304,0.0503,15,"USGS","6/14/2011",14,6,1960,"A",55
"114",2011,"DL","11-Sep","Clark Fork River at Deer Lodge","9/8/2011",8,9,38.05015,11.11111111,11.65,8.445,375.15,2.475,10.065,NA,250.55,0.0075,0.11425,0.0136,244.05,0.3315,0.02905,15,"USGS","6/14/2011",14,6,1960,"A",86
"115",2011,"FH","11-Aug","Clark Fork River above Flathead","8/10/2011",10,8,6.190857143,6.944444444,18.56666667,8.463333333,196.3666667,1.126666667,8.676666667,NA,207.3,0.0099,0.00525,0.004525,127.6333333,0.118615,0.0153,165,"USGS","6/10/2011",10,6,54700,"A",61
"116",2011,"FH","11-Sep","Clark Fork River above Flathead","9/9/2011",9,9,14.95238095,6.666666667,14.95,8.505,223.5,1.29,9.1,NA,240.95,0.00635,0.02435,0.0045,145.25,0.149,0.00805,165,"USGS","6/10/2011",10,6,54700,"A",91
"117",2011,"GR","11-Aug","Clark Fork River above Little Blackfoot","8/8/2011",8,8,50.66666667,13,16.9,8.446666667,332.5666667,3.386666667,9.713333333,NA,217.8666667,0.0143,0.0658,0.0315,216.2333333,0.305,0.051566667,30,"USGS","6/10/2011",10,6,2560,"A",59
"118",2011,"GR","11-Sep","Clark Fork River above Little Blackfoot","9/8/2011",8,9,46.61933333,16.66666667,11.8,8.565,383.05,2.82,11.215,NA,242.75,0.0127,0.0564,0.01565,248.95,0.3045,0.0323,30,"USGS","6/10/2011",10,6,2560,"A",90
"119",2011,"HU","11-Aug","Clark Fork River at Huson","8/11/2011",11,8,16.80952381,6.8,17.86666667,8.323333333,219.2666667,2.17,8.956666667,NA,218.7,0.012725,0.046575,0.007075,142.5666667,0.203595,0.021825,138,"USGS","6/9/2011",9,6,46600,"A",63
"120",2011,"HU","11-Sep","Clark Fork River at Huson","9/9/2011",9,9,60,10.66666667,14.05,8.4,241.1,1.85,9.485,NA,241.65,0.01105,0.036,0.00495,156.65,0.215,0.01425,138,"USGS","6/9/2011",9,6,46600,"A",92
"121",2011,"MS","11-Aug","Clark Fork River above Missoula","8/10/2011",10,8,14.90514286,9.785714286,15.4,8.383333333,240.7333333,2.156666667,8.996666667,NA,205.7,0.009533333,0.00464,0.010966667,156.4333333,0.130333333,0.0181,84,"USGS","6/10/2011",10,6,28100,"A",61
"122",2011,"MS","11-Sep","Clark Fork River above Missoula","9/10/2011",10,9,51.47619048,25.33333333,12.1,8.36,277,2.06,9.58,NA,243.6,0.0088,0.0029,0.0068,180,0.146,0.0135,84,"USGS","6/10/2011",10,6,28100,"A",92
"123",2012,"BM","12-Aug","Clark Fork River below Missoula","8/9/2012",9,8,32.76190476,12.04761905,16.13333333,8.25,246.5,2.576666667,8.993333333,NA,168.9333333,0.01026,0.035916667,0.005,160.1,0.21563,0.01575,112,"USGS","4/28/2012",28,4,33700,"A",103
"124",2012,"BM","12-Sep","Clark Fork River below Missoula","9/5/2012",5,9,161.3809524,27.80952381,12.45,8.29,255.05,1.825,9.705,NA,195.95,0.006965,0.041556667,0.002033333,165.75,0.19846,0.012236667,112,"USGS","4/28/2012",28,4,33700,"A",130
"125",2012,"BN","12-Jul","Clark Fork River at Bonita","7/25/2012",25,7,216.1428571,122.7619048,19.26666667,8.42,408.6,1.72,9.056666667,NA,130.1666667,0.007776667,0.00277,0.003773333,265.6666667,0.253406667,0.013036667,58,"USGS","4/28/2012",28,4,2180,"A",88
"126",2012,"BN","12-Sep","Clark Fork River at Bonita","9/3/2012",3,9,159.8571905,71.28571429,12.95,8.335,473.75,1.49,9.81,NA,194.35,NA,0.00199,0.00247,308.1,0.188365,0.011925,58,"USGS","4/28/2012",28,4,2180,"A",128
"127",2012,"DL","12-Jul","Clark Fork River at Deer Lodge","7/24/2012",24,7,110.0952381,50.04761905,18.96666667,8.386666667,350.7333333,3.043333333,8.816666667,NA,112.1666667,0.0106875,0.064445,0.012605,227.9,0.336625,0.0418775,16,"USGS","6/6/2012",6,6,781,"A",48
"128",2012,"DL","12-Sep","Clark Fork River at Deer Lodge","9/3/2012",3,9,180.7142857,58.33333333,12.35,8.51,412.25,2.33,10.6,NA,181.75,0.00847,0.1038,0.003035,268.1,0.355545,0.017345,16,"USGS","6/6/2012",6,6,781,"A",89
"129",2012,"FH","12-Aug","Clark Fork River above Flathead","8/9/2012",9,8,6.905333333,16.14,19.06666667,8.486666667,207.6666667,0.823333333,8.306666667,NA,94.43333333,0.007663333,0.010085,0.004166667,134.9666667,0.165765,0.0082,166,"USGS","4/28/2012",28,4,42200,"A",103
"130",2012,"FH","12-Sep","Clark Fork River above Flathead","9/4/2012",4,9,12.048,10.6,15.25,8.55,211,1.235,8.815,NA,123.6,0.00607,0.010585,0.00175,137.5,0.196455,0.00778,166,"USGS","4/28/2012",28,4,42200,"A",129
"131",2012,"GR","12-Jul","Clark Fork River above Little Blackfoot","7/23/2012",23,7,85.19047619,72.61904762,19.06666667,8.383333333,408.8666667,2.1,9.24,NA,111.3333333,0.0088675,0.00178,0.0193825,265.8666667,0.29065,0.0480775,31,"USGS","6/6/2012",6,6,999,"A",47
"132",2012,"GR","12-Sep","Clark Fork River above Little Blackfoot","9/3/2012",3,9,147.7619048,57.0952381,11.75,8.465,438.15,2.275,10.95,NA,182.45,NA,NA,0.0035,284.7,0.27037,0.02242,31,"USGS","6/6/2012",6,6,999,"A",89
"133",2012,"HU","12-Aug","Clark Fork River at Huson","8/10/2012",10,8,10.85771429,5.333333333,18,8.376666667,229.3666667,2.163333333,8.77,NA,129.4333333,0.00947,0.033655,0.0032625,149.0666667,0.2229975,0.0153475,139,"USGS","4/28/2012",28,4,33700,"A",104
"134",2012,"HU","12-Sep","Clark Fork River at Huson","9/4/2012",4,9,47.33333333,9.380952381,14.7,8.42,230.1,2.235,9.695,NA,138.05,NA,0.04407,0.00169,149.55,0.21797,0.014515,139,"USGS","4/28/2012",28,4,33700,"A",129
"135",2012,"MS","12-Aug","Clark Fork River above Missoula","8/10/2012",10,8,79.66671429,38.75,16.7,8.35,255.1666667,1.696666667,8.303333333,NA,102.6333333,0.009133333,0.00361,0.003756667,165.9666667,0.165076667,0.01274,85,"USGS","4/28/2012",28,4,17600,"A",104
"136",2012,"MS","12-Sep","Clark Fork River above Missoula","9/5/2012",5,9,63.28571429,27.42857143,11.75,8.345,280.9,1.415,9.66,NA,222.4,0.00703,0.0022,0.00172,182.65,0.159635,0.0089,85,"USGS","4/28/2012",28,4,17600,"A",130
"137",2013,"BM","13-Aug","Clark Fork River below Missoula","8/6/2013",6,8,22.80952381,8.047619048,17.4,8.36,271,2.91,8.475,NA,-457.7,0.013555,0.031145,0.003685,176.1,0.271875,0.013125,113,"USGS","5/15/2013",15,5,25600,"A",83
"138",2013,"BM","13-Sep","Clark Fork River below Missoula","9/7/2013",7,9,81.42857143,14.47619048,15.25,8.415,293.2,2.515,9.86,NA,-453.45,0.013633333,0.04233,0.007416667,190.45,0.226896667,0.01763,113,"USGS","5/15/2013",15,5,25600,"A",115
"139",2013,"BN","13-Jun","Clark Fork River at Bonita","6/28/2013",28,6,99,78.0952381,NA,NA,NA,NA,NA,NA,NA,NA,NA,NA,NA,NA,NA,59,"USGS","5/31/2013",31,5,1080,"A",28
"140",2013,"BN","13-Aug","Clark Fork River at Bonita","8/7/2013",7,8,111.952381,60.61904762,17.55,8.315,507.5,2.455,8.895,NA,-446.95,0.010305,0.00236,0.00663,329.9,0.213695,0.014075,59,"USGS","5/31/2013",31,5,1080,"A",68
"141",2013,"BN","13-Sep","Clark Fork River at Bonita","9/4/2013",4,9,119.6190476,63.47619048,15.75,8.28,520,7.23,8.29,NA,-445.55,0.011295,0.001225,0.00701,338,0.236165,0.028765,59,"USGS","5/31/2013",31,5,1080,"A",96
"142",2013,"DL","13-Jun","Clark Fork River at Deer Lodge","6/28/2013",28,6,244.9,71.35,NA,NA,NA,NA,NA,NA,NA,NA,NA,NA,NA,NA,NA,17,"USGS","5/30/2013",30,5,349,"A",29
"143",2013,"DL","13-Aug","Clark Fork River at Deer Lodge","8/8/2013",8,8,331.4482759,110.5714286,17,8.255,500.25,2.805,10.925,NA,-424.25,0.018316667,0.178586667,0.008593333,325.3,0.502916667,0.019136667,17,"USGS","5/30/2013",30,5,349,"A",70
"144",2013,"DL","13-Sep","Clark Fork River at Deer Lodge","9/4/2013",4,9,168.1153846,80.96153846,14.9,8.23,496.95,4.055,10.325,NA,-435.55,0.015045,0.19883,0.008675,323.05,0.451905,0.020785,17,"USGS","5/30/2013",30,5,349,"A",97
"145",2013,"FH","13-Jul","Clark Fork River above Flathead","7/27/2013",27,7,14.23842857,8.823529412,20.8,8.453333333,211.6666667,1.083333333,9.21,NA,-437.5666667,NA,0.011606667,0.003883333,137.5666667,0.154586667,0.008866667,167,"USGS","5/15/2013",15,5,32700,"A",73
"146",2013,"FH","13-Aug","Clark Fork River above Flathead","8/29/2013",29,8,15.57142857,7.25,19.5,8.445,227,1.015,7.9,NA,-392,0.00873,0.010405,0.00353,147.55,0.15132,0.00904,167,"USGS","5/15/2013",15,5,32700,"A",106
"147",2013,"GR","13-Jun","Clark Fork River above Little Blackfoot","6/28/2013",28,6,60.39134783,61.95652174,NA,NA,NA,NA,NA,NA,NA,NA,NA,NA,NA,NA,NA,32,"USGS","5/30/2013",30,5,394,"A",29
"148",2013,"GR","13-Aug","Clark Fork River above Little Blackfoot","8/7/2013",7,8,196.8888889,107.0740741,16.55,8.385,486.6,1.52,11.665,NA,-426.7,0.007526667,0.001373333,0.016336667,316.2,0.26929,0.027523333,32,"USGS","5/30/2013",30,5,394,"A",69
"149",2013,"GR","13-Sep","Clark Fork River above Little Blackfoot","9/3/2013",3,9,150.0689655,71.71428571,14.9,8.265,499.15,2.085,10.1,NA,-411.05,0.00904,0.009025,0.016175,324.35,0.27177,0.029835,32,"USGS","5/30/2013",30,5,394,"A",96
"150",2013,"HU","13-Jul","Clark Fork River at Huson","7/27/2013",27,7,9.333666667,5.285714286,19.83333333,8.34,242.2333333,2.766666667,8.696666667,NA,-431.3,0.012973333,0.04542,0.0038325,157.5666667,0.192618,0.01536,140,"USGS","5/15/2013",15,5,25600,"A",73
"151",2013,"HU","13-Aug","Clark Fork River at Huson","8/29/2013",29,8,22.85714286,4.238095238,17.4,8.365,247.7,3.835,8.585,NA,-441.75,0.00995,0.03979,0.003495,160.9,0.27357,0.017855,140,"USGS","5/15/2013",15,5,25600,"A",106
"152",2013,"MS","13-Aug","Clark Fork River above Missoula","8/7/2013",7,8,74.38095238,34.47619048,16.4,8.205,275.75,2.225,8.375,NA,-448.15,0.01299,0.002025,0.00333,179.45,0.155005,0.01165,86,"USGS","5/14/2013",14,5,12300,"A",85
"153",2013,"MS","13-Sep","Clark Fork River above Missoula","9/5/2013",5,9,93.38095238,37.95238095,15.15,8.225,294.95,2.32,6.2,NA,-448.4,0.010823333,0.000968,0.00371,191.8,0.146845,0.01041,86,"USGS","5/14/2013",14,5,12300,"A",114
"154",2014,"BM","14-Jul","Clark Fork River below Missoula","7/23/2014",23,7,39.95247619,14.63684211,16.95,8.13,228.75,3.79,9,NA,-129.15,NA,0.0093,0.00825,148.85,0.145,0.02025,114,"USGS","5/26/2014",26,5,33400,"A",58
"155",2014,"BM","14-Sep","Clark Fork River below Missoula","9/4/2014",4,9,123.6666667,19.53809524,13.3,8.085,336,2.675,10.12,NA,232.4,0.01295,0.02715,0.0085,218.4,0.221,0.01925,114,"USGS","5/26/2014",26,5,33400,"A",101
"156",2014,"BN","14-Aug","Clark Fork River at Bonita","8/15/2014",15,8,126.4318409,79.19767442,18.65,8.25,533,3.135,8.74,NA,236.85,0.01765,0.00455,0.01725,346.45,0.2305,0.0335,60,"USGS","3/11/2014",11,3,2620,"A",157
"157",2014,"DL","14-Aug","Clark Fork River at Deer Lodge","8/15/2014",15,8,225.0666667,65.13333333,18.6,8.335,449.55,2.65,10.415,NA,204.1,0.01615,0.0621,0.01075,292.2,0.32,0.02495,18,"USGS","6/28/2014",28,6,741,"A",48
"158",2014,"FH","14-Aug","Clark Fork River above Flathead","8/16/2014",16,8,17.3955814,12.65294118,19.2,8.176666667,237.7333333,1.44,8.4,NA,175.6666667,0.0134,0.008733333,0.003366667,154.6666667,0.178666667,0.009733333,168,"USGS","5/26/2014",26,5,41000,"A",82
"159",2014,"GR","14-Aug","Clark Fork River above Little Blackfoot","8/13/2014",13,8,93.48891111,105.9522727,18.55,8.105,431.2,2.145,10.63,NA,198.15,0.01225,0.00165,0.017633333,280.5,0.263333333,0.0314,33,"USGS","6/28/2014",28,6,978,"A",46
"160",2014,"HU","14-Aug","Clark Fork River at Huson","8/16/2014",16,8,22.30964286,9.134210526,19.23333333,8.083333333,255.9,1.646666667,9.203333333,NA,209.1666667,0.0109,0.0214,0.0042,166.4,0.170666667,0.0152,141,"USGS","5/26/2014",26,5,33400,"A",82
"161",2014,"MS","14-Aug","Clark Fork River above Missoula","8/15/2014",15,8,92.16666667,36.31666667,17.4,7.91,301.15,1.55,8.325,NA,248,0.01265,0.0019,0.0043,195.95,0.1515,0.01155,87,"USGS","5/27/2014",27,5,17100,"A",80
"162",2015,"BM","15-Jul","Clark Fork River below Missoula","7/5/2015",5,7,228.125,64.375,18.9,8.395,222.05,1.465,7.59,79.7,117.6,0.0075,0.01145,0.0023,144.3,0.2065,0.0132,115,"USGS","6/3/2015",3,6,15200,"A",32
"163",2015,"BM","15-Aug","Clark Fork River below Missoula","8/6/2015",6,8,100.2380952,24.76190476,16.3,8.345,281.5,2.9,7.815,79.75,177.15,0.0121,0.02155,0.0021,182.95,0.2275,0.01925,115,"USGS","6/3/2015",3,6,15200,"A",64
"164",2015,"BM","15-Sep","Clark Fork River below Missoula","9/10/2015",10,9,76.33333333,16.33333333,13.5,8.435,300.85,4.76,8.6,82.6,152.2,0.011,0.02065,0.0028,195.6,0.251,0.02065,115,"USGS","6/3/2015",3,6,15200,"A",99
"165",2015,"BN","15-Jul","Clark Fork River at Bonita","7/5/2015",5,7,68.9047619,97.76190476,19.15,8.24,395,1.245,6.65,70.2,95.85,0.00755,0.002333333,0.00245,256.75,0.245333333,0.01,61,"USGS","6/3/2015",3,6,1500,"A",32
"166",2015,"BN","15-Aug","Clark Fork River at Bonita","8/5/2015",5,8,179.15,151.9,16.25,8.215,504.25,4.165,7.94,80.9,119.9,0.01315,0.00285,0.0019,327.6,0.261,0.02115,61,"USGS","6/3/2015",3,6,1500,"A",63
"167",2015,"BN","15-Sep","Clark Fork River at Bonita","9/10/2015",10,9,57.04761905,26.52380952,13,8.355,479.75,7.275,8.625,81.9,103.9,0.0144,0.0017,0.00505,311.7,0.3535,0.037,61,"USGS","6/3/2015",3,6,1500,"A",99
"168",2015,"DL","15-Jul","Clark Fork River at Deer Lodge","7/3/2015",3,7,188.9047619,74.19047619,17.8,8.305,354.05,2.565,7.59,77.4,107.15,0.01085,0.0503,0.0042,230.1,0.3285,0.0197,19,"USGS","6/3/2015",3,6,628,"A",30
"169",2015,"DL","15-Aug","Clark Fork River at Deer Lodge","8/6/2015",6,8,224.5909545,103.1428571,14.45,8.315,464.8,1.33,9.945,97.6,169.35,0.009666667,0.159633333,0.00235,302.25,0.406,0.01255,19,"USGS","6/3/2015",3,6,628,"A",64
"170",2015,"DL","15-Sep","Clark Fork River at Deer Lodge","9/9/2015",9,9,158.3809524,50.85714286,11.7,8.385,471.1,3.365,10.005,92.3,150.45,0.01455,0.0891,0.0025,306.15,0.389,0.019,19,"USGS","6/3/2015",3,6,628,"A",98
"171",2015,"FH","15-Sep","Clark Fork River above Flathead","9/10/2015",10,9,57.85714286,26.14285714,14.25,8.48,240.5,1.955,9.03,88.2,115.9,0.0061,0.00605,NA,156.65,0.186666667,0.012033333,169,"USGS","6/3/2015",3,6,17000,"A",99
"172",2015,"FH","15-Aug","Clark Fork River above Flathead","8/5/2015",5,8,36.25,20.2,18.5,8.525,211.55,1.04,8.235,87.9,137.9,0.0092,0.00545,NA,137.5,0.187,0.01005,169,"USGS","6/3/2015",3,6,17000,"A",63
"173",2015,"GR","15-Jul","Clark Fork River above Little Blackfoot","7/3/2015",3,7,75.12,135.88,17.35,8.225,377.7,1.885,7.96,81,101.7,0.0087,0.00165,0.01085,245.7,0.3175,0.03135,34,"USGS","6/3/2015",3,6,807,"A",30
"174",2015,"GR","15-Aug","Clark Fork River above Little Blackfoot","8/5/2015",5,8,312.1904762,183.5714286,14.35,8.21,477.4,1.585,9.81,96.2,124.05,0.014675,0.005925,0.006933333,310.4,0.2125,0.024033333,34,"USGS","6/3/2015",3,6,807,"A",63
"175",2015,"GR","15-Sep","Clark Fork River above Little Blackfoot","9/9/2015",9,9,129.1904762,45.85714286,11.5,8.2,482.45,3.71,9.205,84.5,116.65,0.0139,0.02665,0.0055,313.65,0.366,0.0316,34,"USGS","6/3/2015",3,6,807,"A",98
"176",2015,"HU","15-Aug","Clark Fork River at Huson","8/5/2015",5,8,7.15055,6.1,19.2,8.51,231.6,2.045,9.35,101.85,118.65,0.01155,0.0182,0.0017,150.5,0.2205,0.0178,142,"USGS","6/3/2015",3,6,15200,"A",63
"177",2015,"HU","15-Sep","Clark Fork River at Huson","9/9/2015",9,9,93.76190476,14.04761905,13.85,8.52,261.3,2.905,10.21,98.9,118.5,0.0208,0.02945,0.0018,169.95,0.249,0.01755,142,"USGS","6/3/2015",3,6,15200,"A",98
"178",2015,"MS","15-Jul","Clark Fork River above Missoula","7/4/2015",4,7,116.8148148,91.59259259,18.75,8.23,224.7,1.86,7.02,74,119.75,0.010475,0.0017,0.0016,146.2,0.171666667,0.0109,88,"USGS","6/3/2015",3,6,7010,"A",31
"179",2015,"MS","15-Aug","Clark Fork River above Missoula","8/6/2015",6,8,61.76190476,22.04761905,16.5,7.985,286,3.005,7.735,79.2,175.9,0.01725,0.0026,0.0018,185.9,0.265,0.0157,88,"USGS","6/3/2015",3,6,7010,"A",64
"180",2015,"MS","15-Sep","Clark Fork River above Missoula","9/8/2015",8,9,76.0952381,27.95238095,12.65,8.13,303.3,4.785,8.85,83.4,139.6,0.00715,NA,0.0017,196.9,0.232,0.0203,88,"USGS","6/3/2015",3,6,7010,"A",97
"181",2016,"BM","16-Jul","Clark Fork River below Missoula","7/13/2016",13,7,240.7071905,70.22975,16.75,8.34,244.85,1.63,7.395,76.05,51.9,0.0079,0.0113,0.001666667,159.25,0.1635,0.01385,116,"USGS","5/9/2016",9,5,16800,"A",65
"182",2016,"BM","16-Sep","Clark Fork River below Missoula","9/6/2016",6,9,285.7619048,51.02380952,12.1,8.27,290.4,5.39,NA,NA,150.3,0.01685,0.03125,0.0017,188.8,0.21,0.02185,116,"USGS","5/9/2016",9,5,16800,"A",120
"183",2016,"BN","16-Jul","Clark Fork River at Bonita","7/16/2016",16,7,159.4885116,178.8008108,17.3,8.135,465.15,0.94,6.68,69.5,206.2,0.008033333,0.001633333,0.001233333,302.3,0.211666667,0.0088,62,"USGS","5/28/2016",28,5,1330,"A",49
"184",2016,"BN","16-Sep","Clark Fork River at Bonita","9/7/2016",7,9,96.27272727,60.10454545,13,8.52,496.95,9.525,8.14,77.2,214.35,0.0191,0.0023,0.00775,323.05,0.288,0.04775,62,"USGS","5/28/2016",28,5,1330,"A",102
"185",2016,"DL","16-Jul","Clark Fork River at Deer Lodge","7/16/2016",16,7,389.1023256,118.6211628,16.05,8.285,400.2,1.9,9.045,91.9,231.7,0.012,0.0387,0.0036,260.3,0.2945,0.0194,20,"USGS","5/22/2016",22,5,507,"A",55
"186",2016,"DL","16-Sep","Clark Fork River at Deer Lodge","9/7/2016",7,9,260.6904762,81.25,11,8.205,476.95,2.24,8.46,76.4,233.95,0.0208,0.1836,0.00255,309.75,0.4255,0.0162,20,"USGS","5/22/2016",22,5,507,"A",108
"187",2016,"FH","16-Jul","Clark Fork River above Flathead","7/24/2016",24,7,8.000285714,5.525,18.8,8.345,192.05,0.86,8.415,90.3,162.35,0.0211,0.0096,0.0012,124.8,0.1335,0.0087,170,"USGS","5/10/2016",10,5,20800,"A",75
"188",2016,"FH","16-Sep","Clark Fork River above Flathead","9/8/2016",8,9,7.857571429,15.03333333,14,8.375,234.4,1.52,7.75,78,130.25,0.0276,0.008,0.001025,152.45,0.190333333,0.011233333,170,"USGS","5/10/2016",10,5,20800,"A",121
"189",2016,"GR","16-Jul","Clark Fork River above Little Blackfoot","7/16/2016",16,7,195.4755556,170.2084444,15.55,8.15,438.3,1.37,8.67,87,209.2,0.0219,0.00125,0.0231,284.7,0.285,0.04325,35,"USGS","5/28/2016",28,5,598,"A",49
"190",2016,"GR","16-Sep","Clark Fork River above Little Blackfoot","9/7/2016",7,9,125.1761905,52.92285714,11.2,8.24,489.15,1.21,8.65,78,77.75,0.02415,0.0349,0.00745,317.8,0.2935,0.0227,35,"USGS","5/28/2016",28,5,598,"A",102
"191",2016,"HU","16-Jul","Clark Fork River at Huson","7/24/2016",24,7,33.00017647,15.7,19.65,8.355,209.4,1.37,9.35,102.75,154.7,0.015533333,0.028333333,0.00215,136.15,0.2005,0.009933333,143,"USGS","5/9/2016",9,5,16800,"A",76
"192",2016,"HU","16-Sep","Clark Fork River at Huson","9/6/2016",6,9,70.33333333,15.6047619,14.45,8.305,254.15,2.695,8.41,85.7,145.7,0.01735,0.06355,0.0012,165.1,0.2075,0.0132,143,"USGS","5/9/2016",9,5,16800,"A",120
"193",2016,"MS","16-Jul","Clark Fork River above Missoula","7/12/2016",12,7,114.755814,76.10093023,17.4,8.28,247.05,1.195,7.195,75.15,204.8,NA,0.0011,8e-04,160.55,0.1405,0.009533333,89,"USGS","5/10/2016",10,5,7660,"A",63
"194",2016,"MS","16-Aug","Clark Fork River above Missoula","8/25/2016",25,8,67.76190476,28.48571429,16.05,8.245,264.65,45.635,7.795,79.2,-4,0.0198,0.01095,0.00125,171.9,0.321,0.0507,89,"USGS","5/10/2016",10,5,7660,"A",107
"195",2017,"BM","17-Jul","Clark Fork River below Missoula","7/10/2017",10,7,13.5047619,5.071428571,17.5,8.085,249.05,2.265,8.21,85.85,157.55,0.010675,0.010766667,0.004266667,161.8,0.153666667,0.015933333,117,"USGS","6/14/2017",14,6,29200,"A",26
"196",2017,"BM","17-Aug","Clark Fork River below Missoula","8/9/2017",9,8,24.99047619,6.585714286,16.5,8.185,273,1.785,8.39,86,248.85,0.01255,0.0318,0.0039,177.45,0.196,0.0156,117,"USGS","6/14/2017",14,6,29200,"A",56
"197",2017,"BM","17-Sep","Clark Fork River below Missoula","9/5/2017",5,9,175.8380952,47.01904762,12.15,8.09,303.2,3.085,9.12,84.65,200.55,0.0091,0.0281,0.0041,197,0.2285,0.01695,117,"USGS","6/14/2017",14,6,29200,"A",83
"198",2017,"BN","17-Jul","Clark Fork River at Bonita","7/10/2017",10,7,17.59542857,24.08235294,19.85,8.26,445.25,2.985,8.325,91.55,238.65,0.01745,0.0047,0.01265,289.55,0.225,0.03305,63,"USGS","6/14/2017",14,6,5140,"A",26
"199",2017,"BN","17-Aug","Clark Fork River at Bonita","8/6/2017",6,8,25.86190476,16.04285714,17.85,8.305,507.45,1.64,9.31,98.4,247.8,0.0152,0.00695,0.00195,329.85,0.2725,0.0147,63,"USGS","6/14/2017",14,6,5140,"A",53
"200",2017,"BN","17-Sep","Clark Fork River at Bonita","9/6/2017",6,9,58.45238095,31.16190476,12.9,8.225,506.3,5.275,9.495,89.6,192.85,0.0114,0.01095,0.00675,329.2,0.3345,0.0328,63,"USGS","6/14/2017",14,6,5140,"A",84
"201",2017,"DL","17-Jul","Clark Fork River at Deer Lodge","7/9/2017",9,7,105.9761905,53.1,18.6,8.22,363.45,2.29,8.575,91.75,212.85,0.01275,0.02725,0.0081,236.25,0.2595,0.024,21,"USGS","6/14/2017",14,6,1560,"A",25
"202",2017,"DL","17-Aug","Clark Fork River at Deer Lodge","8/8/2017",8,8,190.5857143,99.56190476,16,8.135,421.5,1.3,9.07,91.95,274.7,0.013933333,0.240733333,0.0038,274,0.530666667,0.016866667,21,"USGS","6/14/2017",14,6,1560,"A",55
"203",2017,"DL","17-Sep","Clark Fork River at Deer Lodge","9/6/2017",6,9,76.86666667,61.25238095,10.65,8.185,471.1,2.2,10.785,97.2,217.1,0.0101,0.21265,0.0034,306.15,0.513,0.01785,21,"USGS","6/14/2017",14,6,1560,"A",84
"204",2017,"FH","17-Sep","Clark Fork River above Flathead","9/6/2017",6,9,20.43333333,11.72857143,14.55,8.215,250.4,1.435,9.27,90.7,208.55,0.0185,0.0218,NA,162.85,0.1825,0.00965,171,"USGS","6/3/2017",3,6,34500,"A",95
"205",2017,"FH","17-Aug","Clark Fork River above Flathead","8/5/2017",5,8,8.824,5.76875,19,8.305,222.75,0.9165,8.525,91.8,201.95,0.02205,0.02775,0.0016,144.6,0.1825,0.0079,171,"USGS","6/3/2017",3,6,34500,"A",63
"206",2017,"GR","17-Jul","Clark Fork River above Little Blackfoot","7/9/2017",9,7,22.667,27.72857143,19,8.235,398.05,2.15,8.725,94.25,215.2,0.0135,0.0025,0.0151,258.7,0.2845,0.03585,36,"USGS","6/14/2017",14,6,1840,"A",25
"207",2017,"GR","17-Aug","Clark Fork River above Little Blackfoot","8/7/2017",7,8,116.2428571,167.6380952,16.2,8.23,472.95,0.875,10.33,105,263.9,0.012533333,0.07435,0.00455,307.4,0.321,0.0174,36,"USGS","6/14/2017",14,6,1840,"A",54
"208",2017,"GR","17-Sep","Clark Fork River above Little Blackfoot","9/6/2017",6,9,77.34090909,139.9227273,10.9,8.23,487.1,2.665,10.875,98.55,214.5,0.0137,0.1808,0.0109,316.6,0.523,0.035,36,"USGS","6/14/2017",14,6,1840,"A",84
"209",2017,"HU","17-Aug","Clark Fork River at Huson","8/5/2017",5,8,24.59052381,8.97,19.4,8.2,242.9,1.7025,8.925,97.05,201.05,0.01475,0.0563,0.0017,157.95,0.2565,0.01435,144,"USGS","6/14/2017",14,6,29200,"A",52
"210",2017,"HU","17-Sep","Clark Fork River at Huson","9/5/2017",5,9,35.18571429,12.17142857,15.05,8.145,275.3,2.1265,9.97,99.25,217.4,0.01375,0.08665,0.0013,178.75,0.309,0.0104,144,"USGS","6/14/2017",14,6,29200,"A",83
"211",2017,"MS","17-Jul","Clark Fork River above Missoula","7/10/2017",10,7,24.30966667,18.24444444,18.9,8.175,253,2.34,8.645,93.35,234.95,0.0149,0.002,0.0042,164.45,0.169,0.01515,90,"USGS","6/14/2017",14,6,14700,"A",26
"212",2017,"MS","17-Aug","Clark Fork River above Missoula","8/8/2017",8,8,106.6142857,56.6,16.75,8.455,267.3,1.62,9.515,98.5,243.55,0.0116,0.00205,0.002,173.85,0.18,0.01085,90,"USGS","6/14/2017",14,6,14700,"A",55
"213",2017,"MS","17-Sep","Clark Fork River above Missoula","9/5/2017",5,9,68.82857143,47.53333333,12.4,8.32,306.15,2.64,9.685,90.45,165.5,0.0096,0.00395,0.0019,198.9,0.2105,0.014,90,"USGS","6/14/2017",14,6,14700,"A",83
"214",2018,"BM","18-Aug","Clark Fork River below Missoula","8/9/2018",9,8,38.462,11.46315789,15.8,8.335,285.65,2.31,8.935,90.15,2.65,0.0205,0.02865,0.00485,185.6,0.1805,0.01745,118,"USGS","5/11/2018",11,5,51200,"A",90
"215",2018,"BM","18-Sep","Clark Fork River below Missoula","9/11/2018",11,9,148.3619048,23.26666667,14.15,8.24,310.6,1.89,10.125,98.35,29.95,0.020466667,0.038233333,0.002266667,201.85,0.221333333,0.014466667,118,"USGS","5/11/2018",11,5,51200,"A",123
"216",2018,"BN","18-Aug","Clark Fork River at Bonita","8/7/2018",7,8,8.12447619,27.97142857,17.95,8.385,447.65,2,9.62,101.2,6,0.0089,0.0047,0.0118,291.2,0.216,0.03365,64,"USGS","6/21/2018",21,6,5870,"A",47
"217",2018,"BN","18-Sep","Clark Fork River at Bonita","9/6/2018",6,9,65.22857143,14.67619048,15.15,8.455,459.65,2.8,11.725,116.8,55.35,0.03285,0.0043,0.00245,299,0.24,0.02185,64,"USGS","6/21/2018",21,6,5870,"A",77
"218",2018,"DL","18-Aug","Clark Fork River at Deer Lodge","8/7/2018",7,8,46.92419048,43.48461538,14,8.175,411.55,2.895,9.64,93.6,19.05,0.01985,0.1002,0.00875,267.5,0.348,0.0304,22,"USGS","6/22/2018",22,6,2180,"A",46
"219",2018,"DL","18-Sep","Clark Fork River at Deer Lodge","9/6/2018",6,9,74.23333333,28.5952381,11.45,8.16,441.9,2.74,9.695,88.85,64.05,0.014633333,0.13,0.00465,287.35,0.394,0.027633333,22,"USGS","6/22/2018",22,6,2180,"A",76
"220",2018,"FH","18-Aug","Clark Fork River above Flathead","8/8/2018",8,8,14.40485714,7.945,17.95,8.33,239.15,0.98,8.545,90.1,9.85,0.01175,0.024333333,NA,155.35,0.164333333,0.010366667,172,"USGS","5/12/2018",12,5,59700,"A",88
"221",2018,"FH","18-Sep","Clark Fork River above Flathead","9/7/2018",7,9,29.8047619,13.1047619,13.75,8.215,257.4,1.205,9.235,89.1,44.25,0.0256,0.01905,0.001,167.4,0.1535,0.00895,172,"USGS","5/12/2018",12,5,59700,"A",118
"222",2018,"GR","18-Aug","Clark Fork River above Little Blackfoot","8/9/2018",9,8,72.15738095,58.51875,16.05,8.505,418.55,1.815,11.425,116.1,14.05,0.0194,0.065866667,0.007633333,272,0.337333333,0.028066667,37,"USGS","6/20/2018",20,6,2450,"A",50
"223",2018,"GR","18-Sep","Clark Fork River above Little Blackfoot","9/6/2018",6,9,218.3571905,69.89,12.9,8.285,450.85,3.48,11.13,105.5,61.75,0.0249,0.0893,0.0079,293.15,0.368,0.0319,37,"USGS","6/20/2018",20,6,2450,"A",78
"224",2018,"HU","18-Aug","Clark Fork River at Huson","8/6/2018",6,8,26.85714286,10.13809524,17.3,8.165,255.6,2.145,9.05,94.55,14.55,0.0158,0.05845,0.0018,166.1,0.2345,0.0171,145,"USGS","5/11/2018",11,5,51200,"A",87
"225",2018,"HU","18-Sep","Clark Fork River at Huson","9/8/2018",8,9,28.75714286,7.357142857,14.35,8.24,277,1.92,9.265,91.1,40.15,0.016633333,0.0332,0.0017,180.1,0.218,0.01245,145,"USGS","5/11/2018",11,5,51200,"A",120
"226",2018,"MS","18-Aug","Clark Fork River above Missoula","8/8/2018",8,8,97.54761905,22.12380952,17.05,8.375,283.15,1.505,9.57,98.85,7.95,0.0118,0.0039,0.0033,183.95,0.1385,0.01545,91,"USGS","5/11/2018",11,5,31500,"A",89
"227",2018,"MS","18-Sep","Clark Fork River above Missoula","9/10/2018",10,9,66.75714286,17.14285714,14.4,8.465,309.7,2.65,11.06,108.4,46.2,0.02255,0.0418,0.0014,201.2,0.1535,0.01235,91,"USGS","5/11/2018",11,5,31500,"A",122
"228",2019,"BM","19-Aug","Clark Fork River below Missoula","8/7/2019",7,8,42.20480952,15.06725,18.55,8.685,299.05,2.9,10.075,107.65,NA,0.03,0.0445,0.0135,194.35,0.17,0.014,119,"USGS","5/18/2019",18,5,34000,"A",81
"229",2019,"BM","19-Sep","Clark Fork River below Missoula","9/7/2019",7,9,253.4,58.55,13.6,8.275,323.65,9.695,9.255,89.4,NA,0.005,0.0335,0.0165,211.1,0.19,0.046,119,"USGS","5/18/2019",18,5,34000,"A",112
"230",2019,"BN","19-Jul","Clark Fork River at Bonita","7/20/2019",20,7,66.46302128,72.5528,18.65,8.58,423.5,4.51,8.18,87.55,NA,0.00365,0.005,0.039,275.275,0.185,0.0445,65,"USGS","4/8/2019",8,4,3640,"A",103
"231",2019,"BN","19-Aug","Clark Fork River at Bonita","8/23/2019",23,8,117.65,55.81333333,20.75,8.63,412,3.61,8.685,96.25,NA,0.03,0.003,0.026666667,265.85,0.19,0.027666667,65,"USGS","4/8/2019",8,4,3640,"A",137
"232",2019,"DL","19-Jul","Clark Fork River at Deer Lodge","7/19/2019",19,7,188.5196434,66.87256236,18.05,8.85,345.4,3.23,10.925,115.7,NA,0.025,0.0295,0.0255,224.575,0.235,0.034,23,"USGS","5/18/2019",18,5,1280,"A",62
"233",2019,"DL","19-Aug","Clark Fork River at Deer Lodge","8/24/2019",24,8,188.9727273,75.89090909,19.65,8.495,437.3,2.92,9.26,101.7,NA,0.03,0.1425,0.0285,284.375,0.345,0.0255,23,"USGS","5/18/2019",18,5,1280,"A",98
"234",2019,"FH","19-Aug","Clark Fork River above Flathead","8/6/2019",6,8,11.84385714,9.007,20.55,8.57,247.15,2.32,9.12,101.5,NA,0.025,0.011666667,0.016666667,160.55,0.136666667,0.008,173,"USGS","5/19/2019",19,5,42000,"A",79
"235",2019,"FH","19-Sep","Clark Fork River above Flathead","9/7/2019",7,9,24.56,10.465,15.2,8.46,265.6,5.19,9.26,92.35,NA,0.01485,0.008,0.0105,172.95,0.12,0.01,173,"USGS","5/19/2019",19,5,42000,"A",111
"236",2019,"GR","19-Jul","Clark Fork River above Little Blackfoot","7/21/2019",21,7,24.7161332,47.52297297,19.4,8.735,378.15,4.03,9.815,106.65,NA,0.0137,NA,0.046,245.705,0.23,0.053,38,"USGS","5/18/2019",18,5,1420,"A",64
"237",2019,"GR","19-Aug","Clark Fork River above Little Blackfoot","8/24/2019",24,8,128.109619,54.61052632,19.7,8.65,443.9,2.6,9.01,98.7,NA,0.03,0.074,0.03,288.28,0.31,0.0375,38,"USGS","5/18/2019",18,5,1420,"A",98
"238",2019,"HU","19-Aug","Clark Fork River at Huson","8/6/2019",6,8,27.65980952,9.0455,20.4,8.485,274.9,1.71,9.745,107.35,NA,0.03,0.0425,0.0155,178.75,0.19,0.014,146,"USGS","5/18/2019",18,5,34000,"A",80
"239",2019,"HU","19-Sep","Clark Fork River at Huson","9/7/2019",7,9,68.1,17.25,14.35,8.355,287.45,4.985,9.575,93.1,NA,0.015,0.033,0.013333333,186.875,0.17,0.021666667,146,"USGS","5/18/2019",18,5,34000,"A",112
"240",2019,"MS","19-Jul","Clark Fork River above Missoula","7/17/2019",17,7,119.8768095,79.84019512,17.4,8.58,277.3,5.13,8.86,92.7,NA,0.01,0.005,0.0245,180.375,0.125,0.0295,92,"USGS","5/18/2019",18,5,16200,"A",60
"241",2019,"MS","19-Aug","Clark Fork River above Missoula","8/7/2019",7,8,108.2,53.43619048,18.05,8.52,303.85,2.195,9.745,103.45,NA,0.02,NA,0.014,197.655,0.13,0.014,92,"USGS","5/18/2019",18,5,16200,"A",81
"242",2019,"MS","19-Sep","Clark Fork River above Missoula","9/7/2019",7,9,101.85,29.71428571,13.45,8.285,329.35,12.11,9.23,88.55,NA,0.005,0.016,0.017,214.175,0.175,0.0465,92,"USGS","5/18/2019",18,5,16200,"A",112
"243",2020,"BM","20-Aug","Clark Fork River below Missoula","8/7/2020",7,8,55.13571429,17.42095238,17.25,8.265,285.35,2.595,9.295,NA,NA,NA,0.025,0.004,NA,0.155,0.0205,120,"USGS","5/22/2020",22,5,37300,"A",77
"244",2020,"BM","20-Sep","Clark Fork River below Missoula","9/6/2020",6,9,116.3857143,24.88333333,14.05,8.04,298.35,3.38,9.64,NA,NA,0.02,0.025,0.006,NA,0.156666667,0.011333333,120,"USGS","5/22/2020",22,5,37300,"A",107
"245",2020,"BN","20-Jul","Clark Fork River at Bonita","7/23/2020",23,7,52.93957143,77.21176471,19.5,8.195,378.8,5.015,8.275,NA,NA,NA,NA,0.009,NA,0.15,0.027,66,"USGS","5/22/2020",22,5,3670,"A",62
"246",2020,"BN","20-Aug","Clark Fork River at Bonita","8/8/2020",8,8,69.39333333,27.51904762,19.55,8.4,481.15,3.015,9.635,NA,NA,NA,NA,0.0085,NA,0.205,0.0175,66,"USGS","5/22/2020",22,5,3670,"A",78
"247",2020,"BN","20-Sep","Clark Fork River at Bonita","9/6/2020",6,9,144.4933333,29.92238095,13.45,8.23,479.45,5.26,9.365,NA,NA,0.02,NA,0.011,NA,0.175,0.025,66,"USGS","5/22/2020",22,5,3670,"A",107
"248",2020,"DL","20-Jul","Clark Fork River at Deer Lodge","7/23/2020",23,7,73.59219048,33.006,19.1,8.47,364.05,3.44,10.165,NA,NA,NA,0.016,0.006,NA,0.17,0.023,24,"USGS","6/19/2020",19,6,1590,"A",34
"249",2020,"DL","20-Aug","Clark Fork River at Deer Lodge","8/8/2020",8,8,182.8999167,75.960625,16.6,8.115,444.65,2.425,8.93,NA,NA,NA,0.077,0.007,NA,0.295,0.017,24,"USGS","6/19/2020",19,6,1590,"A",50
"250",2020,"DL","20-Sep","Clark Fork River at Deer Lodge","9/6/2020",6,9,101.8771429,38.15952381,12.75,8.14,485.4,1.305,10.085,NA,NA,0.02,0.089666667,0.008333333,NA,0.253333333,0.013,24,"USGS","6/19/2020",19,6,1590,"A",79
"251",2020,"FH","20-Aug","Clark Fork River above Flathead","8/6/2020",6,8,16.75333333,8.275714286,18.7,8.24,241.35,1.18,8.485,NA,NA,NA,0.008,0.003,NA,0.12,0.006,174,"USGS","5/22/2020",22,5,42900,"A",76
"252",2020,"FH","20-Sep","Clark Fork River above Flathead","9/6/2020",6,9,16.49809524,8.197619048,13.85,8.13,260.95,1.705,9.44,NA,NA,0.02,0.01075,0.004,NA,0.1,0.00625,174,"USGS","5/22/2020",22,5,42900,"A",107
"253",2020,"GR","20-Aug","Clark Fork River above Little Blackfoot","8/7/2020",7,8,88.30558333,139.6645,17.95,8.375,448.5,3.92,10.37,NA,NA,NA,0.017,0.0115,NA,0.24,0.02,39,"USGS","6/9/2020",9,6,2040,"A:R",59
"254",2020,"GR","20-Sep","Clark Fork River above Little Blackfoot","9/5/2020",5,9,147.9741667,66.27791667,12.35,8.265,489.1,2.4,10.695,NA,NA,0.02,0.036,0.013666667,NA,0.25,0.022333333,39,"USGS","6/9/2020",9,6,2040,"A:R",88
"255",2020,"HU","20-Aug","Clark Fork River at Huson","8/6/2020",6,8,35.84619048,11.68714286,18.6,8.075,266.35,1.995,8.7,NA,NA,0.009,0.023,0.004,NA,0.155,0.0125,147,"USGS","5/22/2020",22,5,37300,"A",76
"256",2020,"HU","20-Sep","Clark Fork River at Huson","9/7/2020",7,9,80.84666667,20.15380952,14.7,8.135,290.8,2.825,10.965,NA,NA,0.02,0.047333333,0.005333333,NA,0.176666667,0.010666667,147,"USGS","5/22/2020",22,5,37300,"A",108
"257",2020,"MS","20-Jul","Clark Fork River above Missoula","7/21/2020",21,7,39.09814815,68.23259259,18.65,8.18,257.5,8.16,8.965,NA,NA,NA,NA,0.006,NA,0.11,0.017,93,"USGS","5/21/2020",21,5,20000,"A",61
"258",2020,"MS","20-Aug","Clark Fork River above Missoula","8/8/2020",8,8,119.3466667,117.93375,18.3,8.365,297.3,2.775,10.23,NA,NA,0.007,0.003,0.0045,NA,0.2,0.016,93,"USGS","5/21/2020",21,5,20000,"A",79
"259",2020,"MS","20-Sep","Clark Fork River above Missoula","9/7/2020",7,9,92.82,36.91714286,13.85,8.12,324.95,3.915,9.94,NA,NA,0.02,0.003,0.005666667,NA,0.125,0.012,93,"USGS","5/21/2020",21,5,20000,"A",109
"260",2021,"BM","21-Jul","Clark Fork River below Missoula","7/15/2021",15,7,57.33333333,16.38095238,17.6,8.44,262.35,2.045,8.47,NA,NA,0.02,0.02,0.001,NA,0.13,0.015,121,"USGS","6/5/2021",5,6,28200,"A",40
"261",2021,"BM","21-Aug","Clark Fork River below Missoula","8/9/2021",9,8,59.19047619,14.04761905,16.4,8.335,298.7,4.49,8.365,NA,NA,0.01,0.015,NA,NA,0.16,0.007,121,"USGS","6/5/2021",5,6,28200,"A",65
"262",2021,"BN","21-Jul","Clark Fork River at Bonita","7/14/2021",14,7,186.2727273,137.1363636,21.65,8.67,548.7,2.61,8.88,NA,NA,0,0.005,0.005,NA,0.23,0.0175,67,"USGS","5/27/2021",27,5,1650,"A",48
"263",2021,"BN","21-Aug","Clark Fork River at Bonita","8/8/2021",8,8,185,96.42857143,19.9,8.655,513.45,4.595,10.985,NA,NA,0,NA,NA,NA,0.2,0.019,67,"USGS","5/27/2021",27,5,1650,"A",73
"264",2021,"BN","21-Sep","Clark Fork River at Bonita","9/6/2021",6,9,185.7619048,66.61904762,11.95,8.45,528.4,4.66,10.97,NA,NA,0.02,NA,8e-04,NA,0.18,0.0195,67,"USGS","5/27/2021",27,5,1650,"A",102
"265",2021,"DL","21-Jul","Clark Fork River at Deer Lodge","7/14/2021",14,7,120.4285714,41.9047619,19.35,8.44,453.15,2.77,9.505,NA,NA,0.03,0.114,0.002,NA,0.335,0.021,25,"USGS","6/6/2021",6,6,590,"A",38
"266",2021,"DL","21-Aug","Clark Fork River at Deer Lodge","8/8/2021",8,8,139.5714286,37.19047619,16.8,8.43,514.05,3.03,11.18,NA,NA,0.03,0.093,NA,NA,0.33,0.017,25,"USGS","6/6/2021",6,6,590,"A",63
"267",2021,"DL","21-Sep","Clark Fork River at Deer Lodge","9/5/2021",5,9,99.07145238,30.80952381,9.65,8.19,532.6,2.98,11.185,NA,NA,0,0.119,NA,NA,0.31,0.012,25,"USGS","6/6/2021",6,6,590,"A",91
"268",2021,"FH","21-Aug","Clark Fork River above Flathead","8/9/2021",9,8,19.4047619,9.538095238,18.1,8.36,251.3,2.25,8.95,NA,NA,0.02,0.006,NA,NA,0.13,0.008,175,"USGS","6/6/2021",6,6,31700,"A",64
"269",2021,"FH","21-Sep","Clark Fork River above Flathead","9/7/2021",7,9,50.76190476,19.23809524,13.45,8.305,269.7,2.635,9.54,NA,NA,0.02,0.01,NA,NA,0.115,0.0105,175,"USGS","6/6/2021",6,6,31700,"A",93
"270",2021,"GR","21-Jul","Clark Fork River above Little Blackfoot","7/15/2021",15,7,99.66666667,59.95238095,20.75,8.67,476.15,2.635,10.38,NA,NA,0.01,0.002,0.004666667,NA,0.26,0.034333333,40,"USGS","6/6/2021",6,6,577,"A",39
"271",2021,"GR","21-Aug","Clark Fork River above Little Blackfoot","8/8/2021",8,8,238.8571429,61.80952381,18.75,8.615,498.7,3.215,11.215,NA,NA,0,0.004,0.003,NA,0.26,0.03,40,"USGS","6/6/2021",6,6,577,"A",63
"272",2021,"GR","21-Sep","Clark Fork River above Little Blackfoot","9/6/2021",6,9,144.8571429,46.80952381,10.55,8.52,509.45,1.985,13.315,NA,NA,0.01,0.034,0.002,NA,0.225,0.0155,40,"USGS","6/6/2021",6,6,577,"A",92
"273",2021,"HU","21-Aug","Clark Fork River at Huson","8/9/2021",9,8,62.95238095,16.19047619,17.2,8.08,274.95,3.945,8.325,NA,NA,0.02,0.01,NA,NA,0.15,0.015,148,"USGS","6/5/2021",5,6,28200,"A",65
"274",2021,"HU","21-Sep","Clark Fork River at Huson","9/7/2021",7,9,363.7142857,64.80952381,12.25,7.895,300.7,2.11,9,NA,NA,0,0.0145,NA,NA,0.155,0.012,148,"USGS","6/5/2021",5,6,28200,"A",94
"275",2021,"MS","21-Aug","Clark Fork River above Missoula","8/9/2021",9,8,196.8571429,45.19047619,18.6,8.53,307.45,4.785,10.36,NA,NA,0,NA,NA,NA,0.12,0.015,94,"USGS","6/5/2021",5,6,13500,"A",65
"276",2021,"MS","21-Sep","Clark Fork River above Missoula","9/8/2021",8,9,103.7619048,46.33333333,11.85,7.935,326.75,3.57,9.96,NA,NA,0,NA,NA,NA,0.115,0.0105,94,"USGS","6/5/2021",5,6,13500,"A",95
"277",2022,"BM","22-Jul","Clark Fork River below Missoula","7/23/2022",23,7,53.86095714,16.71428571,17.4,7.99,237.6,6.14,81,NA,NA,NA,0.01,0.004,NA,0.14,0.019,122,"USGS","6/13/2022",13,6,28700,"A",40
"278",2022,"BM","22-Sep","Clark Fork River below Missoula","9/8/2022",8,9,116.1640619,21.04761905,15.05,8.295,313.25,3.055,11.375,NA,NA,NA,0.033,0.0015,NA,0.185,0.0145,122,"USGS","6/13/2022",13,6,28700,"A",87
"279",2022,"BN","22-Jul","Clark Fork River at Bonita","7/17/2022",17,7,66.88216667,62.61904762,22.05,8.395,441,8.14,27.175,NA,NA,NA,0.021,0.0225,NA,0.21,0.06,68,"USGS","6/13/2022",13,6,2170,"A",34
"280",2022,"BN","22-Aug","Clark Fork River at Bonita","8/9/2022",9,8,145.048281,39.71428571,22.4,8.475,519.9,4.39,85.18,NA,NA,0.013333333,0.005,0.003666667,NA,0.176666667,0.019333333,68,"USGS","6/13/2022",13,6,2170,"A",57
"281",2022,"BN","22-Sep","Clark Fork River at Bonita","9/7/2022",7,9,87.89594762,43.23809524,16.55,8.395,531.9,4.03,11.495,NA,NA,NA,NA,0.00145,NA,0.22,0.0165,68,"USGS","6/13/2022",13,6,2170,"A",86
"282",2022,"DL","22-Jul","Clark Fork River at Deer Lodge","7/16/2022",16,7,178.8945857,33.55,20.5,8.41,430.6,2.57,26.265,NA,NA,0.03,0.0135,0.002,NA,0.213333333,0.045,26,"USGS","6/12/2022",12,6,856,"A:e",34
"283",2022,"DL","22-Aug","Clark Fork River at Deer Lodge","8/7/2022",7,8,175.9389958,87.08333333,19.45,8.37,490.05,1.345,59.29,NA,NA,0.015,0.1145,0.0019,NA,0.3,0.012,26,"USGS","6/12/2022",12,6,856,"A:e",56
"284",2022,"DL","22-Sep","Clark Fork River at Deer Lodge","9/8/2022",8,9,208.5242,201.6956522,14.1,8.28,537.3,1.94,8.045,NA,NA,NA,0.1495,9e-04,NA,0.395,0.008,26,"USGS","6/12/2022",12,6,856,"A:e",88
"285",2022,"FH","22-Aug","Clark Fork River above Flathead","8/6/2022",6,8,6.24437619,4.041176471,19.73333333,8.196666667,227.1333333,0.96,77.98666667,NA,NA,0.016666667,0.0165,0.0185,NA,0.17,0.029333333,176,"USGS","6/13/2022",13,6,35700,"A",54
"286",2022,"FH","22-Sep","Clark Fork River above Flathead","9/8/2022",8,9,20.48092381,9.674761905,15.05,8.24,255,1.835,10.48,NA,NA,NA,0.011,0.001,NA,0.25,0.026,176,"USGS","6/13/2022",13,6,35700,"A",87
"287",2022,"GR","22-Jul","Clark Fork River above Little Blackfoot","7/17/2022",17,7,51.61791579,74.10526316,21.2,8.43,436.1,3.125,24.85,NA,NA,0.03,NA,0.021,NA,0.223333333,0.05,41,"USGS","6/13/2022",13,6,923,"A",34
"288",2022,"GR","22-Aug","Clark Fork River above Little Blackfoot","8/8/2022",8,8,75.09674762,115.0952381,21,8.585,466.15,1.695,66.625,NA,NA,0.015,0.006,0.007,NA,0.205,0.034,41,"USGS","6/13/2022",13,6,923,"A",56
"289",2022,"GR","22-Sep","Clark Fork River above Little Blackfoot","9/8/2022",8,9,99.26024091,102.8636364,15.7,8.48,524.55,1.195,12.59,NA,NA,NA,NA,0.0013,NA,0.233333333,0.012666667,41,"USGS","6/13/2022",13,6,923,"A",87
"290",2022,"HU","22-Aug","Clark Fork River at Huson","8/6/2022",6,8,33.23872857,14.6875,18.7,7.936666667,251.1666667,3.803333333,65.27333333,NA,NA,0.01,0.037333333,0.0015,NA,0.2,0.032333333,149,"USGS","6/13/2022",13,6,28700,"A",54
"291",2022,"HU","22-Sep","Clark Fork River at Huson","9/8/2022",8,9,68.8747619,23.04761905,15.65,8.24,279.9,2.265,12.57,NA,NA,NA,0.0075,0.0014,NA,0.2,0.0115,149,"USGS","6/13/2022",13,6,28700,"A",87
"292",2022,"MS","22-Jul","Clark Fork River above Missoula","7/24/2022",24,7,86.8108619,29.70731707,20.5,8.315,251.45,5.92,30.89,NA,NA,0.03,0.021,0.0195,NA,0.125,0.042,95,"USGS","6/12/2022",12,6,11800,"A",42
"293",2022,"MS","22-Sep","Clark Fork River above Missoula","9/7/2022",7,9,95.71087619,40.71428571,14.9,8.365,319.15,3.73,11.88,NA,NA,NA,NA,NA,NA,0.115,0.008,95,"USGS","6/12/2022",12,6,11800,"A",87
"294",2023,"BM",NA,NA,NA,NA,NA,NA,NA,NA,NA,NA,NA,NA,NA,NA,NA,NA,NA,NA,NA,NA,123,"USGS","5/6/2023",6,5,28200,"P",NA
"295",2023,"BN",NA,NA,NA,NA,NA,NA,NA,NA,NA,NA,NA,NA,NA,NA,NA,NA,NA,NA,NA,NA,69,"USGS","5/7/2023",7,5,2840,"P",NA
"296",2023,"DL",NA,NA,NA,NA,NA,NA,NA,NA,NA,NA,NA,NA,NA,NA,NA,NA,NA,NA,NA,NA,27,"USGS","5/28/2023",28,5,891,"P",NA
"297",2023,"FH",NA,NA,NA,NA,NA,NA,NA,NA,NA,NA,NA,NA,NA,NA,NA,NA,NA,NA,NA,NA,177,"USGS","5/7/2023",7,5,34100,"P",NA
"298",2023,"GR",NA,NA,NA,NA,NA,NA,NA,NA,NA,NA,NA,NA,NA,NA,NA,NA,NA,NA,NA,NA,42,"USGS","5/28/2023",28,5,1220,"P",NA
"299",2023,"HU",NA,NA,NA,NA,NA,NA,NA,NA,NA,NA,NA,NA,NA,NA,NA,NA,NA,NA,NA,NA,150,"USGS","5/6/2023",6,5,28200,"P",NA
"300",2023,"MS",NA,NA,NA,NA,NA,NA,NA,NA,NA,NA,NA,NA,NA,NA,NA,NA,NA,NA,NA,NA,96,"USGS","5/7/2023",7,5,17000,"P",NA
