,Year,Site,day,month,ActivityStartDate,NH4_mg_L,DIN_mg_L,SRP__mg_L,pH,SPC,Temp_oC,TDS,TP_mg_L,TN_mg_L,TURBIDITY,...1,datetime.x,Day,Month,Q_CFS.x,Q_CFS.x,Q_CFS.y,anomaly,date_column,Days_Since_Freshet,AFDM,CHLa
150,2013,DL,1,8,8/11/2013,0.017110833,0.123040833,0.010386667,8.34,475.025,18.05,308.9,0.023900833,0.422168333,2.6175,71,5/30/2013,30,5,349,2.542825427,266,1.0947491,8/1/2013,73.83333333,110.5714286,331.4482759
151,2013,DL,1,9,9/6/2013,0.016680833,0.188708333,0.008634167,8.2425,498.6,15.95,324.175,0.019960833,0.477410833,3.43,71,5/30/2013,30,5,349,2.542825427,266,1.0947491,9/1/2013,99,80.96153846,168.1153846
152,2013,DL,1,6,6/28/2013,0.015905,0.067495,0.01218,8.425,449.8,19.1,292.5,0.028665,0.34142,2.43,71,5/30/2013,30,5,349,2.542825427,266,1.0947491,6/1/2013,29,71.35,244.9
142,2013,GR,1,6,6/28/2013,0.01894,0.001505,0.018715,8.47,453.95,18.65,295.1,0.0314,0.281795,1.31,113,5/30/2013,30,5,394,2.595496222,270,1.134255305,6/1/2013,29,61.95652174,63.13636364
143,2013,GR,1,8,8/9/2013,0.013233333,0.001439167,0.017525833,8.4275,470.275,17.6,305.65,0.029461667,0.2755425,1.415,113,5/30/2013,30,5,394,2.595496222,270,1.134255305,8/1/2013,71.5,107.0740741,196.8888889
144,2013,GR,1,9,9/6/2013,0.008283333,0.005199167,0.016255833,8.325,492.875,15.725,320.275,0.028679167,0.27053,1.8025,113,5/30/2013,30,5,394,2.595496222,270,1.134255305,9/1/2013,99,71.71428571,150.0689655
192,2016,DL,1,7,7/15/2016,0.012,0.0387,0.0036,8.285,400.2,16.05,260.3,0.0194,0.2945,1.9,74,5/22/2016,22,5,507,2.705007959,266,1.23986797,7/1/2016,54.10465116,118.6211628,389.1023256
193,2016,DL,1,9,9/13/2016,0.019416667,0.2192,0.002425,8.2075,456.7,11.925,296.725,0.01435,0.4235,1.685,74,5/22/2016,22,5,507,2.705007959,266,1.23986797,9/1/2016,114,81.25,260.6904762
265,2021,GR,1,7,7/16/2021,0.025,0.002,0.004666667,8.67,476.15,20.75,,0.034333333,0.26,2.635,121,6/6/2021,6,6,577,2.761175813,270,1.288063725,7/1/2021,40.77777778,59.95238095,99.66666667
266,2021,GR,1,8,8/16/2021,0.0275,0.003,0.003833333,8.6425,487.425,19.75,,0.032166667,0.26,2.925,121,6/6/2021,6,6,577,2.761175813,270,1.288063725,8/1/2021,71.66666667,61.80952381,238.8571429
267,2021,GR,1,9,9/11/2021,0.025,0.019,0.0025,8.5675,504.075,14.65,,0.02275,0.2425,2.6,121,6/6/2021,6,6,577,2.761175813,270,1.288063725,9/1/2021,97.83333333,46.80952381,144.8571429
273,2021,DL,1,7,7/16/2021,0.03,0.114,0.002,8.44,453.15,19.35,,0.021,0.335,2.77,79,6/6/2021,6,6,590,2.770852012,266,1.304137726,7/1/2021,40.33333333,41.9047619,120.4285714
274,2021,DL,1,8,8/16/2021,0.03,0.1035,0.002,8.435,483.6,18.075,,0.019,0.3325,2.9,79,6/6/2021,6,6,590,2.770852012,266,1.304137726,8/1/2021,71.33333333,37.19047619,139.5714286
275,2021,DL,1,9,9/13/2021,0.025,0.106,,8.31,523.325,13.225,,0.0145,0.32,3.005,79,6/6/2021,6,6,590,2.770852012,266,1.304137726,9/1/2021,99.66666667,30.80952381,101.4878049
186,2016,GR,1,7,7/15/2016,0.0219,0.00125,0.0231,8.15,438.3,15.55,284.7,0.04325,0.285,1.37,116,5/28/2016,28,5,598,2.776701184,270,1.303504315,7/1/2016,48.11111111,170.2084444,195.4755556
187,2016,GR,1,9,9/13/2016,0.0171125,0.018333333,0.008941667,8.1925,464.45,12.225,301.925,0.026433333,0.286583333,1.2025,116,5/28/2016,28,5,598,2.776701184,270,1.303504315,9/1/2016,108,52.92285714,125.1761905
176,2015,DL,1,7,7/8/2015,0.01085,0.0503,0.0042,8.305,354.05,17.8,230.1,0.0197,0.3285,2.565,73,6/3/2015,3,6,628,2.797959644,266,1.331555693,7/1/2015,35,74.19047619,188.9047619
177,2015,DL,1,8,8/9/2015,0.010258333,0.104966667,0.003275,8.31,409.425,16.125,266.175,0.016125,0.36725,1.9475,73,6/3/2015,3,6,628,2.797959644,266,1.331555693,8/1/2015,67.11111111,103.1428571,235.2857143
178,2015,DL,1,9,9/10/2015,0.012108333,0.124366667,0.002425,8.35,467.95,13.075,304.2,0.015775,0.3975,2.3475,73,6/3/2015,3,6,628,2.797959644,266,1.331555693,9/1/2015,99.5,50.85714286,158.3809524
161,2014,DL,1,8,8/14/2014,0.012625,0.056175,0.013575,8.3025,378.825,18.175,246.375,0.0324,0.329,4.3375,72,6/28/2014,28,6,741,2.869818208,266,1.407058618,8/1/2014,47.8,65.13333333,225.0666667
134,2012,DL,1,9,9/4/2012,0.008091667,0.097866667,0.005855833,8.435,408.7416667,14.425,265.7833333,0.019925833,0.382179167,2.108333333,70,6/6/2012,6,6,781,2.892651034,266,1.431934433,9/1/2012,90.75,58.33333333,180.7142857
135,2012,DL,1,7,7/24/2012,0.01643875,0.04661,0.0138625,8.433333333,297.0916667,16.53333333,193.075,0.03853375,0.3069925,3.791666667,70,6/6/2012,6,6,781,2.892651034,266,1.431934433,7/1/2012,48.5,50.04761905,110.0952381
167,2015,GR,1,7,7/8/2015,0.0087,0.00165,0.01085,8.225,377.7,17.35,245.7,0.03135,0.3175,1.885,115,6/3/2015,3,6,807,2.906873535,270,1.440466813,7/1/2015,35,135.88,75.12
168,2015,GR,1,8,8/7/2015,0.0116875,0.0037875,0.008891667,8.2175,427.55,15.85,278.05,0.027691667,0.265,1.735,115,6/3/2015,3,6,807,2.906873535,270,1.440466813,8/1/2015,65.16666667,183.5714286,312.1904762
169,2015,GR,1,9,9/10/2015,0.0142875,0.0162875,0.006216667,8.205,479.925,12.925,312.025,0.027816667,0.28925,2.6475,115,6/3/2015,3,6,807,2.906873535,270,1.440466813,9/1/2015,99.5,45.85714286,129.1904762
290,2022,DL,1,7,7/18/2022,0.03,0.0135,0.002,8.41,430.6,20.5,,0.045,0.213333333,2.57,80,6/12/2022,12,6,856,2.932473765,266,1.476377358,7/1/2022,36.75,33.55,187.839265
291,2022,DL,1,8,8/11/2022,0.0225,0.064,0.00195,8.39,460.325,19.975,,0.0285,0.256666667,1.9575,80,6/12/2022,12,6,856,2.932473765,266,1.476377358,8/1/2022,60.25,87.08333333,175.9389958
292,2022,DL,1,9,9/11/2022,0.015,0.132,0.0014,8.325,513.675,16.775,,0.01,0.3475,1.6425,80,6/12/2022,12,6,856,2.932473765,266,1.476377358,9/1/2022,91.5,201.6956522,208.5242
282,2022,GR,1,7,7/18/2022,0.03,,0.021,8.43,436.1,21.2,,0.05,0.223333333,3.125,122,6/13/2022,13,6,923,2.965201701,270,1.506419674,7/1/2022,35.75,74.10526316,51.61791579
283,2022,GR,1,8,8/11/2022,0.0225,0.006,0.014,8.5075,451.125,21.1,,0.042,0.214166667,2.41,122,6/13/2022,13,6,923,2.965201701,270,1.506419674,8/1/2022,59.25,115.0952381,75.09674762
284,2022,GR,1,9,9/13/2022,0.015,0.006,0.00415,8.5325,495.35,18.35,,0.023333333,0.219166667,1.445,122,6/13/2022,13,6,923,2.965201701,270,1.506419674,9/1/2022,92.66666667,102.8636364,99.26024091
78,2008,DL,1,8,8/10/2008,0.015,0.043625,,8.743333333,390.8333333,17.73333333,207.35,0.033375,0.254166667,3.205,66,6/5/2008,5,6,957,2.980911938,266,1.532298702,8/1/2008,66.5,79.77142857,172.0714286
79,2008,DL,1,9,9/9/2008,0.01,0.0585,,8.919166667,460.6666667,13.96666667,246.8333333,0.02175,0.241666667,2.865,66,6/5/2008,5,6,957,2.980911938,266,1.532298702,9/1/2008,96,45.145,200.85
158,2014,GR,1,8,8/12/2014,0.010725,0.013425,0.022516667,8.215,387.95,18.275,252.375,0.0445,0.309666667,4.18,114,6/28/2014,28,6,978,2.990338855,270,1.535765935,8/1/2014,45.44074074,105.9522727,95.61363636
128,2012,GR,1,9,9/4/2012,0.0094,,0.006783333,8.4425,424.4416667,14.175,275.8333333,0.025575,0.280298333,2.174166667,112,6/6/2012,6,6,999,2.999565488,270,1.546680374,9/1/2012,90.75,57.0952381,147.7619048
129,2012,GR,1,7,7/21/2012,0.00955375,0.013525,0.02191875,8.409166667,345.2833333,16.65833333,224.4083333,0.04719625,0.310735,3.915,112,6/6/2012,6,6,999,2.999565488,270,1.546680374,7/1/2012,45.4,72.61904762,85.19047619
147,2013,BN,1,8,8/9/2013,0.014190833,0.0067675,0.006095,8.3075,476.95,18.275,309.9,0.0147475,0.261984167,2.265,44,5/31/2013,31,5,1080,3.033423755,2830,0.725346923,8/1/2013,70,60.61904762,111.952381
148,2013,BN,1,6,6/28/2013,0.018076667,0.011175,0.00556,8.3,446.4,19,289.9,0.01542,0.310273333,2.075,44,5/31/2013,31,5,1080,3.033423755,2830,0.725346923,6/1/2013,28,78.0952381,99
149,2013,BN,1,9,9/6/2013,0.0108,0.0017925,0.00682,8.2975,513.75,16.65,333.95,0.02142,0.22493,4.8425,44,5/31/2013,31,5,1080,3.033423755,2830,0.725346923,9/1/2013,98,63.47619048,119.6190476
92,2009,DL,1,8,8/7/2009,0.009068,0.060303667,0.013759,8.606666667,361,18.78333333,182.5833333,0.037030417,0.326125,4.623333333,67,6/1/2009,1,6,1140,3.056904851,266,1.624330522,8/1/2009,67.94444444,51.1,181.047619
93,2009,DL,1,9,9/7/2009,0.010738333,0.063395,0.009,8.635,421.8333333,18.58333333,224,0.023746667,0.312333333,2.893333333,67,6/1/2009,1,6,1140,3.056904851,266,1.624330522,9/1/2009,98.5,91.8,502.9047619
240,2019,DL,1,7,7/15/2019,0.025,0.0295,0.0255,8.85,345.4,18.05,224.575,0.034,0.235,3.23,77,5/18/2019,18,5,1280,3.10720997,266,1.688273399,7/1/2019,58.84444444,66.87256236,201.9852608
241,2019,DL,1,8,8/21/2019,0.0275,0.086,0.027,8.6725,391.35,18.85,254.475,0.02975,0.29,3.075,77,5/18/2019,18,5,1280,3.10720997,266,1.688273399,8/1/2019,95.75,75.89090909,188.9727273
190,2016,BN,1,7,7/15/2016,0.008033333,0.001633333,0.001233333,8.135,465.15,17.3,302.3,0.0088,0.211666667,0.94,47,5/28/2016,28,5,1330,3.123851641,2830,0.777478525,7/1/2016,48.56976744,178.8008108,185.3513514
191,2016,BN,1,9,9/13/2016,0.029875,0.017025,0.006725,8.41,493.625,14.5,320.925,0.0621,0.41475,21.83,47,5/28/2016,28,5,1330,3.123851641,2830,0.777478525,9/1/2016,108,60.10454545,96.27272727
86,2009,GR,1,9,9/7/2009,0.008001667,0.010178333,0.012443333,8.476666667,438,18.55,232.6666667,0.028271667,0.247833333,2.568333333,109,6/1/2009,1,6,1420,3.152288344,270,1.739034482,9/1/2009,98.5,60.65,126.2857143
87,2009,GR,1,8,8/7/2009,0.006436667,0.012704583,0.018618,8.491666667,385,18.5,204.6166667,0.041574583,0.293625,4.585,109,6/1/2009,1,6,1420,3.152288344,270,1.739034482,8/1/2009,67.66666667,95.22,102.2047619
233,2019,GR,1,7,7/16/2019,0.0137,,0.046,8.735,378.15,19.4,245.705,0.053,0.23,4.03,119,5/18/2019,18,5,1420,3.152288344,270,1.739034482,7/1/2019,59.5,47.52297297,34.06780522
234,2019,GR,1,8,8/21/2019,0.02185,0.074,0.038,8.6925,411.025,19.55,266.9925,0.04525,0.27,3.315,119,5/18/2019,18,5,1420,3.152288344,270,1.739034482,8/1/2019,95.75,54.61052632,141.5947368
106,2010,DL,1,8,8/6/2010,0.0093,0.0407375,0.027645833,8.353333333,337,19.28333333,179.05,0.061816667,0.299916667,5.79,68,6/17/2010,17,6,1470,3.167317335,266,1.767984959,8/1/2010,50,39.375,54.86842105
107,2010,DL,1,9,9/9/2010,0.007783333,0.058666667,0.026916667,8.458333333,400.3333333,17.4,212.6833333,0.058316667,0.321166667,5.613333333,68,6/17/2010,17,6,1470,3.167317335,266,1.767984959,9/1/2010,84,46,155.67
173,2015,BN,1,7,7/8/2015,0.00755,0.002333333,0.00245,8.24,395,19.15,256.75,0.01,0.245333333,1.245,46,6/3/2015,3,6,1500,3.176091259,2830,0.809285218,7/1/2015,35.875,97.76190476,68.9047619
174,2015,BN,1,8,8/6/2015,0.01035,0.002591667,0.002175,8.2275,449.625,17.7,292.175,0.015575,0.253166667,2.705,46,6/3/2015,3,6,1500,3.176091259,2830,0.809285218,8/1/2015,64.5,151.9,179.15
175,2015,BN,1,9,9/11/2015,0.013775,0.002275,0.003475,8.285,492,14.625,319.65,0.029075,0.30725,5.72,46,6/3/2015,3,6,1500,3.176091259,2830,0.809285218,9/1/2015,100.5,26.52380952,57.04761905
209,2017,DL,1,7,7/11/2017,0.01275,0.02725,0.0081,8.22,363.45,18.6,236.25,0.024,0.2595,2.29,75,6/14/2017,14,6,1560,3.193124598,266,1.803353999,7/1/2017,27.25,53.1,105.9761905
210,2017,DL,1,8,8/11/2017,0.013341667,0.133991667,0.00595,8.1775,392.475,17.3,255.125,0.020433333,0.395083333,1.795,75,6/14/2017,14,6,1560,3.193124598,266,1.803353999,8/1/2017,58.83333333,99.56190476,190.5857143
211,2017,DL,1,9,9/7/2017,0.012016667,0.226691667,0.0036,8.16,446.3,13.325,290.075,0.017358333,0.521833333,1.75,75,6/14/2017,14,6,1560,3.193124598,266,1.803353999,9/1/2017,85.5,61.25238095,76.86666667
256,2020,DL,1,9,9/10/2020,0.02,0.083333333,0.007666667,8.1275,465.025,14.675,,0.015,0.274166667,1.865,78,6/19/2020,19,6,1590,3.201397124,266,1.81484064,9/1/2020,83.16666667,38.15952381,101.8771429
257,2020,DL,1,7,7/22/2020,,0.016,0.006,8.47,364.05,19.1,,0.023,0.17,3.44,78,6/19/2020,19,6,1590,3.201397124,266,1.81484064,7/1/2020,33.83333333,33.006,103.0286667
258,2020,DL,1,8,8/12/2020,,0.0465,0.0065,8.2925,404.35,17.85,,0.02,0.2325,2.9325,78,6/19/2020,19,6,1590,3.201397124,266,1.81484064,8/1/2020,54.5,75.960625,274.349375
270,2021,BN,1,7,7/15/2021,0.03,0.005,0.005,8.67,548.7,21.65,,0.0175,0.23,2.61,52,5/27/2021,27,5,1650,3.217483944,2830,0.835409038,7/1/2021,49.83333333,137.1363636,186.2727273
271,2021,BN,1,8,8/16/2021,0.025,0.005,0.005,8.6625,531.075,20.775,,0.01825,0.215,3.6025,52,5/27/2021,27,5,1650,3.217483944,2830,0.835409038,8/1/2021,81.66666667,96.42857143,185
272,2021,BN,1,9,9/12/2021,0.02,,8.00E-04,8.5525,520.925,15.925,,0.01925,0.19,4.6275,52,5/27/2021,27,5,1650,3.217483944,2830,0.835409038,9/1/2021,108.6666667,66.61904762,185.7619048
200,2017,GR,1,7,7/11/2017,0.0135,0.0025,0.0151,8.235,398.05,19,258.7,0.03585,0.2845,2.15,117,6/14/2017,14,6,1840,3.264817823,270,1.89591132,7/1/2017,27.25,27.72857143,34
201,2017,GR,1,8,8/9/2017,0.013016667,0.038425,0.009825,8.2325,435.5,17.6,283.05,0.026625,0.30275,1.5125,117,6/14/2017,14,6,1840,3.264817823,270,1.89591132,8/1/2017,56.88888889,167.6380952,116.2428571
202,2017,GR,1,9,9/7/2017,0.013116667,0.127575,0.007725,8.23,480.025,13.55,312,0.0262,0.422,1.77,117,6/14/2017,14,6,1840,3.264817823,270,1.89591132,9/1/2017,85.5,139.9227273,77.34090909
120,2011,DL,1,8,8/9/2011,0.014941667,0.067745833,0.026466667,8.275,281.1166667,15.75,182.8666667,0.05665,0.293875,7.693333333,69,6/14/2011,14,6,1960,3.292256071,266,1.945919238,8/1/2011,56,16.23809524,66.19047619
121,2011,DL,1,9,9/10/2011,0.012966667,0.101858333,0.021416667,8.395833333,346.275,13.95833333,225.2583333,0.039675,0.31775,3.465833333,69,6/14/2011,14,6,1960,3.292256071,266,1.945919238,9/1/2011,88,11.11111111,44.76470588
100,2010,GR,1,9,9/9/2010,0.00955,0.024083333,0.027883333,8.355,413.6666667,17.33333333,219.6666667,0.063083333,0.322166667,13.26333333,110,6/18/2010,18,6,1980,3.29666519,270,1.942825561,9/1/2010,83,59.95,119.4666667
101,2010,GR,1,8,8/6/2010,0.010775,0.0162875,0.031766667,8.173333333,363.6666667,19.7,194.1333333,0.071154167,0.334666667,13.64833333,110,6/18/2010,18,6,1980,3.29666519,270,1.942825561,8/1/2010,49,67.80952381,64.14782609
248,2020,GR,1,8,8/11/2020,,0.017,0.01025,8.4425,406.3,18.825,,0.023,0.21,4.0075,120,6/9/2020,9,6,2040,3.309630167,270,1.962255106,8/1/2020,63.66666667,139.6645,105.9665
249,2020,GR,1,9,9/10/2020,0.02,0.0265,0.012583333,8.32,468.8,15.15,,0.021166667,0.245,3.16,120,6/9/2020,9,6,2040,3.309630167,270,1.962255106,9/1/2020,93.16666667,66.27791667,147.9741667
287,2022,BN,1,7,7/18/2022,,0.021,0.0225,8.395,441,22.05,,0.06,0.21,8.14,53,6/13/2022,13,6,2170,3.336459734,2830,0.915287995,7/1/2022,35.75,62.61904762,66.88216667
288,2022,BN,1,8,8/14/2022,0.013333333,0.013,0.013083333,8.435,480.45,22.225,,0.039666667,0.193333333,6.265,53,6/13/2022,13,6,2170,3.336459734,2830,0.915287995,8/1/2022,62.5,39.71428571,145.048281
289,2022,BN,1,9,9/10/2022,0.013333333,0.005,0.002558333,8.435,525.9,19.475,,0.017916667,0.198333333,4.21,53,6/13/2022,13,6,2170,3.336459734,2830,0.915287995,9/1/2022,89.5,43.23809524,87.89594762
132,2012,BN,1,7,7/24/2012,0.008898333,0.002898333,0.013656667,8.395,361.525,16.88333333,235.0583333,0.02733,0.265583333,3.64,43,4/28/2012,28,4,2180,3.338456494,2830,0.916691813,7/1/2012,87.5,122.7619048,216.1428571
133,2012,BN,1,9,9/4/2012,0.00976,0.00576,0.004168333,8.270833333,464.475,15.225,302.0333333,0.017375833,0.2504575,2.57,43,4/28/2012,28,4,2180,3.338456494,2830,0.916691813,9/1/2012,129.75,71.28571429,167.85
225,2018,DL,1,8,8/8/2018,0.01545,0.073625,0.0121,8.1725,356.025,15.75,231.4,0.0375,0.3265,3.76,76,6/22/2018,22,6,2180,3.338456494,266,2.016159805,8/1/2018,47.25,43.48461538,75.8
226,2018,DL,1,9,9/7/2018,0.017241667,0.1151,0.0067,8.1675,426.725,12.725,277.425,0.029016667,0.371,2.8175,76,6/22/2018,22,6,2180,3.338456494,266,2.016159805,9/1/2018,77.5,28.5952381,74.23333333
219,2018,GR,1,8,8/11/2018,0.01545,0.045708333,0.013991667,8.3925,382.975,17.35,248.95,0.040658333,0.330666667,3.3775,118,6/20/2018,20,6,2450,3.389166084,270,2.085774915,8/1/2018,52.08333333,58.51875,94.70625
220,2018,GR,1,9,9/7/2018,0.02215,0.077583333,0.007766667,8.395,434.7,14.475,282.575,0.029983333,0.352666667,2.6475,118,6/20/2018,20,6,2450,3.389166084,270,2.085774915,9/1/2018,79.5,69.89,229.275
114,2011,GR,1,8,8/9/2011,0.013466667,0.052133333,0.0295,8.348333333,298.05,16.2,193.8,0.0637,0.3005,7.765,111,6/10/2011,10,6,2560,3.408239965,270,2.116534736,8/1/2011,60,13,50.66666667
115,2011,GR,1,9,9/10/2011,0.0135,0.0611,0.023575,8.505833333,357.8083333,14.35,232.5916667,0.041933333,0.30475,3.103333333,111,6/10/2011,10,6,2560,3.408239965,270,2.116534736,9/1/2011,92,16.66666667,65.26666667
160,2014,BN,1,8,8/14/2014,0.01765,0.004558333,0.020308333,8.2075,463.375,18.525,301.275,0.039866667,0.238416667,4.925,45,3/11/2014,11,3,2620,3.418301291,2830,0.974626656,8/1/2014,156.6818182,79.19767442,129.372093
76,2008,BN,1,9,9/9/2008,0.01,0.006166667,,8.643333333,480.5,14.90833333,255.0833333,0.0265,0.2,4.364166667,39,6/6/2008,6,6,3100,3.491361694,2830,1.030841164,9/1/2008,95,61.085,259.4736842
77,2008,BN,1,8,8/10/2008,0.02,0.005833333,,8.59,439.3333333,17.73333333,233.35,0.0315,0.216666667,3.835,39,6/6/2008,6,6,3100,3.491361694,2830,1.030841164,8/1/2008,65.5,103.72,112.75
238,2019,BN,1,7,7/16/2019,0.01365,0.005,0.039,8.58,423.5,18.65,275.275,0.0445,0.185,4.51,50,4/8/2019,8,4,3640,3.561101384,2830,1.087522663,7/1/2019,99.45212766,72.5528,69.41688889
239,2019,BN,1,8,8/19/2019,0.021825,0.004,0.032833333,8.605,417.75,19.7,270.5625,0.036083333,0.1875,4.06,50,4/8/2019,8,4,3640,3.561101384,2830,1.087522663,8/1/2019,133.9444444,55.81333333,117.65
253,2020,BN,1,7,7/23/2020,,,0.009,8.195,378.8,19.5,,0.027,0.15,5.015,51,5/22/2020,22,5,3670,3.564666064,2830,1.090502192,7/1/2020,62,77.21176471,55.5865
254,2020,BN,1,8,8/11/2020,,,0.00875,8.2975,429.975,19.525,,0.02225,0.1775,4.015,51,5/22/2020,22,5,3670,3.564666064,2830,1.090502192,8/1/2020,81.66666667,27.51904762,69.39333333
255,2020,BN,1,9,9/10/2020,0.02,,0.00975,8.315,480.3,16.5,,0.02125,0.19,4.1375,51,5/22/2020,22,5,3670,3.564666064,2830,1.090502192,9/1/2020,111.1666667,29.92238095,144.4933333
90,2009,BN,1,8,8/7/2009,0.008523333,0.00616125,0.015671667,8.318333333,399,18.51666667,211.9666667,0.044702083,0.268125,7.168333333,40,5/26/2009,26,5,3700,3.568201724,2830,1.093465528,8/1/2009,73.66666667,111.7,144.8571429
91,2009,BN,1,9,9/7/2009,0.009326667,0.008506667,0.01066,8.416666667,451.5,17.83333333,239.8333333,0.030218333,0.2535,4.641666667,40,5/26/2009,26,5,3700,3.568201724,2830,1.093465528,9/1/2009,104.5,56.35,225.6190476
104,2010,BN,1,9,9/9/2010,0.006825,0.003433333,0.0162,8.14,445.8333333,17.01666667,238.1666667,0.03275,0.225833333,3.228333333,41,6/18/2010,18,6,4130,3.615950052,2830,1.134282431,9/1/2010,83,82.45,138.3571429
105,2010,BN,1,8,8/6/2010,0.008625,0.005770833,0.0214,7.976666667,399.5,19.1,212.0666667,0.0414,0.229458333,3.798333333,41,6/18/2010,18,6,4130,3.615950052,2830,1.134282431,8/1/2010,49,68.68421053,61.98947368
206,2017,BN,1,7,7/14/2017,0.01745,0.0047,0.01265,8.26,445.25,19.85,289.55,0.03305,0.225,2.985,48,6/14/2017,14,6,5140,3.710963119,2830,1.220091012,7/1/2017,30.05555556,24.08235294,21.73529412
207,2017,BN,1,8,8/8/2017,0.016325,0.005825,0.0073,8.2825,476.35,18.85,309.7,0.023875,0.24875,2.3125,48,6/14/2017,14,6,5140,3.710963119,2830,1.220091012,8/1/2017,55.5,16.04285714,25.86190476
208,2017,BN,1,9,9/7/2017,0.0133,0.00895,0.00435,8.265,506.875,15.375,329.525,0.02375,0.3035,3.4575,48,6/14/2017,14,6,5140,3.710963119,2830,1.220091012,9/1/2017,85.5,31.16190476,58.45238095
223,2018,BN,1,9,9/7/2018,0.020875,0.0045,0.007125,8.42,453.65,16.55,295.1,0.02775,0.228,2.4,49,6/21/2018,21,6,5870,3.768638101,2830,1.275314278,9/1/2018,78.5,14.67619048,65.22857143
224,2018,BN,1,8,8/8/2018,0.01215,0.0051125,0.014666667,8.3,409.05,19.225,266,0.039891667,0.228666667,3.8775,49,6/21/2018,21,6,5870,3.768638101,2830,1.275314278,8/1/2018,48.25,27.97142857,24.37142857
170,2015,MS,1,7,7/7/2015,0.010475,0.0017,0.0016,8.23,224.7,18.75,146.2,0.0109,0.171666667,1.86,169,6/3/2015,3,6,7010,3.845718018,2580,1.395402309,7/1/2015,34.625,91.59259259,116.8148148
171,2015,MS,1,8,8/7/2015,0.0138625,0.00215,0.0017,8.1075,255.35,17.625,166.05,0.0133,0.218333333,2.4325,169,6/3/2015,3,6,7010,3.845718018,2580,1.395402309,8/1/2015,65.5,22.04761905,61.76190476
172,2015,MS,1,9,9/10/2015,0.0122,0.0026,0.00175,8.0575,294.65,14.575,191.4,0.018,0.2485,3.895,169,6/3/2015,3,6,7010,3.845718018,2580,1.395402309,9/1/2015,99,27.95238095,76.0952381
188,2016,MS,1,8,8/24/2016,0.0198,0.006025,0.001025,8.2625,255.85,16.725,166.225,0.030116667,0.23075,23.415,170,5/10/2016,10,5,7660,3.88422877,2580,1.437263361,8/1/2016,106,28.48571429,67.76190476
189,2016,MS,1,7,7/11/2016,,0.0011,8.00E-04,8.28,247.05,17.4,160.55,0.009533333,0.1405,1.195,170,5/10/2016,10,5,7660,3.88422877,2580,1.437263361,7/1/2016,62.74806202,76.10093023,114.755814
118,2011,BN,1,9,9/10/2011,0.00715,0.004391667,0.02135,8.393333333,399.8666667,15.075,259.9583333,0.040475,0.208916667,3.293333333,42,6/10/2011,10,6,7740,3.888740961,2830,1.3984647,9/1/2011,92,17.2,69.55555556
119,2011,BN,1,8,8/9/2011,0.009216667,0.01155,0.024183333,8.308333333,336.4166667,16.9,218.7166667,0.054066667,0.230833333,7.581666667,42,6/10/2011,10,6,7740,3.888740961,2830,1.3984647,8/1/2011,60,16.44444444,34.875
102,2010,MS,1,9,9/9/2010,0.007991667,0.003,0.0052,7.691666667,293.5,16.05,156.4166667,0.01485,0.175333333,2.263333333,164,6/18/2010,18,6,10100,4.004321374,2580,1.576039952,9/1/2010,83,30.72727273,71.9826087
103,2010,MS,1,8,8/8/2010,0.009641667,0.004216667,0.008283333,7.59,265,18.11666667,140.95,0.018533333,0.1765,2.531666667,164,6/18/2010,18,6,10100,4.004321374,2580,1.576039952,8/1/2010,51.25,50.28571429,120.95
285,2022,MS,1,7,7/23/2022,0.03,0.021,0.0195,8.315,251.45,20.5,,0.042,0.125,5.92,176,6/12/2022,12,6,11800,4.071882007,2580,1.659921055,7/1/2022,41.75,29.70731707,88.92817561
286,2022,MS,1,9,9/10/2022,0.016666667,0.003,0.002,8.415,295.875,17.875,,0.010166667,0.120833333,3.435,176,6/12/2022,12,6,11800,4.071882007,2580,1.659921055,9/1/2022,90.5,40.71428571,95.71087619
145,2013,MS,1,8,8/8/2013,0.0140425,0.0021175,0.00345,8.2125,263.875,17.1,171.6,0.01039,0.159135,2.6625,167,5/14/2013,14,5,12300,4.089905111,2580,1.683042703,8/1/2013,86.5,34.47619048,74.38095238
146,2013,MS,1,9,9/10/2013,0.011906667,0.0014965,0.00352,8.215,285.35,15.775,185.625,0.01103,0.150925,2.2725,167,5/14/2013,14,5,12300,4.089905111,2580,1.683042703,9/1/2013,119.15,37.95238095,93.38095238
268,2021,MS,1,8,8/17/2021,0.02,,0.001,8.51,286.625,18.575,,0.01475,0.1125,3.765,175,6/5/2021,5,6,13500,4.130333768,2580,1.736086477,8/1/2021,73.33333333,45.19047619,196.8571429
269,2021,MS,1,9,9/13/2021,0.015,,,8.2325,317.1,15.225,,0.01275,0.1175,4.1775,175,6/5/2021,5,6,13500,4.130333768,2580,1.736086477,9/1/2021,100.6666667,46.33333333,103.7619048
203,2017,MS,1,7,7/12/2017,0.0149,0.002,0.0042,8.175,253,18.9,164.45,0.01515,0.169,2.34,171,6/14/2017,14,6,14700,4.167317335,2580,1.786073018,7/1/2017,28.94444444,18.24444444,28.36111111
204,2017,MS,1,8,8/9/2017,0.01325,0.002025,0.0031,8.315,260.15,17.825,169.15,0.013,0.1745,1.98,171,6/14/2017,14,6,14700,4.167317335,2580,1.786073018,8/1/2017,56.5,56.6,106.6142857
205,2017,MS,1,9,9/6/2017,0.0106,0.003,0.00195,8.3875,286.725,14.575,186.375,0.012425,0.19525,2.13,171,6/14/2017,14,6,14700,4.167317335,2580,1.786073018,9/1/2017,84.5,47.53333333,68.82857143
179,2015,HU,1,8,8/6/2015,0.00905,0.02435,0.001825,8.4,214.925,19.525,139.75,0.01645,0.216,1.845,142,6/3/2015,3,6,15200,4.181843588,2150,1.919265438,8/1/2015,64.5,6.1,15.88888889
180,2015,HU,1,9,9/10/2015,0.016175,0.023825,0.00175,8.515,246.45,16.525,160.225,0.017675,0.23475,2.475,142,6/3/2015,3,6,15200,4.181843588,2150,1.919265438,9/1/2015,99.5,14.04761905,93.76190476
181,2015,BM,1,9,9/12/2015,0.01155,0.0211,0.00245,8.39,291.175,14.9,189.275,0.01995,0.23925,3.83,19,6/3/2015,3,6,15200,4.181843588,2150,1.919265438,9/1/2015,101,16.33333333,76.33333333
182,2015,BM,1,8,8/8/2015,0.0098,0.0165,0.0022,8.37,251.775,17.6,163.625,0.016225,0.217,2.1825,19,6/3/2015,3,6,15200,4.181843588,2150,1.919265438,8/1/2015,66,24.76190476,100.2380952
183,2015,BM,1,7,7/9/2015,0.0075,0.01145,0.0023,8.395,222.05,18.9,144.3,0.0132,0.2065,1.465,19,6/3/2015,3,6,15200,4.181843588,2150,1.919265438,7/1/2015,36.66666667,64.375,228.125
235,2019,MS,1,7,7/14/2019,0.015,0.005,0.0245,8.58,277.3,17.4,180.375,0.0295,0.125,5.13,173,5/18/2019,18,5,16200,4.209515015,2580,1.844867171,7/1/2019,57.75,79.84019512,122.8006098
236,2019,MS,1,8,8/9/2019,0.0175,0.005,0.01925,8.55,290.575,17.725,189.015,0.02175,0.1275,3.6625,173,5/18/2019,18,5,16200,4.209515015,2580,1.844867171,8/1/2019,83.25,53.43619048,108.2
237,2019,MS,1,9,9/9/2019,0.0175,0.016,0.0155,8.4025,316.6,15.75,205.915,0.03025,0.1525,7.1525,173,5/18/2019,18,5,16200,4.209515015,2580,1.844867171,9/1/2019,114.25,29.71428571,101.85
74,2008,MS,1,9,9/9/2008,0.0125,0.008416667,,8.311666667,290.5,14.175,154.025,0.010333333,0.133333333,2.190833333,162,5/21/2008,21,5,16800,4.225309282,2580,1.867367769,9/1/2008,111,19.74285714,80.19047619
75,2008,MS,1,8,8/10/2008,0.0175,0.007,,8.375,253.3333333,16.76666667,134.4666667,0.017,0.166666667,3.12,162,5/21/2008,21,5,16800,4.225309282,2580,1.867367769,8/1/2008,81.5,29.22,76.23529412
194,2016,HU,1,9,9/7/2016,0.0180875,0.053391667,0.001275,8.265,246.025,14.8,159.9,0.016433333,0.22875,3.655,143,5/9/2016,9,5,16800,4.225309282,2150,1.984374362,9/1/2016,121.75,15.6047619,70.33333333
195,2016,HU,1,7,7/22/2016,0.015533333,0.028333333,0.00215,8.355,209.4,19.65,136.15,0.009933333,0.2005,1.37,143,5/9/2016,9,5,16800,4.225309282,2150,1.984374362,7/1/2016,74.88888889,15.7,40.07142857
196,2016,BM,1,7,7/14/2016,0.0079,0.0113,0.001666667,8.34,244.85,16.75,159.25,0.01385,0.1635,1.63,20,5/9/2016,9,5,16800,4.225309282,2150,1.984374362,7/1/2016,66.61111111,70.22975,252.7425
197,2016,BM,1,9,9/8/2016,0.012925,0.0315,0.00205,8.2925,275.925,13.425,179.375,0.022525,0.23925,5.965,20,5/9/2016,9,5,16800,4.225309282,2150,1.984374362,9/1/2016,122.5,51.02380952,285.7619048
165,2015,FH,1,8,8/6/2015,0.00725,0.00655,0.0022,8.5525,196.875,19.525,128.05,0.0103,0.17775,0.97,100,6/3/2015,3,6,17000,4.230448921,7590,1.308385478,8/1/2015,64.5,20.2,36.25
166,2015,FH,1,9,9/12/2015,0.00765,0.00575,,8.5025,226.025,16.375,147.075,0.011041667,0.186833333,1.4975,100,6/3/2015,3,6,17000,4.230448921,7590,1.308385478,9/1/2015,101.6,26.14285714,57.85714286
159,2014,MS,1,8,8/14/2014,0.010325,0.002833333,0.006683333,7.8525,266.05,16.75,173.05,0.016991667,0.14675,2.78,168,5/27/2014,27,5,17100,4.23299611,2580,1.87841754,8/1/2014,79.75,36.31666667,92.16666667
88,2009,MS,1,8,8/11/2009,0.00910625,0.005231667,0.007713333,7.896666667,265.5,17.15,141.1333333,0.019741667,0.180166667,3.746666667,163,5/26/2009,26,5,17300,4.238046103,2580,1.885712438,8/1/2009,77.52777778,33.7,116.952381
89,2009,MS,1,9,9/6/2009,0.00890875,0.005208,0.0044225,7.923333333,294,16.86666667,156.15,0.013561667,0.161333333,2.131666667,163,5/26/2009,26,5,17300,4.238046103,2580,1.885712438,9/1/2009,103.5,41.71428571,148.0454545
130,2012,MS,1,9,9/5/2012,0.008081667,0.002905,0.002738333,8.3475,268.0333333,14.225,174.3083333,0.01082,0.162355833,1.555833333,166,4/28/2012,28,4,17600,4.245512668,2580,1.896550104,9/1/2012,130.75,27.42857143,63.28571429
131,2012,MS,1,8,8/13/2012,0.010646667,0.00316,0.003613333,8.263333333,243.2833333,16.96666667,158.2666667,0.011888333,0.157281667,1.593333333,166,4/28/2012,28,4,17600,4.245512668,2580,1.896550104,8/1/2012,107.0444444,38.75,83.65
250,2020,MS,1,7,7/21/2020,,,0.006,8.18,257.5,18.65,,0.017,0.11,8.16,174,5/21/2020,21,5,20000,4.301029996,2580,1.979110744,7/1/2020,61.75,68.23259259,39.09814815
251,2020,MS,1,8,8/12/2020,0.007,0.003,0.00525,8.2725,277.4,18.475,,0.0165,0.155,5.4675,174,5/21/2020,21,5,20000,4.301029996,2580,1.979110744,8/1/2020,83,117.93375,119.3466667
252,2020,MS,1,9,9/10/2020,0.0135,0.003,0.005083333,8.2425,311.125,16.075,,0.014,0.1625,3.345,174,5/21/2020,21,5,20000,4.301029996,2580,1.979110744,9/1/2020,112.6666667,36.91714286,92.82
184,2016,FH,1,7,7/23/2016,0.0211,0.0096,0.0012,8.345,192.05,18.8,124.8,0.0087,0.1335,0.86,101,5/10/2016,10,5,20800,4.318063335,7590,1.39939565,7/1/2016,74.5,5.525,11.2
185,2016,FH,1,9,9/10/2016,0.020675,0.007275,0.0009375,8.37,225.7,15.5,146.75,0.010416667,0.171416667,1.3,101,5/10/2016,10,5,20800,4.318063335,7590,1.39939565,9/1/2016,123.9166667,15.03333333,13.75
108,2010,HU,1,8,8/6/2010,0.0101,0.024616667,0.004716667,8.103333333,234.9833333,21.1,124.8666667,0.0181,0.208166667,2.933333333,137,6/6/2010,6,6,23100,4.36361198,2150,2.206604536,8/1/2010,61.5,20.42857143,63.74545455
109,2010,HU,1,9,9/8/2010,0.009933333,0.035608333,0.003645833,8.28,265.5,18.18333333,141.4166667,0.017445833,0.232791667,3.64,137,6/6/2010,6,6,23100,4.36361198,2150,2.206604536,9/1/2010,94.4,24.15,93.32857143
110,2010,BM,1,8,8/6/2010,0.00925,0.034783333,0.007583333,7.893333333,256.1666667,18.13333333,136.2333333,0.019616667,0.21,3.126666667,14,6/6/2010,6,6,23100,4.36361198,2150,2.206604536,8/1/2010,61.5,20.52631579,66.4047619
111,2010,BM,1,9,9/9/2010,0.020929167,0.052858333,0.006541667,8.115,290.3333333,15.75,154.3,0.019658333,0.248875,3.398333333,14,6/6/2010,6,6,23100,4.36361198,2150,2.206604536,9/1/2010,95.5,31.95,138.8285714
153,2013,HU,1,7,7/26/2013,0.012973333,0.04542,0.0038325,8.34,242.2333333,19.83333333,157.5666667,0.01536,0.192618,2.766666667,140,5/15/2013,15,5,25600,4.408239965,2150,2.283497297,7/1/2013,72.37777778,5.285714286,14
154,2013,HU,1,8,8/28/2013,0.011461667,0.042605,0.00366375,8.3525,244.9666667,18.61666667,159.2333333,0.0166075,0.233094,3.300833333,140,5/15/2013,15,5,25600,4.408239965,2150,2.283497297,8/1/2013,105.75,4.238095238,22.85714286
155,2013,BM,1,8,8/8/2013,0.0136725,0.02705,0.0035125,8.3525,258.95,18.175,168.325,0.0129725,0.2439725,2.49,17,5/15/2013,15,5,25600,4.408239965,2150,2.283497297,8/1/2013,85,8.047619048,22.80952381
156,2013,BM,1,9,9/9/2013,0.013594167,0.0367375,0.005550833,8.3875,282.1,16.325,183.275,0.0153775,0.249385833,2.7125,17,5/15/2013,15,5,25600,4.408239965,2150,2.283497297,9/1/2013,117.8333333,14.47619048,81.42857143
98,2010,FH,1,8,8/9/2010,0.007591667,0.007883333,0.004158333,8.316666667,214.45,21.96666667,114.05,0.010804167,0.18625,1.655,95,6/7/2010,7,6,26400,4.421603927,7590,1.515144488,8/1/2010,63.26666667,15.66666667,38.36363636
99,2010,FH,1,9,9/9/2010,0.007775,0.008583333,0.003375,8.476666667,239.5,19.6,127.4333333,0.0102375,0.162083333,1.563333333,95,6/7/2010,7,6,26400,4.421603927,7590,1.515144488,9/1/2010,94.5,24,36.90952381
116,2011,MS,1,8,8/12/2011,0.010641667,0.007986667,0.011333333,8.32,223.3,15.45,145.3666667,0.0258,0.157666667,5.021666667,165,6/10/2011,10,6,28100,4.44870632,2580,2.216641899,8/1/2011,63.8,9.785714286,24.07692308
117,2011,MS,1,9,9/11/2011,0.009166667,0.00377,0.008883333,8.371666667,258.8666667,13.75,168.2166667,0.0158,0.138166667,2.108333333,165,6/10/2011,10,6,28100,4.44870632,2580,2.216641899,9/1/2011,93,25.33333333,51.47619048
276,2021,HU,1,8,8/17/2021,0.025,0.016,0.00145,8.18,259.125,18.45,,0.01575,0.1525,2.935,148,6/5/2021,5,6,28200,4.450249108,2150,2.358324428,8/1/2021,73,16.19047619,62.95238095
277,2021,HU,1,9,9/13/2021,0.02,0.01225,,7.9875,287.825,14.725,,0.0135,0.1525,3.0275,148,6/5/2021,5,6,28200,4.450249108,2150,2.358324428,9/1/2021,100.1666667,64.80952381,363.7142857
278,2021,BM,1,8,8/16/2021,0.02,0.0175,0.001,8.3875,280.525,17,,0.011,0.145,3.2675,25,6/5/2021,5,6,28200,4.450249108,2150,2.358324428,8/1/2021,72.5,14.04761905,59.19047619
279,2021,BM,1,7,7/16/2021,0.02,0.02,0.001,8.44,262.35,17.6,,0.015,0.13,2.045,25,6/5/2021,5,6,28200,4.450249108,2150,2.358324428,7/1/2021,41.5,16.38095238,57.33333333
293,2022,HU,1,9,9/12/2022,0.02,0.022416667,0.00145,8.088333333,265.5333333,17.175,,0.021916667,0.2,3.034166667,149,6/13/2022,13,6,28700,4.457881897,2150,2.372180941,9/1/2022,91.5,23.04761905,68.8747619
294,2022,HU,1,8,8/12/2022,0.02,0.022666667,0.00175,7.923333333,214.6333333,18.95,,0.024666667,0.16,4.276666667,149,6/13/2022,13,6,28700,4.457881897,2150,2.372180941,8/1/2022,60.375,14.6875,43.62551875
295,2022,BM,1,7,7/20/2022,,0.01,0.004,7.99,237.6,17.4,,0.019,0.14,6.14,26,6/13/2022,13,6,28700,4.457881897,2150,2.372180941,7/1/2022,37,16.71428571,53.86095714
296,2022,BM,1,9,9/11/2022,0.02,0.033,0.01,8.324166667,289.975,17.725,,0.023083333,0.2025,3.230833333,26,6/13/2022,13,6,28700,4.457881897,2150,2.372180941,9/1/2022,90.75,21.04761905,116.1640619
212,2017,HU,1,8,8/6/2017,0.0130875,0.0576,0.0019,8.095,231.925,19.425,150.625,0.014408333,0.249916667,2.05375,144,6/14/2017,14,6,29200,4.465382851,2150,2.385877439,8/1/2017,53.5,8.97,25.82
213,2017,HU,1,9,9/6/2017,0.01425,0.071475,0.0015,8.1725,259.1,17.225,168.35,0.012375,0.28275,1.9145,144,6/14/2017,14,6,29200,4.465382851,2150,2.385877439,9/1/2017,84.5,12.17142857,35.18571429
214,2017,BM,1,7,7/13/2017,0.010675,0.010766667,0.004266667,8.085,249.05,17.5,161.8,0.015933333,0.153666667,2.265,21,6/14/2017,14,6,29200,4.465382851,2150,2.385877439,7/1/2017,29.08333333,5.071428571,13.5047619
215,2017,BM,1,8,8/10/2017,0.0116125,0.021283333,0.004083333,8.135,261.025,17,169.625,0.015766667,0.174833333,2.025,21,6/14/2017,14,6,29200,4.465382851,2150,2.385877439,8/1/2017,57.5,6.585714286,24.99047619
216,2017,BM,1,9,9/7/2017,0.010825,0.02995,0.004,8.1375,288.1,14.325,187.225,0.016275,0.21225,2.435,21,6/14/2017,14,6,29200,4.465382851,2150,2.385877439,9/1/2017,85,47.01904762,175.8380952
221,2018,MS,1,8,8/9/2018,0.0169,0.0035375,0.0054875,8.28,271.075,18.1,176.15,0.022258333,0.15575,3.12,172,5/11/2018,11,5,31500,4.498310554,2580,2.30266247,8/1/2018,90.25,22.12380952,97.54761905
222,2018,MS,1,9,9/10/2018,0.017175,0.02285,0.00235,8.42,296.425,15.725,192.575,0.0139,0.146,2.0775,172,5/11/2018,11,5,31500,4.498310554,2580,2.30266247,9/1/2018,122.5,17.14285714,66.75714286
263,2021,FH,1,8,8/17/2021,0.02,0.014833333,0.025,8.4425,233.65,14.025,,0.020833333,0.161666667,2.6025,106,6/6/2021,6,6,31700,4.501059262,7590,1.610420025,8/1/2021,72,9.538095238,19.4047619
264,2021,FH,1,9,9/13/2021,0.02,0.008,,8.3325,260.5,15.775,,0.00925,0.1225,2.4425,106,6/6/2021,6,6,31700,4.501059262,7590,1.610420025,9/1/2021,99,19.23809524,50.76190476
140,2013,FH,1,7,7/26/2013,,0.011606667,0.003883333,8.453333333,211.6666667,20.8,137.5666667,0.008866667,0.154586667,1.083333333,98,5/15/2013,15,5,32700,4.514547753,7590,1.627178981,7/1/2013,72.66666667,8.823529412,21.35714286
141,2013,FH,1,8,8/28/2013,0.00873,0.011005833,0.003706667,8.449166667,219.3333333,20.15,142.5583333,0.008953333,0.152953333,1.049166667,98,5/15/2013,15,5,32700,4.514547753,7590,1.627178981,8/1/2013,105.75,7.25,15.57142857
162,2014,HU,1,8,8/16/2014,0.0109,0.01925,0.0058,7.944166667,206.65,18.59166667,134.4,0.0163,0.167083333,2.670833333,141,5/26/2014,26,5,33400,4.523746467,2150,2.495184529,8/1/2014,82.41666667,9.134210526,25.32432432
163,2014,BM,1,7,7/20/2014,,0.0093,0.00825,8.13,228.75,16.95,148.85,0.02025,0.145,3.79,18,5/26/2014,26,5,33400,4.523746467,2150,2.495184529,7/1/2014,55.5,14.63684211,44.15789474
164,2014,BM,1,9,9/6/2014,0.0118,0.0244,0.006875,8.1275,308.925,15.375,200.675,0.0168,0.19,2.335,18,5/26/2014,26,5,33400,4.523746467,2150,2.495184529,9/1/2014,103,19.53809524,123.6666667
136,2012,HU,1,8,8/13/2012,0.010616667,0.0286825,0.003392917,8.31,207.6166667,18.83333333,134.9833333,0.01756375,0.21829375,2.035,139,4/28/2012,28,4,33700,4.527629901,2150,2.502632885,8/1/2012,107.4444444,5.333333333,25.33333333
137,2012,HU,1,9,9/5/2012,0.00947,0.0388625,0.00247625,8.398333333,229.7333333,16.35,149.3083333,0.01493125,0.22048375,2.199166667,139,4/28/2012,28,4,33700,4.527629901,2150,2.502632885,9/1/2012,130.75,9.380952381,47.33333333
138,2012,BM,1,8,8/12/2012,0.01567,0.02843,0.00589,8.256666667,238.8166667,17.05,155.1166667,0.016695,0.230933333,2.208333333,16,4/28/2012,28,4,33700,4.527629901,2150,2.502632885,8/1/2012,106.7777778,12.04761905,32.76190476
139,2012,BM,1,9,9/6/2012,0.0086125,0.038736667,0.003516667,8.27,250.775,14.29166667,162.925,0.013993333,0.207045,2.200833333,16,4/28/2012,28,4,33700,4.527629901,2150,2.502632885,9/1/2012,131.9444444,27.80952381,161.3809524
242,2019,HU,1,9,9/10/2019,0.02375,0.03775,0.014416667,8.42,281.175,17.375,182.8125,0.017833333,0.18,3.3475,146,5/18/2019,18,5,34000,4.531478917,2150,2.510037168,9/1/2019,115.75,17.25,68.1
243,2019,HU,1,8,8/8/2019,0.026666667,0.03575,0.014916667,8.4225,248.95,18.875,162.0125,0.0205,0.18,2.4025,146,5/18/2019,18,5,34000,4.531478917,2150,2.510037168,8/1/2019,82.25,9.0455,29.04275
244,2019,BM,1,8,8/8/2019,0.025,0.032083333,0.021583333,8.585,285.525,17.425,185.74,0.023666667,0.153333333,3.6425,23,5/18/2019,18,5,34000,4.531478917,2150,2.510037168,8/1/2019,82.75,15.06725,44.315
245,2019,BM,1,9,9/9/2019,0.0225,0.039,0.015,8.48,311.35,16.075,202.725,0.03,0.18,6.2975,23,5/18/2019,18,5,34000,4.531478917,2150,2.510037168,9/1/2019,114.75,58.55,253.4
198,2017,FH,1,8,8/6/2017,0.020575,0.0236,0.001575,8.2225,216.025,19.55,140.2,0.00845,0.1595,0.99825,102,6/3/2017,3,6,34500,4.537819095,7590,1.656503812,8/1/2017,64.5,5.76875,10.9
199,2017,FH,1,9,9/9/2017,0.020275,0.024775,0.0016,8.26,236.575,16.775,153.725,0.008775,0.1825,1.17575,102,6/3/2017,3,6,34500,4.537819095,7590,1.656503812,9/1/2017,98,11.72857143,20.43333333
94,2009,HU,1,9,9/7/2009,0.010828333,0.031917667,0.00407,8.433333333,261.6666667,19.13333333,139.1,0.014910417,0.245083333,2.706666667,136,6/1/2009,1,6,35300,4.547774705,2150,2.541628559,9/1/2009,98.39,14.57894737,51.33333333
95,2009,HU,1,8,8/8/2009,0.009158333,0.034406667,0.005626667,8.375,229.7833333,19.56666667,122.15,0.018201667,0.227833333,3.378333333,136,6/1/2009,1,6,35300,4.547774705,2150,2.541628559,8/1/2009,68.66666667,9.6,39.19047619
96,2009,BM,1,8,8/9/2009,0.007073333,0.032798333,0.007435,8.305,259.8333333,16.68333333,137.8166667,0.01944,0.2105,3.883333333,13,6/1/2009,1,6,35300,4.547774705,2150,2.541628559,8/1/2009,69.16666667,10.75,38
97,2009,BM,1,9,9/8/2009,0.011569,0.043121,0.008719,8.346666667,292.1666667,16.4,154.8666667,0.023529167,0.238041667,2.826666667,13,6/1/2009,1,6,35300,4.547774705,2150,2.541628559,9/1/2009,99.5,40.7,360.7619048
80,2008,HU,1,9,9/9/2008,0.015,0.0545,,8.611666667,251.1666667,15.825,133.325,0.015125,0.2,2.314166667,135,5/21/2008,21,5,35500,4.550228353,2150,2.546419576,9/1/2008,111.5,7.725,43.15
81,2008,HU,1,8,8/11/2008,0.015,0.047416667,,8.488333333,210.4,18.78333333,123.4166667,0.017458333,0.2,4.071666667,135,5/21/2008,21,5,35500,4.550228353,2150,2.546419576,8/1/2008,82,6.205,11.05
82,2008,BM,1,8,8/15/2008,0.033333333,0.032333333,,8.481666667,249.3333333,16.33333333,134.65,0.018666667,0.2,3.896666667,12,5/21/2008,21,5,35500,4.550228353,2150,2.546419576,8/1/2008,86.5,15.315,62.85
83,2008,BM,1,9,9/13/2008,0.028333333,0.044166667,,8.549166667,285.0833333,13.55833333,153.6083333,0.016166667,0.2,2.989166667,12,5/21/2008,21,5,35500,4.550228353,2150,2.546419576,9/1/2008,115.1111111,13.565,73.2
280,2022,FH,1,8,8/12/2022,0.02,0.01175,0.01025,8.073333333,198.4166667,19.06666667,,0.017666667,0.16,2.47,107,6/13/2022,13,6,35700,4.552668216,7590,1.675491183,8/1/2022,60.375,4.041176471,7.713405882
281,2022,FH,1,9,9/11/2022,0.02,0.01375,0.00975,8.218333333,241.0666667,17.39166667,,0.027666667,0.21,1.3975,107,6/13/2022,13,6,35700,4.552668216,7590,1.675491183,9/1/2022,90.75,9.674761905,20.48092381
259,2020,HU,1,8,8/10/2020,0.009,0.014,0.004,8.1625,237.9,18.925,,0.01375,0.1375,3.66,147,5/22/2020,22,5,37300,4.571708832,2150,2.588750072,8/1/2020,80.83333333,11.68714286,35.84619048
260,2020,HU,1,9,9/10/2020,0.0145,0.035166667,0.004666667,8.105,278.575,16.65,,0.011583333,0.165833333,2.41,147,5/22/2020,22,5,37300,4.571708832,2150,2.588750072,9/1/2020,111.8333333,20.15380952,80.84666667
261,2020,BM,1,8,8/11/2020,,0.017,0.0045,8.26,269.325,17.9,,0.01825,0.1425,3.3925,24,5/22/2020,22,5,37300,4.571708832,2150,2.588750072,8/1/2020,81.5,17.42095238,55.13571429
262,2020,BM,1,9,9/10/2020,0.02,0.025,0.005,8.1525,291.85,15.65,,0.015916667,0.155833333,2.9875,24,5/22/2020,22,5,37300,4.571708832,2150,2.588750072,9/1/2020,111.3333333,24.88333333,116.3857143
157,2014,FH,1,8,8/17/2014,0.0114,0.009966667,0.004333333,8.053333333,195.5416667,18.85,127.0583333,0.011841667,0.168833333,2.57,99,5/26/2014,26,5,41000,4.612783857,7590,1.754610377,8/1/2014,83.89018088,12.65294118,22.66666667
231,2019,FH,1,8,8/9/2019,0.0225,0.012583333,0.020083333,8.51,227.85,18.975,148.0375,0.0085,0.125833333,2.225,104,5/19/2019,19,5,42000,4.62324929,7590,1.768761072,8/1/2019,82.38888889,9.007,16.581
232,2019,FH,1,9,9/9/2019,0.019925,0.009833333,0.013583333,8.515,256.375,17.875,166.75,0.009,0.128333333,3.755,104,5/19/2019,19,5,42000,4.62324929,7590,1.768761072,9/1/2019,113.25,10.465,24.56
126,2012,FH,1,8,8/12/2012,0.009805,0.009714167,0.003703333,8.406666667,191.1,19.45,124.25,0.008835,0.167779167,1.24,97,4/28/2012,28,4,42200,4.625312451,7590,1.771564185,8/1/2012,106.0444444,16.14,16.11111111
127,2012,FH,1,9,9/5/2012,0.006866667,0.010335,0.002958333,8.518333333,209.3333333,17.15833333,136.2333333,0.00799,0.18111,1.029166667,97,4/28/2012,28,4,42200,4.625312451,7590,1.771564185,9/1/2012,130.75,10.6,19.46153846
84,2009,FH,1,8,8/13/2009,0.007569,0.00664625,0.00367875,8.483333333,215.8,21.26666667,114.6333333,0.010167083,0.137125,1.958333333,94,6/1/2009,1,6,42500,4.62838893,7590,1.775752295,8/1/2009,73.89583333,7.6,23.04761905
85,2009,FH,1,9,9/8/2009,0.00892525,0.00709375,0.00331375,8.588333333,242.6666667,20.3,128.9666667,0.008987083,0.147625,1.33,94,6/1/2009,1,6,42500,4.62838893,7590,1.775752295,9/1/2009,99.91666667,19.1,51.61904762
246,2020,FH,1,8,8/10/2020,,0.0065,0.002,8.1575,220.7,18.95,,0.0075,0.105,2.2775,105,5/22/2020,22,5,42900,4.632457292,7590,1.781305896,8/1/2020,80.83333333,8.275714286,16.75333333
247,2020,FH,1,9,9/9/2020,0.02,0.009375,0.0035,8.185,251.15,16.275,,0.006125,0.11,1.4425,105,5/22/2020,22,5,42900,4.632457292,7590,1.781305896,9/1/2020,110.8333333,8.197619048,16.49809524
70,2008,FH,1,9,9/9/2008,0.01,0.015,,8.770833333,229,17.95833333,121.6666667,0.009,0.166666667,1.566666667,93,5/21/2008,21,5,45700,4.6599162,7590,1.819246193,9/1/2008,111.5,4.15,13.3
71,2008,FH,1,8,8/14/2008,0.01,0.0155,,8.581666667,197.2166667,20.11666667,104.65,0.01125,0.141666667,2.608333333,93,5/21/2008,21,5,45700,4.6599162,7590,1.819246193,8/1/2008,85.91666667,3.295,4.333333333
122,2011,HU,1,9,9/11/2011,0.0118875,0.0412875,0.0060125,8.361666667,230.1833333,15.95833333,149.6083333,0.0180375,0.2092975,2.01,138,6/9/2011,9,6,46600,4.668385917,2150,2.788147973,9/1/2011,94,10.66666667,60
123,2011,HU,1,8,8/13/2011,0.0107875,0.034920833,0.008404167,8.196666667,183.95,16.9,119.6,0.0255625,0.187464167,4.851666667,138,6/9/2011,9,6,46600,4.668385917,2150,2.788147973,8/1/2011,65.6,6.8,16.80952381
124,2011,BM,1,9,9/13/2011,0.015883333,0.040183333,0.008533333,8.395833333,257.9083333,14.225,167.6166667,0.016983333,0.186666667,2.09,15,6/9/2011,9,6,46600,4.668385917,2150,2.788147973,9/1/2011,96.16666667,8.428571429,39.33333333
125,2011,BM,1,8,8/10/2011,0.018116667,0.026616667,0.011366667,8.348333333,221.2833333,15.3,143.8666667,0.02725,0.178666667,4.933333333,15,6/9/2011,9,6,46600,4.668385917,2150,2.788147973,8/1/2011,62.5,13.0952381,44.28571429
227,2018,HU,1,8,8/7/2018,0.01275,0.03235,0.002625,8.0675,237,17.825,154.05,0.0181,0.19925,3.1225,145,5/11/2018,11,5,51200,4.709269961,2150,2.877026311,8/1/2018,88.75,10.13809524,26.85714286
228,2018,HU,1,9,9/10/2018,0.016216667,0.045825,0.00175,8.2025,266.3,15.825,173.1,0.014775,0.22625,2.0325,145,5/11/2018,11,5,51200,4.709269961,2150,2.877026311,9/1/2018,122.4444444,7.357142857,28.75714286
229,2018,BM,1,8,8/10/2018,0.03095,0.021475,0.006775,8.2525,269.275,16.75,175,0.020925,0.18025,2.755,22,5/11/2018,11,5,51200,4.709269961,2150,2.877026311,8/1/2018,91.25,11.46315789,42.51052632
230,2018,BM,1,9,9/12/2018,0.020483333,0.033441667,0.003558333,8.2875,298.125,14.975,193.725,0.015958333,0.200916667,2.1,22,5/11/2018,11,5,51200,4.709269961,2150,2.877026311,9/1/2018,124.7777778,23.26666667,148.3619048
112,2011,FH,1,9,9/11/2011,0.008125,0.0148,0.0045125,8.484166667,209.9333333,16.75833333,136.4416667,0.011675,0.1338075,1.208333333,96,6/10/2011,10,6,54700,4.737987326,7590,1.931591046,9/1/2011,93,6.666666667,14.95238095
113,2011,FH,1,8,8/10/2011,0.009866667,0.013408333,0.0060625,8.335,170.5833333,17.58333333,110.85,0.01905,0.1313075,5.14,96,6/10/2011,10,6,54700,4.737987326,7590,1.931591046,8/1/2011,61,6.944444444,10
217,2018,FH,1,8,8/10/2018,0.010691667,0.017866667,0.0031,8.265,223.7,18.5,145.425,0.011458333,0.148916667,2.0675,103,5/12/2018,12,5,59700,4.775974331,7590,1.988737754,8/1/2018,90.91666667,7.945,15.92105263
218,2018,FH,1,9,9/8/2018,0.018675,0.021691667,0.001,8.2725,248.275,15.85,161.375,0.009658333,0.158916667,1.0925,103,5/12/2018,12,5,59700,4.775974331,7590,1.988737754,9/1/2018,119.5,13.1047619,29.8047619
63,2007,RC1,1,8,8/21/2007,,,,,,,,,,,,,,,,,,,8/1/2007,,,49.72727273
67,2007,CG,1,8,8/20/2007,0.015,0.01675,0.0065,,,,,0.0145,0.15,,,,,,,,,,8/1/2007,,,35.18181818
69,2007,RC2,1,8,8/20/2007,,,,,,,,,,,,,,,,,,,8/1/2007,,,21.27272727
72,2008,GR,1,9,9/9/2008,0.01,0.0235,,8.675833333,471.1666667,14.325,250.5833333,0.02725,0.225,2.411666667,,,,,,,,,9/1/2008,,36.17,134.8
73,2008,GR,1,8,8/10/2008,0.013333333,0.0045,,8.493333333,419,17.76666667,222.8,0.040625,0.2625,2.72,,,,,,,,,8/1/2008,,102.315,129.1
