,year,Site,ActivityStartDate,date_yearmon,Chlorophyll.a..corrected.for.pheophytin,Weight,Nitrate...Nitrite.x,Orthophosphate.x,pH.x,Temperature..water.x,Total.Nitrogen..mixed.forms.x,Total.Phosphorus..mixed.forms.x,Nitrate...Nitrite.y,Orthophosphate.y,pH.y,Temperature..water.y,Total.Nitrogen..mixed.forms.y,Total.Phosphorus..mixed.forms.y,Nitrate...Nitrite.x,Orthophosphate.x,pH.x,Temperature..water.x,Total.Nitrogen..mixed.forms.x,Total.Phosphorus..mixed.forms.x,Nitrate...Nitrite.y,Orthophosphate.y,pH.y,Temperature..water.y,Total.Nitrogen..mixed.forms.y,Total.Phosphorus..mixed.forms.y
1,2008,Clark Fork River above Flathead,8/1/2008,Aug-08,4.333333333,3.876470588,NA,NA,NA,NA,NA,NA,NA,NA,NA,NA,NA,NA,NA,NA,NA,NA,NA,NA,NA,NA,NA,NA,NA,NA
2,2008,Clark Fork River above Flathead,9/1/2008,Sep-08,13.3,4.15,NA,NA,NA,NA,NA,NA,NA,NA,NA,NA,NA,NA,NA,NA,NA,NA,NA,NA,NA,NA,NA,NA,NA,NA
16,2009,Clark Fork River above Flathead,8/2/2009,Aug-09,23.04761905,8,31.78,9.39,8.07,19.2,NA,24.04,5.83,3.88,8.29,22.1,136,10.68666667,7.4625,3.4775,NA,NA,NA,NA,6.725,3.15,NA,NA,NA,NA
15,2009,Clark Fork River above Flathead,9/5/2009,Sep-09,51.61904762,19.1,31.78,9.39,8.07,19.2,NA,24.04,5.83,3.88,8.29,22.1,136,10.68666667,7.4625,3.4775,NA,NA,NA,NA,6.725,3.15,NA,NA,NA,NA
29,2010,Clark Fork River above Flathead,8/1/2010,Aug-10,38.36363636,15.66666667,42.5,12.7,7.83,18.9,241,37.1,7.766666667,4.766666667,8.22,21.03333333,206,10.93333333,8,3.55,NA,NA,166.5,10.675,9.166666667,3.2,8.54,16.3,157.6666667,9.8
30,2010,Clark Fork River above Flathead,9/10/2010,Sep-10,36.90952381,24,42.5,12.7,7.83,18.9,241,37.1,7.766666667,4.766666667,8.22,21.03333333,206,10.93333333,8,3.55,NA,NA,166.5,10.675,9.166666667,3.2,8.54,16.3,157.6666667,9.8
43,2011,Clark Fork River above Flathead,8/2/2011,Aug-11,10,6.944444444,30.15,12.6,7.97,13.35,NA,74,21.56666667,7.6,8.206666667,16.6,144,22.8,5.25,4.525,8.463333333,18.56666667,118.615,15.3,24.35,4.5,8.505,14.95,149,8.05
44,2011,Clark Fork River above Flathead,9/4/2011,Sep-11,14.95238095,6.666666667,30.15,12.6,7.97,13.35,NA,74,21.56666667,7.6,8.206666667,16.6,144,22.8,5.25,4.525,8.463333333,18.56666667,118.615,15.3,24.35,4.5,8.505,14.95,149,8.05
58,2012,Clark Fork River above Flathead,8/1/2012,Aug-12,16.11111111,16.14,13.875,7.045,8.28,14.35,178.625,16.25,9.343333333,3.24,8.326666667,19.83333333,169.7933333,9.47,10.085,4.166666667,NA,NA,165.765,8.2,10.585,1.75,8.55,15.25,196.455,7.78
57,2012,Clark Fork River above Flathead,9/2/2012,Sep-12,19.46153846,10.6,13.875,7.045,8.28,14.35,178.625,16.25,9.343333333,3.24,8.326666667,19.83333333,169.7933333,9.47,10.085,4.166666667,NA,NA,165.765,8.2,10.585,1.75,8.55,15.25,196.455,7.78
71,2013,Clark Fork River above Flathead,7/31/2013,Jul-13,21.35714286,8.823529412,NA,NA,NA,NA,NA,NA,11.60666667,3.883333333,8.453333333,20.8,154.5866667,8.866666667,10.405,3.53,8.445,19.5,151.32,9.04,8.93,2.73,8.43,16.3,152.4,12.48
72,2013,Clark Fork River above Flathead,8/31/2013,Aug-13,15.57142857,7.25,NA,NA,NA,NA,NA,NA,11.60666667,3.883333333,8.453333333,20.8,154.5866667,8.866666667,10.405,3.53,8.445,19.5,151.32,9.04,8.93,2.73,8.43,16.3,152.4,12.48
88,2014,Clark Fork River above Flathead,8/15/2014,Aug-14,22.66666667,12.65294118,NA,NA,NA,NA,NA,NA,11.2,5.3,7.93,18.5,159,13.95,8.733333333,3.366666667,NA,NA,178.6666667,9.733333333,7.7,4.1,8.06,15.5,144.5,8.05
97,2015,Clark Fork River above Flathead,8/2/2015,Aug-15,36.25,20.2,NA,NA,NA,NA,NA,NA,7.65,2.2,8.58,20.55,168.5,10.55,NA,NA,NA,NA,NA,NA,NA,NA,NA,NA,NA,NA
96,2015,Clark Fork River above Flathead,9/6/2015,Sep-15,57.85714286,26.14285714,NA,NA,NA,NA,NA,NA,7.65,2.2,8.58,20.55,168.5,10.55,NA,NA,NA,NA,NA,NA,NA,NA,NA,NA,NA,NA
116,2016,Clark Fork River above Flathead,7/29/2016,Jul-16,11.2,5.525,NA,NA,NA,NA,NA,NA,9.6,1.2,8.345,18.8,133.5,8.7,6.55,0.85,8.365,17,152.5,9.6,8,1.025,NA,NA,190.3333333,11.23333333
115,2016,Clark Fork River above Flathead,9/3/2016,Sep-16,13.75,15.03333333,NA,NA,NA,NA,NA,NA,9.6,1.2,8.345,18.8,133.5,8.7,6.55,0.85,8.365,17,152.5,9.6,8,1.025,NA,NA,190.3333333,11.23333333
130,2017,Clark Fork River above Flathead,8/1/2017,Aug-17,10.9,5.76875,NA,NA,NA,NA,NA,NA,19.45,1.55,8.14,20.1,136.5,9,27.75,1.6,8.305,19,182.5,7.9,NA,NA,NA,NA,NA,NA
129,2017,Clark Fork River above Flathead,9/2/2017,Sep-17,20.43333333,11.72857143,NA,NA,NA,NA,NA,NA,19.45,1.55,8.14,20.1,136.5,9,27.75,1.6,8.305,19,182.5,7.9,NA,NA,NA,NA,NA,NA
148,2018,Clark Fork River above Flathead,8/3/2018,Aug-18,15.92105263,7.945,NA,NA,NA,NA,NA,NA,11.4,3.1,NA,NA,133.5,12.55,NA,NA,NA,NA,NA,NA,19.05,1,8.215,13.75,153.5,8.95
149,2018,Clark Fork River above Flathead,9/5/2018,Sep-18,29.8047619,13.1047619,NA,NA,NA,NA,NA,NA,11.4,3.1,NA,NA,133.5,12.55,NA,NA,NA,NA,NA,NA,19.05,1,8.215,13.75,153.5,8.95
162,2019,Clark Fork River above Flathead,8/2/2019,Aug-19,16.581,9.007,NA,NA,NA,NA,NA,NA,13.5,23.5,8.45,17.4,115,9,11.66666667,16.66666667,NA,NA,136.6666667,8,8,10.5,8.46,15.2,120,10
163,2019,Clark Fork River above Flathead,9/1/2019,Sep-19,24.56,10.465,NA,NA,NA,NA,NA,NA,13.5,23.5,8.45,17.4,115,9,11.66666667,16.66666667,NA,NA,136.6666667,8,8,10.5,8.46,15.2,120,10
178,2020,Clark Fork River above Flathead,8/3/2020,Aug-20,16.75333333,8.275714286,NA,NA,NA,NA,NA,NA,5,1,8.075,19.2,90,9,8,3,NA,NA,120,6,10.75,4,NA,NA,100,6.25
177,2020,Clark Fork River above Flathead,9/2/2020,Sep-20,16.49809524,8.197619048,NA,NA,NA,NA,NA,NA,5,1,8.075,19.2,90,9,8,3,NA,NA,120,6,10.75,4,NA,NA,100,6.25
194,2021,Clark Fork River above Flathead,8/4/2021,Aug-21,19.4047619,9.538095238,NA,NA,NA,NA,NA,NA,23.66666667,25,NA,NA,193.3333333,33.66666667,NA,NA,NA,NA,NA,NA,NA,NA,NA,NA,NA,NA
195,2021,Clark Fork River above Flathead,9/3/2021,Sep-21,50.76190476,19.23809524,NA,NA,NA,NA,NA,NA,23.66666667,25,NA,NA,193.3333333,33.66666667,NA,NA,NA,NA,NA,NA,NA,NA,NA,NA,NA,NA
212,2022,Clark Fork River above Flathead,8/1/2022,Aug-22,7.713405882,4.041176471,NA,NA,NA,NA,NA,NA,7,2,7.95,18.4,150,6,NA,NA,NA,NA,NA,NA,11,1,8.24,15.05,250,26
211,2022,Clark Fork River above Flathead,9/2/2022,Sep-22,20.48092381,9.674761905,NA,NA,NA,NA,NA,NA,7,2,7.95,18.4,150,6,NA,NA,NA,NA,NA,NA,11,1,8.24,15.05,250,26
3,2008,Clark Fork River above Little Blackfoot,8/1/2008,Aug-08,129.1,102.315,NA,NA,NA,NA,NA,NA,NA,NA,NA,NA,NA,NA,NA,NA,NA,NA,NA,NA,NA,NA,NA,NA,NA,NA
4,2008,Clark Fork River above Little Blackfoot,9/1/2008,Sep-08,134.8,36.17,NA,NA,NA,NA,NA,NA,NA,NA,NA,NA,NA,NA,NA,NA,NA,NA,NA,NA,NA,NA,NA,NA,NA,NA
17,2009,Clark Fork River above Little Blackfoot,8/1/2009,Aug-09,102.2047619,95.22,53.83,39.01,8.36,15.9,NA,86.33,11.1025,21.296,NA,NA,NA,NA,14.30666667,15.94,8.603333333,19.36666667,262,35.73666667,6.05,8.946666667,8.35,17.73333333,233.6666667,20.80666667
18,2009,Clark Fork River above Little Blackfoot,9/6/2009,Sep-09,126.2857143,60.65,53.83,39.01,8.36,15.9,NA,86.33,11.1025,21.296,NA,NA,NA,NA,14.30666667,15.94,8.603333333,19.36666667,262,35.73666667,6.05,8.946666667,8.35,17.73333333,233.6666667,20.80666667
32,2010,Clark Fork River above Little Blackfoot,8/1/2010,Aug-10,64.14782609,67.80952381,119.1,47.9,7.93,15.9,497,116.5,17.975,25.9,8.08,19.26666667,306,53.775,14.6,37.63333333,8.266666667,20.13333333,363.3333333,88.53333333,33.56666667,18.13333333,8.443333333,14.53333333,281,37.63333333
31,2010,Clark Fork River above Little Blackfoot,9/10/2010,Sep-10,119.4666667,59.95,119.1,47.9,7.93,15.9,497,116.5,17.975,25.9,8.08,19.26666667,306,53.775,14.6,37.63333333,8.266666667,20.13333333,363.3333333,88.53333333,33.56666667,18.13333333,8.443333333,14.53333333,281,37.63333333
46,2011,Clark Fork River above Little Blackfoot,8/1/2011,Aug-11,50.66666667,13,32.9,34.43333333,NA,NA,NA,86.5,38.46666667,27.5,8.25,15.5,296,75.83333333,65.8,31.5,8.446666667,16.9,305,51.56666667,56.4,15.65,8.565,11.8,304.5,32.3
45,2011,Clark Fork River above Little Blackfoot,9/3/2011,Sep-11,65.26666667,16.66666667,32.9,34.43333333,NA,NA,NA,86.5,38.46666667,27.5,8.25,15.5,296,75.83333333,65.8,31.5,8.446666667,16.9,305,51.56666667,56.4,15.65,8.565,11.8,304.5,32.3
59,2012,Clark Fork River above Little Blackfoot,7/31/2012,Jul-12,85.19047619,72.61904762,25.27,24.455,8.435,14.25,330.82,46.315,1.78,19.3825,NA,NA,290.65,48.0775,NA,NA,NA,NA,NA,NA,NA,NA,NA,NA,NA,NA
60,2012,Clark Fork River above Little Blackfoot,9/1/2012,Sep-12,147.7619048,57.0952381,25.27,24.455,8.435,14.25,330.82,46.315,1.78,19.3825,NA,NA,290.65,48.0775,NA,NA,NA,NA,NA,NA,NA,NA,NA,NA,NA,NA
75,2013,Clark Fork River above Little Blackfoot,6/28/2013,Jun-13,63.13636364,61.95652174,NA,NA,NA,NA,NA,NA,1.505,18.715,8.47,18.65,281.795,31.4,1.373333333,16.33666667,NA,NA,269.29,27.52333333,9.025,16.175,8.265,14.9,271.77,29.835
73,2013,Clark Fork River above Little Blackfoot,8/4/2013,Aug-13,196.8888889,107.0740741,NA,NA,NA,NA,NA,NA,1.505,18.715,8.47,18.65,281.795,31.4,1.373333333,16.33666667,NA,NA,269.29,27.52333333,9.025,16.175,8.265,14.9,271.77,29.835
74,2013,Clark Fork River above Little Blackfoot,9/1/2013,Sep-13,150.0689655,71.71428571,NA,NA,NA,NA,NA,NA,1.505,18.715,8.47,18.65,281.795,31.4,1.373333333,16.33666667,NA,NA,269.29,27.52333333,9.025,16.175,8.265,14.9,271.77,29.835
89,2014,Clark Fork River above Little Blackfoot,8/14/2014,Aug-14,95.61363636,105.9522727,NA,NA,NA,NA,NA,NA,25.2,27.4,8.325,18,356,57.6,1.65,17.63333333,NA,NA,263.3333333,31.4,NA,NA,NA,NA,NA,NA
99,2015,Clark Fork River above Little Blackfoot,7/1/2015,Jul-15,75.12,135.88,NA,NA,NA,NA,NA,NA,1.65,10.85,8.225,17.35,317.5,31.35,5.925,6.933333333,NA,NA,212.5,24.03333333,26.65,5.5,8.2,11.5,366,31.6
100,2015,Clark Fork River above Little Blackfoot,8/1/2015,Aug-15,312.1904762,183.5714286,NA,NA,NA,NA,NA,NA,1.65,10.85,8.225,17.35,317.5,31.35,5.925,6.933333333,NA,NA,212.5,24.03333333,26.65,5.5,8.2,11.5,366,31.6
98,2015,Clark Fork River above Little Blackfoot,9/5/2015,Sep-15,129.1904762,45.85714286,NA,NA,NA,NA,NA,NA,1.65,10.85,8.225,17.35,317.5,31.35,5.925,6.933333333,NA,NA,212.5,24.03333333,26.65,5.5,8.2,11.5,366,31.6
117,2016,Clark Fork River above Little Blackfoot,7/17/2016,Jul-16,195.4755556,170.2084444,NA,NA,NA,NA,NA,NA,1.25,23.1,8.15,15.55,285,43.25,1.766666667,10.43333333,NA,NA,279.6666667,30.16666667,34.9,7.45,8.24,11.2,293.5,22.7
118,2016,Clark Fork River above Little Blackfoot,9/4/2016,Sep-16,125.1761905,52.92285714,NA,NA,NA,NA,NA,NA,1.25,23.1,8.15,15.55,285,43.25,1.766666667,10.43333333,NA,NA,279.6666667,30.16666667,34.9,7.45,8.24,11.2,293.5,22.7
131,2017,Clark Fork River above Little Blackfoot,7/5/2017,Jul-17,34,27.72857143,NA,NA,NA,NA,NA,NA,2.5,15.1,8.235,19,284.5,35.85,74.35,4.55,NA,NA,321,17.4,180.8,10.9,8.23,10.9,523,35
132,2017,Clark Fork River above Little Blackfoot,8/2/2017,Aug-17,116.2428571,167.6380952,NA,NA,NA,NA,NA,NA,2.5,15.1,8.235,19,284.5,35.85,74.35,4.55,NA,NA,321,17.4,180.8,10.9,8.23,10.9,523,35
133,2017,Clark Fork River above Little Blackfoot,9/3/2017,Sep-17,77.34090909,139.9227273,NA,NA,NA,NA,NA,NA,2.5,15.1,8.235,19,284.5,35.85,74.35,4.55,NA,NA,321,17.4,180.8,10.9,8.23,10.9,523,35
150,2018,Clark Fork River above Little Blackfoot,8/4/2018,Aug-18,94.70625,58.51875,NA,NA,NA,NA,NA,NA,25.55,20.35,8.28,18.65,324,53.25,65.86666667,7.633333333,NA,NA,337.3333333,28.06666667,89.3,7.9,8.285,12.9,368,31.9
151,2018,Clark Fork River above Little Blackfoot,9/4/2018,Sep-18,229.275,69.89,NA,NA,NA,NA,NA,NA,25.55,20.35,8.28,18.65,324,53.25,65.86666667,7.633333333,NA,NA,337.3333333,28.06666667,89.3,7.9,8.285,12.9,368,31.9
164,2019,Clark Fork River above Little Blackfoot,7/24/2019,Jul-19,34.06780522,47.52297297,NA,NA,NA,NA,NA,NA,NA,NA,NA,NA,NA,NA,74,30,8.65,19.7,310,37.5,102,23.33333333,NA,NA,340,94.66666667
165,2019,Clark Fork River above Little Blackfoot,8/30/2019,Aug-19,141.5947368,54.61052632,NA,NA,NA,NA,NA,NA,NA,NA,NA,NA,NA,NA,74,30,8.65,19.7,310,37.5,102,23.33333333,NA,NA,340,94.66666667
180,2020,Clark Fork River above Little Blackfoot,8/5/2020,Aug-20,105.9665,139.6645,NA,NA,NA,NA,NA,NA,NA,NA,NA,NA,NA,NA,17,11.5,NA,NA,240,20,36,13.66666667,NA,NA,250,22.33333333
179,2020,Clark Fork River above Little Blackfoot,9/1/2020,Sep-20,147.9741667,66.27791667,NA,NA,NA,NA,NA,NA,NA,NA,NA,NA,NA,NA,17,11.5,NA,NA,240,20,36,13.66666667,NA,NA,250,22.33333333
197,2021,Clark Fork River above Little Blackfoot,7/13/2021,Jul-21,99.66666667,59.95238095,NA,NA,NA,NA,NA,NA,2,4.666666667,NA,NA,260,34.33333333,4,3,NA,NA,260,30,34,2,NA,NA,225,15.5
198,2021,Clark Fork River above Little Blackfoot,8/3/2021,Aug-21,238.8571429,61.80952381,NA,NA,NA,NA,NA,NA,2,4.666666667,NA,NA,260,34.33333333,4,3,NA,NA,260,30,34,2,NA,NA,225,15.5
196,2021,Clark Fork River above Little Blackfoot,9/1/2021,Sep-21,144.8571429,46.80952381,NA,NA,NA,NA,NA,NA,2,4.666666667,NA,NA,260,34.33333333,4,3,NA,NA,260,30,34,2,NA,NA,225,15.5
215,2022,Clark Fork River above Little Blackfoot,7/15/2022,Jul-22,51.61791579,74.10526316,NA,NA,NA,NA,NA,NA,NA,NA,NA,NA,NA,NA,6,7,8.585,21,205,34,NA,NA,NA,NA,NA,NA
214,2022,Clark Fork River above Little Blackfoot,8/3/2022,Aug-22,75.09674762,115.0952381,NA,NA,NA,NA,NA,NA,NA,NA,NA,NA,NA,NA,6,7,8.585,21,205,34,NA,NA,NA,NA,NA,NA
213,2022,Clark Fork River above Little Blackfoot,9/3/2022,Sep-22,99.26024091,102.8636364,NA,NA,NA,NA,NA,NA,NA,NA,NA,NA,NA,NA,6,7,8.585,21,205,34,NA,NA,NA,NA,NA,NA
5,2008,Clark Fork River above Missoula,8/1/2008,Aug-08,76.23529412,34.37647059,NA,NA,NA,NA,NA,NA,NA,NA,NA,NA,NA,NA,NA,NA,NA,NA,NA,NA,NA,NA,NA,NA,NA,NA
6,2008,Clark Fork River above Missoula,9/1/2008,Sep-08,80.19047619,19.74285714,NA,NA,NA,NA,NA,NA,NA,NA,NA,NA,NA,NA,NA,NA,NA,NA,NA,NA,NA,NA,NA,NA,NA,NA
20,2009,Clark Fork River above Missoula,8/3/2009,Aug-09,116.952381,33.7,7.906666667,15.355,7.93,14.1,NA,37.065,3.943333333,10.04666667,7.8,16.23333333,199.3333333,23.02333333,6.52,5.38,NA,NA,NA,NA,3.896,3.465,7.853333333,15.66666667,161.6666667,10.66333333
19,2009,Clark Fork River above Missoula,9/4/2009,Sep-09,148.0454545,41.71428571,7.906666667,15.355,7.93,14.1,NA,37.065,3.943333333,10.04666667,7.8,16.23333333,199.3333333,23.02333333,6.52,5.38,NA,NA,NA,NA,3.896,3.465,7.853333333,15.66666667,161.6666667,10.66333333
33,2010,Clark Fork River above Missoula,8/1/2010,Aug-10,120.95,50.28571429,31.5,18.2,7.14,14.9,299,61.85,4.9,10,7.52,17.4,164,19.46666667,3.533333333,6.566666667,NA,NA,189,17.6,2.466666667,3.833333333,7.723333333,13.26666667,161.6666667,12.1
34,2010,Clark Fork River above Missoula,9/10/2010,Sep-10,71.9826087,30.72727273,31.5,18.2,7.14,14.9,299,61.85,4.9,10,7.52,17.4,164,19.46666667,3.533333333,6.566666667,NA,NA,189,17.6,2.466666667,3.833333333,7.723333333,13.26666667,161.6666667,12.1
48,2011,Clark Fork River above Missoula,8/3/2011,Aug-11,24.07692308,9.785714286,26.9,17.3,NA,NA,NA,85.23333333,11.33333333,11.7,8.256666667,15.5,185,33.5,4.64,10.96666667,NA,NA,130.3333333,18.1,2.9,6.8,8.36,12.1,146,13.5
47,2011,Clark Fork River above Missoula,9/5/2011,Sep-11,51.47619048,25.33333333,26.9,17.3,NA,NA,NA,85.23333333,11.33333333,11.7,8.256666667,15.5,185,33.5,4.64,10.96666667,NA,NA,130.3333333,18.1,2.9,6.8,8.36,12.1,146,13.5
61,2012,Clark Fork River above Missoula,8/3/2012,Aug-12,83.65,38.75,5.853333333,9.536666667,NA,NA,204.6833333,23.98333333,2.71,3.47,8.176666667,17.23333333,149.4866667,11.03666667,3.61,3.756666667,NA,NA,165.0766667,12.74,2.2,1.72,8.345,11.75,159.635,8.9
62,2012,Clark Fork River above Missoula,9/3/2012,Sep-12,63.28571429,27.42857143,5.853333333,9.536666667,NA,NA,204.6833333,23.98333333,2.71,3.47,8.176666667,17.23333333,149.4866667,11.03666667,3.61,3.756666667,NA,NA,165.0766667,12.74,2.2,1.72,8.345,11.75,159.635,8.9
76,2013,Clark Fork River above Missoula,8/3/2013,Aug-13,74.38095238,34.47619048,NA,NA,NA,NA,NA,NA,2.21,3.57,8.22,17.8,163.265,9.13,2.025,3.33,8.205,16.4,155.005,11.65,0.968,3.71,NA,NA,NA,10.41
77,2013,Clark Fork River above Missoula,9/2/2013,Sep-13,93.38095238,37.95238095,NA,NA,NA,NA,NA,NA,2.21,3.57,8.22,17.8,163.265,9.13,2.025,3.33,8.205,16.4,155.005,11.65,0.968,3.71,NA,NA,NA,10.41
90,2014,Clark Fork River above Missoula,8/16/2014,Aug-14,92.16666667,36.31666667,NA,NA,NA,NA,NA,NA,3.766666667,9.066666667,NA,NA,142,22.43333333,1.9,4.3,7.91,17.4,151.5,11.55,1.85,5.3,7.74,13.4,189.5,15.7
102,2015,Clark Fork River above Missoula,7/3/2015,Jul-15,116.8148148,91.59259259,NA,NA,NA,NA,NA,NA,1.7,1.6,NA,NA,171.6666667,10.9,2.6,1.8,7.985,16.5,265,15.7,NA,NA,NA,NA,NA,NA
103,2015,Clark Fork River above Missoula,8/3/2015,Aug-15,61.76190476,22.04761905,NA,NA,NA,NA,NA,NA,1.7,1.6,NA,NA,171.6666667,10.9,2.6,1.8,7.985,16.5,265,15.7,NA,NA,NA,NA,NA,NA
101,2015,Clark Fork River above Missoula,9/4/2015,Sep-15,76.0952381,27.95238095,NA,NA,NA,NA,NA,NA,1.7,1.6,NA,NA,171.6666667,10.9,2.6,1.8,7.985,16.5,265,15.7,NA,NA,NA,NA,NA,NA
120,2016,Clark Fork River above Missoula,7/12/2016,Jul-16,114.755814,76.10093023,NA,NA,NA,NA,NA,NA,1.1,0.8,NA,NA,140.5,9.533333333,10.95,1.25,8.245,16.05,321,50.7,1.75,1.1,8.5,12.15,139,13.2
119,2016,Clark Fork River above Missoula,8/31/2016,Aug-16,67.76190476,28.48571429,NA,NA,NA,NA,NA,NA,1.1,0.8,NA,NA,140.5,9.533333333,10.95,1.25,8.245,16.05,321,50.7,1.75,1.1,8.5,12.15,139,13.2
135,2017,Clark Fork River above Missoula,7/6/2017,Jul-17,28.36111111,18.24444444,NA,NA,NA,NA,NA,NA,2,4.2,NA,NA,169,15.15,2.05,2,8.455,16.75,180,10.85,3.95,1.9,8.32,12.4,210.5,14
134,2017,Clark Fork River above Missoula,8/4/2017,Aug-17,106.6142857,56.6,NA,NA,NA,NA,NA,NA,2,4.2,NA,NA,169,15.15,2.05,2,8.455,16.75,180,10.85,3.95,1.9,8.32,12.4,210.5,14
136,2017,Clark Fork River above Missoula,9/1/2017,Sep-17,68.82857143,47.53333333,NA,NA,NA,NA,NA,NA,2,4.2,NA,NA,169,15.15,2.05,2,8.455,16.75,180,10.85,3.95,1.9,8.32,12.4,210.5,14
152,2018,Clark Fork River above Missoula,8/6/2018,Aug-18,97.54761905,22.12380952,NA,NA,NA,NA,NA,NA,3.175,7.675,NA,NA,173,29.06666667,3.9,3.3,8.375,17.05,138.5,15.45,41.8,1.4,8.465,14.4,153.5,12.35
153,2018,Clark Fork River above Missoula,9/10/2018,Sep-18,66.75714286,17.14285714,NA,NA,NA,NA,NA,NA,3.175,7.675,NA,NA,173,29.06666667,3.9,3.3,8.375,17.05,138.5,15.45,41.8,1.4,8.465,14.4,153.5,12.35
166,2019,Clark Fork River above Missoula,7/20/2019,Jul-19,122.8006098,79.84019512,NA,NA,NA,NA,NA,NA,5,24.5,8.58,17.4,125,29.5,NA,NA,NA,NA,NA,NA,16,17,8.285,13.45,175,46.5
168,2019,Clark Fork River above Missoula,8/4/2019,Aug-19,108.2,53.43619048,NA,NA,NA,NA,NA,NA,5,24.5,8.58,17.4,125,29.5,NA,NA,NA,NA,NA,NA,16,17,8.285,13.45,175,46.5
167,2019,Clark Fork River above Missoula,9/2/2019,Sep-19,101.85,29.71428571,NA,NA,NA,NA,NA,NA,5,24.5,8.58,17.4,125,29.5,NA,NA,NA,NA,NA,NA,16,17,8.285,13.45,175,46.5
182,2020,Clark Fork River above Missoula,7/22/2020,Jul-20,39.09814815,68.23259259,NA,NA,NA,NA,NA,NA,NA,NA,NA,NA,NA,NA,3,4.5,NA,NA,200,16,3,5.666666667,NA,NA,125,12
181,2020,Clark Fork River above Missoula,8/6/2020,Aug-20,119.3466667,117.93375,NA,NA,NA,NA,NA,NA,NA,NA,NA,NA,NA,NA,3,4.5,NA,NA,200,16,3,5.666666667,NA,NA,125,12
183,2020,Clark Fork River above Missoula,9/3/2020,Sep-20,92.82,36.91714286,NA,NA,NA,NA,NA,NA,NA,NA,NA,NA,NA,NA,3,4.5,NA,NA,200,16,3,5.666666667,NA,NA,125,12
200,2021,Clark Fork River above Missoula,8/5/2021,Aug-21,196.8571429,45.19047619,NA,NA,NA,NA,NA,NA,NA,NA,NA,NA,NA,NA,NA,NA,NA,NA,NA,NA,NA,NA,NA,NA,NA,NA
199,2021,Clark Fork River above Missoula,9/4/2021,Sep-21,103.7619048,46.33333333,NA,NA,NA,NA,NA,NA,NA,NA,NA,NA,NA,NA,NA,NA,NA,NA,NA,NA,NA,NA,NA,NA,NA,NA
216,2022,Clark Fork River above Missoula,7/24/2022,Jul-22,88.92817561,29.70731707,NA,NA,NA,NA,NA,NA,21,19.5,8.315,20.5,125,42,3,2,NA,NA,126.6666667,12.33333333,NA,NA,NA,NA,NA,NA
217,2022,Clark Fork River above Missoula,9/1/2022,Sep-22,95.71087619,40.71428571,NA,NA,NA,NA,NA,NA,21,19.5,8.315,20.5,125,42,3,2,NA,NA,126.6666667,12.33333333,NA,NA,NA,NA,NA,NA
7,2008,Clark Fork River at Bonita,8/1/2008,Aug-08,112.75,103.72,NA,NA,NA,NA,NA,NA,NA,NA,NA,NA,NA,NA,NA,NA,NA,NA,NA,NA,NA,NA,NA,NA,NA,NA
8,2008,Clark Fork River at Bonita,9/1/2008,Sep-08,259.4736842,64.3,NA,NA,NA,NA,NA,NA,NA,NA,NA,NA,NA,NA,NA,NA,NA,NA,NA,NA,NA,NA,NA,NA,NA,NA
22,2009,Clark Fork River at Bonita,8/1/2009,Aug-09,144.8571429,111.7,28.01,31.9,8.35,15.9,NA,86.96,3.2925,20.13,NA,NA,NA,NA,9.03,11.21333333,8.46,18.9,261,36.39666667,7.983333333,10.10666667,8.373333333,16.76666667,246,24.04
21,2009,Clark Fork River at Bonita,9/6/2009,Sep-09,225.6190476,56.35,28.01,31.9,8.35,15.9,NA,86.96,3.2925,20.13,NA,NA,NA,NA,9.03,11.21333333,8.46,18.9,261,36.39666667,7.983333333,10.10666667,8.373333333,16.76666667,246,24.04
35,2010,Clark Fork River at Bonita,8/1/2010,Aug-10,61.98947368,68.68421053,62.3,34.8,7.76,15.9,424,112.1,7.575,22.2,NA,NA,NA,NA,3.966666667,20.6,8.073333333,19.73333333,217.6666667,36.3,2.9,11.8,8.206666667,14.3,234,29.2
36,2010,Clark Fork River at Bonita,9/10/2010,Sep-10,138.3571429,82.45,62.3,34.8,7.76,15.9,424,112.1,7.575,22.2,NA,NA,NA,NA,3.966666667,20.6,8.073333333,19.73333333,217.6666667,36.3,2.9,11.8,8.206666667,14.3,234,29.2
49,2011,Clark Fork River at Bonita,8/1/2011,Aug-11,34.875,16.44444444,19.3,34.2,NA,NA,NA,97.43333333,17.86666667,25.06666667,8.26,16.7,279.3333333,68.53333333,5.233333333,23.3,8.356666667,17.1,182.3333333,39.6,3.55,19.4,8.43,13.05,235.5,41.35
50,2011,Clark Fork River at Bonita,9/3/2011,Sep-11,69.55555556,17.2,19.3,34.2,NA,NA,NA,97.43333333,17.86666667,25.06666667,8.26,16.7,279.3333333,68.53333333,5.233333333,23.3,8.356666667,17.1,182.3333333,39.6,3.55,19.4,8.43,13.05,235.5,41.35
64,2012,Clark Fork River at Bonita,7/31/2012,Jul-12,216.1428571,122.7619048,3.026666667,23.54,NA,NA,277.76,41.62333333,2.77,3.773333333,8.42,19.26666667,253.4066667,13.03666667,9.53,5.866666667,NA,NA,312.55,22.82666667,1.99,2.47,8.335,12.95,188.365,11.925
63,2012,Clark Fork River at Bonita,9/1/2012,Sep-12,167.85,71.28571429,3.026666667,23.54,NA,NA,277.76,41.62333333,2.77,3.773333333,8.42,19.26666667,253.4066667,13.03666667,9.53,5.866666667,NA,NA,312.55,22.82666667,1.99,2.47,8.335,12.95,188.365,11.925
78,2013,Clark Fork River at Bonita,6/28/2013,Jun-13,99,78.0952381,NA,NA,NA,NA,NA,NA,11.175,5.56,NA,NA,310.2733333,15.42,2.36,6.63,8.315,17.55,213.695,14.075,1.225,7.01,8.28,15.75,236.165,28.765
80,2013,Clark Fork River at Bonita,8/4/2013,Aug-13,111.952381,60.61904762,NA,NA,NA,NA,NA,NA,11.175,5.56,NA,NA,310.2733333,15.42,2.36,6.63,8.315,17.55,213.695,14.075,1.225,7.01,8.28,15.75,236.165,28.765
79,2013,Clark Fork River at Bonita,9/1/2013,Sep-13,119.6190476,63.47619048,NA,NA,NA,NA,NA,NA,11.175,5.56,NA,NA,310.2733333,15.42,2.36,6.63,8.315,17.55,213.695,14.075,1.225,7.01,8.28,15.75,236.165,28.765
91,2014,Clark Fork River at Bonita,8/16/2014,Aug-14,129.372093,79.19767442,NA,NA,NA,NA,NA,NA,4.566666667,23.36666667,NA,NA,246.3333333,46.23333333,4.55,17.25,8.25,18.65,230.5,33.5,2.7,11.85,8.255,14.15,243,29.75
105,2015,Clark Fork River at Bonita,7/1/2015,Jul-15,68.9047619,97.76190476,NA,NA,NA,NA,NA,NA,2.333333333,2.45,NA,NA,245.3333333,10,2.85,1.9,8.215,16.25,261,21.15,1.7,5.05,8.355,13,353.5,37
106,2015,Clark Fork River at Bonita,8/1/2015,Aug-15,179.15,151.9,NA,NA,NA,NA,NA,NA,2.333333333,2.45,NA,NA,245.3333333,10,2.85,1.9,8.215,16.25,261,21.15,1.7,5.05,8.355,13,353.5,37
104,2015,Clark Fork River at Bonita,9/7/2015,Sep-15,57.04761905,26.52380952,NA,NA,NA,NA,NA,NA,2.333333333,2.45,NA,NA,245.3333333,10,2.85,1.9,8.215,16.25,261,21.15,1.7,5.05,8.355,13,353.5,37
122,2016,Clark Fork River at Bonita,7/17/2016,Jul-16,185.3513514,178.8008108,NA,NA,NA,NA,NA,NA,1.633333333,1.233333333,NA,NA,211.6666667,8.8,31.75,5.7,8.3,16,541.5,76.45,2.3,7.75,8.52,13,288,47.75
121,2016,Clark Fork River at Bonita,9/4/2016,Sep-16,96.27272727,60.10454545,NA,NA,NA,NA,NA,NA,1.633333333,1.233333333,NA,NA,211.6666667,8.8,31.75,5.7,8.3,16,541.5,76.45,2.3,7.75,8.52,13,288,47.75
137,2017,Clark Fork River at Bonita,7/5/2017,Jul-17,21.73529412,24.08235294,NA,NA,NA,NA,NA,NA,4.7,12.65,NA,NA,225,33.05,6.95,1.95,8.305,17.85,272.5,14.7,10.95,6.75,8.225,12.9,334.5,32.8
138,2017,Clark Fork River at Bonita,8/2/2017,Aug-17,25.86190476,16.04285714,NA,NA,NA,NA,NA,NA,4.7,12.65,NA,NA,225,33.05,6.95,1.95,8.305,17.85,272.5,14.7,10.95,6.75,8.225,12.9,334.5,32.8
139,2017,Clark Fork River at Bonita,9/3/2017,Sep-17,58.45238095,31.16190476,NA,NA,NA,NA,NA,NA,4.7,12.65,NA,NA,225,33.05,6.95,1.95,8.305,17.85,272.5,14.7,10.95,6.75,8.225,12.9,334.5,32.8
155,2018,Clark Fork River at Bonita,8/4/2018,Aug-18,24.37142857,27.97142857,NA,NA,NA,NA,NA,NA,5.525,17.53333333,NA,NA,241.3333333,46.13333333,4.7,11.8,8.385,17.95,216,33.65,4.3,2.45,8.455,15.15,240,21.85
154,2018,Clark Fork River at Bonita,9/4/2018,Sep-18,65.22857143,14.67619048,NA,NA,NA,NA,NA,NA,5.525,17.53333333,NA,NA,241.3333333,46.13333333,4.7,11.8,8.385,17.95,216,33.65,4.3,2.45,8.455,15.15,240,21.85
170,2019,Clark Fork River at Bonita,7/23/2019,Jul-19,69.41688889,72.5528,NA,NA,NA,NA,NA,NA,5,39,8.58,18.65,185,44.5,3,26.66666667,NA,NA,190,27.66666667,23.5,33,NA,NA,310,126.5
169,2019,Clark Fork River at Bonita,8/30/2019,Aug-19,117.65,55.81333333,NA,NA,NA,NA,NA,NA,5,39,8.58,18.65,185,44.5,3,26.66666667,NA,NA,190,27.66666667,23.5,33,NA,NA,310,126.5
185,2020,Clark Fork River at Bonita,7/24/2020,Jul-20,55.5865,77.21176471,NA,NA,NA,NA,NA,NA,NA,NA,NA,NA,NA,NA,NA,NA,NA,NA,NA,NA,NA,NA,NA,NA,NA,NA
184,2020,Clark Fork River at Bonita,8/5/2020,Aug-20,69.39333333,27.51904762,NA,NA,NA,NA,NA,NA,NA,NA,NA,NA,NA,NA,NA,NA,NA,NA,NA,NA,NA,NA,NA,NA,NA,NA
186,2020,Clark Fork River at Bonita,9/1/2020,Sep-20,144.4933333,29.92238095,NA,NA,NA,NA,NA,NA,NA,NA,NA,NA,NA,NA,NA,NA,NA,NA,NA,NA,NA,NA,NA,NA,NA,NA
202,2021,Clark Fork River at Bonita,7/13/2021,Jul-21,186.2727273,137.1363636,NA,NA,NA,NA,NA,NA,5,5,NA,NA,230,17.5,NA,NA,NA,NA,NA,NA,NA,NA,NA,NA,NA,NA
203,2021,Clark Fork River at Bonita,8/3/2021,Aug-21,185,96.42857143,NA,NA,NA,NA,NA,NA,5,5,NA,NA,230,17.5,NA,NA,NA,NA,NA,NA,NA,NA,NA,NA,NA,NA
201,2021,Clark Fork River at Bonita,9/1/2021,Sep-21,185.7619048,66.61904762,NA,NA,NA,NA,NA,NA,5,5,NA,NA,230,17.5,NA,NA,NA,NA,NA,NA,NA,NA,NA,NA,NA,NA
219,2022,Clark Fork River at Bonita,7/15/2022,Jul-22,66.88216667,62.61904762,NA,NA,NA,NA,NA,NA,21,22.5,8.395,22.05,NA,60,5,3.666666667,NA,NA,176.6666667,19.33333333,NA,NA,NA,NA,NA,NA
220,2022,Clark Fork River at Bonita,8/3/2022,Aug-22,145.048281,39.71428571,NA,NA,NA,NA,NA,NA,21,22.5,8.395,22.05,NA,60,5,3.666666667,NA,NA,176.6666667,19.33333333,NA,NA,NA,NA,NA,NA
218,2022,Clark Fork River at Bonita,9/1/2022,Sep-22,87.89594762,43.23809524,NA,NA,NA,NA,NA,NA,21,22.5,8.395,22.05,NA,60,5,3.666666667,NA,NA,176.6666667,19.33333333,NA,NA,NA,NA,NA,NA
9,2008,Clark Fork River at Deer Lodge,8/1/2008,Aug-08,172.0714286,79.77142857,NA,NA,NA,NA,NA,NA,NA,NA,NA,NA,NA,NA,NA,NA,NA,NA,NA,NA,NA,NA,NA,NA,NA,NA
10,2008,Clark Fork River at Deer Lodge,9/1/2008,Sep-08,200.85,45.145,NA,NA,NA,NA,NA,NA,NA,NA,NA,NA,NA,NA,NA,NA,NA,NA,NA,NA,NA,NA,NA,NA,NA,NA
24,2009,Clark Fork River at Deer Lodge,8/1/2009,Aug-09,181.047619,51.1,50.18,29.83,8.27,16.5,NA,77.6,51.734,16.148,NA,NA,NA,NA,68.87333333,11.37,8.766666667,19.5,NA,29.22333333,57.91666667,6.63,8.503333333,17.66666667,289.6666667,18.27
23,2009,Clark Fork River at Deer Lodge,9/6/2009,Sep-09,502.9047619,91.8,50.18,29.83,8.27,16.5,NA,77.6,51.734,16.148,NA,NA,NA,NA,68.87333333,11.37,8.766666667,19.5,NA,29.22333333,57.91666667,6.63,8.503333333,17.66666667,289.6666667,18.27
38,2010,Clark Fork River at Deer Lodge,8/1/2010,Aug-10,54.86842105,39.375,129.4,39.2,8.09,16.4,479,112.8,34.175,21.925,NA,NA,280.5,44.9,47.3,33.36666667,8.403333333,19.9,319.3333333,78.73333333,70.03333333,20.46666667,8.513333333,14.9,323,37.9
37,2010,Clark Fork River at Deer Lodge,9/10/2010,Sep-10,155.67,46,129.4,39.2,8.09,16.4,479,112.8,34.175,21.925,NA,NA,280.5,44.9,47.3,33.36666667,8.403333333,19.9,319.3333333,78.73333333,70.03333333,20.46666667,8.513333333,14.9,323,37.9
52,2011,Clark Fork River at Deer Lodge,8/1/2011,Aug-11,66.19047619,16.23809524,24.25,34.05,8.365,15.05,NA,88.15,46.025,23.7,8.203333333,15.23333333,283.75,63,89.46666667,29.23333333,8.346666667,16.26666667,304,50.3,114.25,13.6,8.445,11.65,331.5,29.05
51,2011,Clark Fork River at Deer Lodge,9/3/2011,Sep-11,44.76470588,11.11111111,24.25,34.05,8.365,15.05,NA,88.15,46.025,23.7,8.203333333,15.23333333,283.75,63,89.46666667,29.23333333,8.346666667,16.26666667,304,50.3,114.25,13.6,8.445,11.65,331.5,29.05
66,2012,Clark Fork River at Deer Lodge,7/31/2012,Jul-12,110.0952381,50.04761905,28.775,15.12,8.48,14.1,277.36,35.19,64.445,12.605,8.386666667,18.96666667,336.625,41.8775,91.93333333,8.676666667,NA,NA,408.8133333,22.50666667,103.8,3.035,8.51,12.35,355.545,17.345
65,2012,Clark Fork River at Deer Lodge,9/1/2012,Sep-12,180.7142857,58.33333333,28.775,15.12,8.48,14.1,277.36,35.19,64.445,12.605,8.386666667,18.96666667,336.625,41.8775,91.93333333,8.676666667,NA,NA,408.8133333,22.50666667,103.8,3.035,8.51,12.35,355.545,17.345
82,2013,Clark Fork River at Deer Lodge,6/28/2013,Jun-13,244.9,71.35,NA,NA,NA,NA,NA,NA,67.495,12.18,8.425,19.1,341.42,28.665,178.5866667,8.593333333,NA,NA,502.9166667,19.13666667,198.83,8.675,8.23,14.9,451.905,20.785
83,2013,Clark Fork River at Deer Lodge,8/4/2013,Aug-13,331.4482759,110.5714286,NA,NA,NA,NA,NA,NA,67.495,12.18,8.425,19.1,341.42,28.665,178.5866667,8.593333333,NA,NA,502.9166667,19.13666667,198.83,8.675,8.23,14.9,451.905,20.785
81,2013,Clark Fork River at Deer Lodge,9/1/2013,Sep-13,168.1153846,80.96153846,NA,NA,NA,NA,NA,NA,67.495,12.18,8.425,19.1,341.42,28.665,178.5866667,8.593333333,NA,NA,502.9166667,19.13666667,198.83,8.675,8.23,14.9,451.905,20.785
92,2014,Clark Fork River at Deer Lodge,8/16/2014,Aug-14,225.0666667,65.13333333,NA,NA,NA,NA,NA,NA,50.25,16.4,8.27,17.75,338,39.85,62.1,10.75,NA,NA,320,24.95,43.7,8.75,8.59,13.1,320,59.95
108,2015,Clark Fork River at Deer Lodge,7/1/2015,Jul-15,188.9047619,74.19047619,NA,NA,NA,NA,NA,NA,50.3,4.2,8.305,17.8,328.5,19.7,159.6333333,2.35,NA,NA,406,12.55,89.1,2.5,8.385,11.7,389,19
107,2015,Clark Fork River at Deer Lodge,8/1/2015,Aug-15,235.2857143,103.1428571,NA,NA,NA,NA,NA,NA,50.3,4.2,8.305,17.8,328.5,19.7,159.6333333,2.35,NA,NA,406,12.55,89.1,2.5,8.385,11.7,389,19
109,2015,Clark Fork River at Deer Lodge,9/5/2015,Sep-15,158.3809524,50.85714286,NA,NA,NA,NA,NA,NA,50.3,4.2,8.305,17.8,328.5,19.7,159.6333333,2.35,NA,NA,406,12.55,89.1,2.5,8.385,11.7,389,19
123,2016,Clark Fork River at Deer Lodge,7/17/2016,Jul-16,389.1023256,118.6211628,NA,NA,NA,NA,NA,NA,38.7,3.6,8.285,16.05,294.5,19.4,NA,NA,NA,NA,NA,NA,183.6,2.55,8.205,11,425.5,16.2
124,2016,Clark Fork River at Deer Lodge,9/4/2016,Sep-16,260.6904762,81.25,NA,NA,NA,NA,NA,NA,38.7,3.6,8.285,16.05,294.5,19.4,NA,NA,NA,NA,NA,NA,183.6,2.55,8.205,11,425.5,16.2
141,2017,Clark Fork River at Deer Lodge,7/5/2017,Jul-17,105.9761905,53.1,NA,NA,NA,NA,NA,NA,27.25,8.1,8.22,18.6,259.5,24,240.7333333,3.8,NA,NA,530.6666667,16.86666667,212.65,3.4,8.185,10.65,513,17.85
140,2017,Clark Fork River at Deer Lodge,8/2/2017,Aug-17,190.5857143,99.56190476,NA,NA,NA,NA,NA,NA,27.25,8.1,8.22,18.6,259.5,24,240.7333333,3.8,NA,NA,530.6666667,16.86666667,212.65,3.4,8.185,10.65,513,17.85
142,2017,Clark Fork River at Deer Lodge,9/3/2017,Sep-17,76.86666667,61.25238095,NA,NA,NA,NA,NA,NA,27.25,8.1,8.22,18.6,259.5,24,240.7333333,3.8,NA,NA,530.6666667,16.86666667,212.65,3.4,8.185,10.65,513,17.85
156,2018,Clark Fork River at Deer Lodge,8/4/2018,Aug-18,75.8,43.48461538,NA,NA,NA,NA,NA,NA,47.05,15.45,8.17,17.5,305,44.6,100.2,8.75,8.175,14,348,30.4,130,4.65,NA,NA,394,27.63333333
157,2018,Clark Fork River at Deer Lodge,9/4/2018,Sep-18,74.23333333,28.5952381,NA,NA,NA,NA,NA,NA,47.05,15.45,8.17,17.5,305,44.6,100.2,8.75,8.175,14,348,30.4,130,4.65,NA,NA,394,27.63333333
171,2019,Clark Fork River at Deer Lodge,7/22/2019,Jul-19,201.9852608,66.87256236,NA,NA,NA,NA,NA,NA,29.5,25.5,8.85,18.05,235,34,142.5,28.5,8.495,19.65,345,25.5,108,19.5,8.205,13.75,350,87.5
172,2019,Clark Fork River at Deer Lodge,8/30/2019,Aug-19,188.9727273,75.89090909,NA,NA,NA,NA,NA,NA,29.5,25.5,8.85,18.05,235,34,142.5,28.5,8.495,19.65,345,25.5,108,19.5,8.205,13.75,350,87.5
187,2020,Clark Fork River at Deer Lodge,7/24/2020,Jul-20,103.0286667,33.006,NA,NA,NA,NA,NA,NA,16,6,NA,NA,170,23,77,7,NA,NA,295,17,89.66666667,8.333333333,NA,NA,253.3333333,13
188,2020,Clark Fork River at Deer Lodge,8/5/2020,Aug-20,274.349375,75.960625,NA,NA,NA,NA,NA,NA,16,6,NA,NA,170,23,77,7,NA,NA,295,17,89.66666667,8.333333333,NA,NA,253.3333333,13
189,2020,Clark Fork River at Deer Lodge,9/1/2020,Sep-20,101.8771429,38.15952381,NA,NA,NA,NA,NA,NA,16,6,NA,NA,170,23,77,7,NA,NA,295,17,89.66666667,8.333333333,NA,NA,253.3333333,13
205,2021,Clark Fork River at Deer Lodge,7/13/2021,Jul-21,120.4285714,41.9047619,NA,NA,NA,NA,NA,NA,114,2,NA,NA,335,21,NA,NA,NA,NA,NA,NA,NA,NA,NA,NA,NA,NA
204,2021,Clark Fork River at Deer Lodge,8/3/2021,Aug-21,139.5714286,37.19047619,NA,NA,NA,NA,NA,NA,114,2,NA,NA,335,21,NA,NA,NA,NA,NA,NA,NA,NA,NA,NA,NA,NA
206,2021,Clark Fork River at Deer Lodge,9/2/2021,Sep-21,101.4878049,30.80952381,NA,NA,NA,NA,NA,NA,114,2,NA,NA,335,21,NA,NA,NA,NA,NA,NA,NA,NA,NA,NA,NA,NA
221,2022,Clark Fork River at Deer Lodge,7/15/2022,Jul-22,187.839265,33.55,NA,NA,NA,NA,NA,NA,NA,NA,NA,NA,NA,NA,114.5,1.9,8.37,19.45,300,12,149.5,0.9,8.28,14.1,395,8
222,2022,Clark Fork River at Deer Lodge,8/3/2022,Aug-22,175.9389958,87.08333333,NA,NA,NA,NA,NA,NA,NA,NA,NA,NA,NA,NA,114.5,1.9,8.37,19.45,300,12,149.5,0.9,8.28,14.1,395,8
223,2022,Clark Fork River at Deer Lodge,9/3/2022,Sep-22,208.5242,201.6956522,NA,NA,NA,NA,NA,NA,NA,NA,NA,NA,NA,NA,114.5,1.9,8.37,19.45,300,12,149.5,0.9,8.28,14.1,395,8
11,2008,Clark Fork River at Huson,8/1/2008,Aug-08,11.05,6.205,NA,NA,NA,NA,NA,NA,NA,NA,NA,NA,NA,NA,NA,NA,NA,NA,NA,NA,NA,NA,NA,NA,NA,NA
12,2008,Clark Fork River at Huson,9/1/2008,Sep-08,43.15,7.725,NA,NA,NA,NA,NA,NA,NA,NA,NA,NA,NA,NA,NA,NA,NA,NA,NA,NA,NA,NA,NA,NA,NA,NA
26,2009,Clark Fork River at Huson,8/2/2009,Aug-09,39.19047619,9.6,26.83,10.49,8.04,18.1,NA,26.25,20.2,6.083333333,8.276666667,19.76666667,192,19.65,48.61333333,5.17,8.473333333,19.36666667,263.6666667,16.75333333,NA,NA,NA,NA,NA,NA
25,2009,Clark Fork River at Huson,9/5/2009,Sep-09,51.33333333,14.57894737,26.83,10.49,8.04,18.1,NA,26.25,20.2,6.083333333,8.276666667,19.76666667,192,19.65,48.61333333,5.17,8.473333333,19.36666667,263.6666667,16.75333333,NA,NA,NA,NA,NA,NA
40,2010,Clark Fork River at Huson,8/1/2010,Aug-10,63.74545455,20.42857143,35.2,14.9,7.47,18.9,245,38.6,5.266666667,5.166666667,8.026666667,20.46666667,171,15.73333333,43.96666667,4.266666667,8.18,21.73333333,245.3333333,20.46666667,27.25,3.025,NA,NA,220.25,14.425
39,2010,Clark Fork River at Huson,9/10/2010,Sep-10,93.32857143,24.15,35.2,14.9,7.47,18.9,245,38.6,5.266666667,5.166666667,8.026666667,20.46666667,171,15.73333333,43.96666667,4.266666667,8.18,21.73333333,245.3333333,20.46666667,27.25,3.025,NA,NA,220.25,14.425
54,2011,Clark Fork River at Huson,8/2/2011,Aug-11,16.80952381,6.8,19.1,13.95,7.815,13.3,NA,73.1,23.26666667,9.733333333,8.07,15.93333333,171.3333333,29.3,46.575,7.075,NA,NA,203.595,21.825,36,4.95,8.4,14.05,215,14.25
53,2011,Clark Fork River at Huson,9/4/2011,Sep-11,60,10.66666667,19.1,13.95,7.815,13.3,NA,73.1,23.26666667,9.733333333,8.07,15.93333333,171.3333333,29.3,46.575,7.075,NA,NA,203.595,21.825,36,4.95,8.4,14.05,215,14.25
68,2012,Clark Fork River at Huson,8/1/2012,Aug-12,25.33333333,5.333333333,18.475,7.645,8.04,14.4,207.845,21.85,23.71,3.523333333,8.243333333,19.66666667,213.59,19.78,33.655,3.2625,NA,NA,222.9975,15.3475,44.07,1.69,8.42,14.7,217.97,14.515
67,2012,Clark Fork River at Huson,9/2/2012,Sep-12,47.33333333,9.380952381,18.475,7.645,8.04,14.4,207.845,21.85,23.71,3.523333333,8.243333333,19.66666667,213.59,19.78,33.655,3.2625,NA,NA,222.9975,15.3475,44.07,1.69,8.42,14.7,217.97,14.515
84,2013,Clark Fork River at Huson,7/31/2013,Jul-13,14,5.285714286,NA,NA,NA,NA,NA,NA,45.42,3.8325,NA,NA,192.618,15.36,39.79,3.495,8.365,17.4,273.57,17.855,23.65,3.71,8.36,14.1,223.98,15.71
85,2013,Clark Fork River at Huson,8/31/2013,Aug-13,22.85714286,4.238095238,NA,NA,NA,NA,NA,NA,45.42,3.8325,NA,NA,192.618,15.36,39.79,3.495,8.365,17.4,273.57,17.855,23.65,3.71,8.36,14.1,223.98,15.71
93,2014,Clark Fork River at Huson,8/15/2014,Aug-14,25.32432432,9.134210526,NA,NA,NA,NA,NA,NA,17.1,7.4,7.805,17.95,163.5,17.4,21.4,4.2,8.083333333,19.23333333,170.6666667,15.2,45,4.1,8.08,14.3,236,14.8
110,2015,Clark Fork River at Huson,8/2/2015,Aug-15,15.88888889,6.1,NA,NA,NA,NA,NA,NA,30.5,1.95,8.29,19.85,211.5,15.1,18.2,1.7,8.51,19.2,220.5,17.8,29.45,1.8,8.52,13.85,249,17.55
111,2015,Clark Fork River at Huson,9/6/2015,Sep-15,93.76190476,14.04761905,NA,NA,NA,NA,NA,NA,30.5,1.95,8.29,19.85,211.5,15.1,18.2,1.7,8.51,19.2,220.5,17.8,29.45,1.8,8.52,13.85,249,17.55
125,2016,Clark Fork River at Huson,7/29/2016,Jul-16,40.07142857,15.7,NA,NA,NA,NA,NA,NA,28.33333333,2.15,NA,NA,200.5,9.933333333,43.23333333,1.35,NA,NA,250,19.66666667,63.55,1.2,8.305,14.45,207.5,13.2
126,2016,Clark Fork River at Huson,9/3/2016,Sep-16,70.33333333,15.6047619,NA,NA,NA,NA,NA,NA,28.33333333,2.15,NA,NA,200.5,9.933333333,43.23333333,1.35,NA,NA,250,19.66666667,63.55,1.2,8.305,14.45,207.5,13.2
144,2017,Clark Fork River at Huson,8/1/2017,Aug-17,25.82,8.97,NA,NA,NA,NA,NA,NA,58.9,2.1,NA,NA,243.3333333,14.46666667,56.3,1.7,8.2,19.4,256.5,14.35,86.65,1.3,8.145,15.05,309,10.4
143,2017,Clark Fork River at Huson,9/2/2017,Sep-17,35.18571429,12.17142857,NA,NA,NA,NA,NA,NA,58.9,2.1,NA,NA,243.3333333,14.46666667,56.3,1.7,8.2,19.4,256.5,14.35,86.65,1.3,8.145,15.05,309,10.4
158,2018,Clark Fork River at Huson,8/3/2018,Aug-18,26.85714286,10.13809524,NA,NA,NA,NA,NA,NA,6.25,3.45,NA,NA,164,19.1,58.45,1.8,8.165,17.3,234.5,17.1,33.2,1.7,NA,NA,218,12.45
159,2018,Clark Fork River at Huson,9/5/2018,Sep-18,28.75714286,7.357142857,NA,NA,NA,NA,NA,NA,6.25,3.45,NA,NA,164,19.1,58.45,1.8,8.165,17.3,234.5,17.1,33.2,1.7,NA,NA,218,12.45
174,2019,Clark Fork River at Huson,8/2/2019,Aug-19,29.04275,9.0455,NA,NA,NA,NA,NA,NA,29,14.33333333,NA,NA,170,27,42.5,15.5,8.485,20.4,190,14,33,13.33333333,NA,NA,170,21.66666667
173,2019,Clark Fork River at Huson,9/1/2019,Sep-19,68.1,17.25,NA,NA,NA,NA,NA,NA,29,14.33333333,NA,NA,170,27,42.5,15.5,8.485,20.4,190,14,33,13.33333333,NA,NA,170,21.66666667
191,2020,Clark Fork River at Huson,8/3/2020,Aug-20,35.84619048,11.68714286,NA,NA,NA,NA,NA,NA,5,4,8.25,19.25,120,15,23,4,NA,NA,155,12.5,47.33333333,5.333333333,NA,NA,176.6666667,10.66666667
190,2020,Clark Fork River at Huson,9/2/2020,Sep-20,80.84666667,20.15380952,NA,NA,NA,NA,NA,NA,5,4,8.25,19.25,120,15,23,4,NA,NA,155,12.5,47.33333333,5.333333333,NA,NA,176.6666667,10.66666667
207,2021,Clark Fork River at Huson,8/4/2021,Aug-21,62.95238095,16.19047619,NA,NA,NA,NA,NA,NA,22,1.45,NA,NA,155,16.5,NA,NA,NA,NA,NA,NA,NA,NA,NA,NA,NA,NA
208,2021,Clark Fork River at Huson,9/2/2021,Sep-21,363.7142857,64.80952381,NA,NA,NA,NA,NA,NA,22,1.45,NA,NA,155,16.5,NA,NA,NA,NA,NA,NA,NA,NA,NA,NA,NA,NA
225,2022,Clark Fork River at Huson,8/1/2022,Aug-22,43.62551875,14.6875,NA,NA,NA,NA,NA,NA,8,2,7.91,19.2,120,17,NA,NA,NA,NA,NA,NA,7.5,1.4,8.24,15.65,200,11.5
224,2022,Clark Fork River at Huson,9/2/2022,Sep-22,68.8747619,23.04761905,NA,NA,NA,NA,NA,NA,8,2,7.91,19.2,120,17,NA,NA,NA,NA,NA,NA,7.5,1.4,8.24,15.65,200,11.5
13,2008,Clark Fork River below Missoula,8/1/2008,Aug-08,62.85,15.315,NA,NA,NA,NA,NA,NA,NA,NA,NA,NA,NA,NA,NA,NA,NA,NA,NA,NA,NA,NA,NA,NA,NA,NA
14,2008,Clark Fork River below Missoula,9/1/2008,Sep-08,73.2,13.565,NA,NA,NA,NA,NA,NA,NA,NA,NA,NA,NA,NA,NA,NA,NA,NA,NA,NA,NA,NA,NA,NA,NA,NA
28,2009,Clark Fork River below Missoula,8/3/2009,Aug-09,38,10.75,17.97,12.73,8.2,16,NA,31.81,20.81666667,9.56,8.223333333,16.16666667,192.6666667,19.04666667,44.78,5.31,8.386666667,17.2,228.3333333,19.83333333,41.462,12.128,8.306666667,15.6,247.75,27.225
27,2009,Clark Fork River below Missoula,9/7/2009,Sep-09,360.7619048,40.7,17.97,12.73,8.2,16,NA,31.81,20.81666667,9.56,8.223333333,16.16666667,192.6666667,19.04666667,44.78,5.31,8.386666667,17.2,228.3333333,19.83333333,41.462,12.128,8.306666667,15.6,247.75,27.225
42,2010,Clark Fork River below Missoula,8/1/2010,Aug-10,66.4047619,20.52631579,41.6,17,7.59,16.5,288,55.2,23.1,8.933333333,7.793333333,17.83333333,187,19.56666667,46.46666667,6.233333333,7.993333333,18.43333333,233,19.66666667,59.25,6.85,8.236666667,13.06666667,264.75,19.65
41,2010,Clark Fork River below Missoula,9/10/2010,Sep-10,138.8285714,31.95,41.6,17,7.59,16.5,288,55.2,23.1,8.933333333,7.793333333,17.83333333,187,19.56666667,46.46666667,6.233333333,7.993333333,18.43333333,233,19.66666667,59.25,6.85,8.236666667,13.06666667,264.75,19.65
55,2011,Clark Fork River below Missoula,8/3/2011,Aug-11,44.28571429,13.0952381,26.2,16.25,8.04,12.6,NA,102.25,22.46666667,12.26666667,8.3,14.5,185.6666667,33.56666667,30.76666667,10.46666667,8.396666667,16.1,171.6666667,20.93333333,49.6,6.6,NA,NA,201.6666667,13.03333333
56,2011,Clark Fork River below Missoula,9/5/2011,Sep-11,39.33333333,8.428571429,26.2,16.25,8.04,12.6,NA,102.25,22.46666667,12.26666667,8.3,14.5,185.6666667,33.56666667,30.76666667,10.46666667,8.396666667,16.1,171.6666667,20.93333333,49.6,6.6,NA,NA,201.6666667,13.03333333
69,2012,Clark Fork River below Missoula,8/2/2012,Aug-12,32.76190476,12.04761905,17.485,8.66,8.225,12.7,186.28,21.235,20.94333333,6.78,8.263333333,17.96666667,246.2366667,17.64,35.91666667,5,NA,NA,215.63,15.75,41.55666667,2.033333333,NA,NA,198.46,12.23666667
70,2012,Clark Fork River below Missoula,9/3/2012,Sep-12,161.3809524,27.80952381,17.485,8.66,8.225,12.7,186.28,21.235,20.94333333,6.78,8.263333333,17.96666667,246.2366667,17.64,35.91666667,5,NA,NA,215.63,15.75,41.55666667,2.033333333,NA,NA,198.46,12.23666667
87,2013,Clark Fork River below Missoula,8/1/2013,Aug-13,22.80952381,8.047619048,NA,NA,NA,NA,NA,NA,22.955,3.34,8.345,18.95,216.07,12.82,31.145,3.685,8.36,17.4,271.875,13.125,42.33,7.416666667,NA,NA,226.8966667,17.63
86,2013,Clark Fork River below Missoula,9/2/2013,Sep-13,81.42857143,14.47619048,NA,NA,NA,NA,NA,NA,22.955,3.34,8.345,18.95,216.07,12.82,31.145,3.685,8.36,17.4,271.875,13.125,42.33,7.416666667,NA,NA,226.8966667,17.63
94,2014,Clark Fork River below Missoula,7/31/2014,Jul-14,44.15789474,14.63684211,NA,NA,NA,NA,NA,NA,9.3,8.25,8.13,16.95,145,20.25,21.65,5.25,8.17,17.45,159,14.35,27.15,8.5,8.085,13.3,221,19.25
95,2014,Clark Fork River below Missoula,9/1/2014,Sep-14,123.6666667,19.53809524,NA,NA,NA,NA,NA,NA,9.3,8.25,8.13,16.95,145,20.25,21.65,5.25,8.17,17.45,159,14.35,27.15,8.5,8.085,13.3,221,19.25
114,2015,Clark Fork River below Missoula,7/4/2015,Jul-15,228.125,64.375,NA,NA,NA,NA,NA,NA,11.45,2.3,8.395,18.9,206.5,13.2,21.55,2.1,8.345,16.3,227.5,19.25,20.65,2.8,8.435,13.5,251,20.65
113,2015,Clark Fork River below Missoula,8/3/2015,Aug-15,100.2380952,24.76190476,NA,NA,NA,NA,NA,NA,11.45,2.3,8.395,18.9,206.5,13.2,21.55,2.1,8.345,16.3,227.5,19.25,20.65,2.8,8.435,13.5,251,20.65
112,2015,Clark Fork River below Missoula,9/7/2015,Sep-15,76.33333333,16.33333333,NA,NA,NA,NA,NA,NA,11.45,2.3,8.395,18.9,206.5,13.2,21.55,2.1,8.345,16.3,227.5,19.25,20.65,2.8,8.435,13.5,251,20.65
127,2016,Clark Fork River below Missoula,7/13/2016,Jul-16,252.7425,70.22975,NA,NA,NA,NA,NA,NA,11.3,1.666666667,NA,NA,163.5,13.85,31.75,2.4,8.315,14.75,268.5,23.2,31.25,1.7,8.27,12.1,210,21.85
128,2016,Clark Fork River below Missoula,9/2/2016,Sep-16,285.7619048,51.02380952,NA,NA,NA,NA,NA,NA,11.3,1.666666667,NA,NA,163.5,13.85,31.75,2.4,8.315,14.75,268.5,23.2,31.25,1.7,8.27,12.1,210,21.85
145,2017,Clark Fork River below Missoula,7/4/2017,Jul-17,13.5047619,5.071428571,NA,NA,NA,NA,NA,NA,10.76666667,4.266666667,NA,NA,153.6666667,15.93333333,31.8,3.9,8.185,16.5,196,15.6,28.1,4.1,8.09,12.15,228.5,16.95
147,2017,Clark Fork River below Missoula,8/5/2017,Aug-17,24.99047619,6.585714286,NA,NA,NA,NA,NA,NA,10.76666667,4.266666667,NA,NA,153.6666667,15.93333333,31.8,3.9,8.185,16.5,196,15.6,28.1,4.1,8.09,12.15,228.5,16.95
146,2017,Clark Fork River below Missoula,9/1/2017,Sep-17,175.8380952,47.01904762,NA,NA,NA,NA,NA,NA,10.76666667,4.266666667,NA,NA,153.6666667,15.93333333,31.8,3.9,8.185,16.5,196,15.6,28.1,4.1,8.09,12.15,228.5,16.95
161,2018,Clark Fork River below Missoula,8/5/2018,Aug-18,42.51052632,11.46315789,NA,NA,NA,NA,NA,NA,14.3,8.7,8.17,17.7,180,24.4,28.65,4.85,8.335,15.8,180.5,17.45,38.23333333,2.266666667,NA,NA,221.3333333,14.46666667
160,2018,Clark Fork River below Missoula,9/10/2018,Sep-18,148.3619048,23.26666667,NA,NA,NA,NA,NA,NA,14.3,8.7,8.17,17.7,180,24.4,28.65,4.85,8.335,15.8,180.5,17.45,38.23333333,2.266666667,NA,NA,221.3333333,14.46666667
175,2019,Clark Fork River below Missoula,8/3/2019,Aug-19,44.315,15.06725,NA,NA,NA,NA,NA,NA,19.66666667,29.66666667,NA,NA,136.6666667,33.33333333,44.5,13.5,8.685,18.55,170,14,33.5,16.5,8.275,13.6,190,46
176,2019,Clark Fork River below Missoula,9/3/2019,Sep-19,253.4,58.55,NA,NA,NA,NA,NA,NA,19.66666667,29.66666667,NA,NA,136.6666667,33.33333333,44.5,13.5,8.685,18.55,170,14,33.5,16.5,8.275,13.6,190,46
192,2020,Clark Fork River below Missoula,8/4/2020,Aug-20,55.13571429,17.42095238,NA,NA,NA,NA,NA,NA,9,5,NA,NA,130,16,25,4,NA,NA,155,20.5,25,6,NA,NA,156.6666667,11.33333333
193,2020,Clark Fork River below Missoula,9/2/2020,Sep-20,116.3857143,24.88333333,NA,NA,NA,NA,NA,NA,9,5,NA,NA,130,16,25,4,NA,NA,155,20.5,25,6,NA,NA,156.6666667,11.33333333
210,2021,Clark Fork River below Missoula,7/14/2021,Jul-21,57.33333333,16.38095238,NA,NA,NA,NA,NA,NA,20,1,NA,NA,130,15,NA,NA,NA,NA,NA,NA,35.33333333,2,NA,NA,163.3333333,13.66666667
209,2021,Clark Fork River below Missoula,8/2/2021,Aug-21,59.19047619,14.04761905,NA,NA,NA,NA,NA,NA,20,1,NA,NA,130,15,NA,NA,NA,NA,NA,NA,35.33333333,2,NA,NA,163.3333333,13.66666667
227,2022,Clark Fork River below Missoula,7/25/2022,Jul-22,53.86095714,16.71428571,NA,NA,NA,NA,NA,NA,10,4,7.99,17.4,140,19,33,18.5,8.353333333,20.4,220,31.66666667,33,1.5,8.295,15.05,185,14.5
226,2022,Clark Fork River below Missoula,9/2/2022,Sep-22,116.1640619,21.04761905,NA,NA,NA,NA,NA,NA,10,4,7.99,17.4,140,19,33,18.5,8.353333333,20.4,220,31.66666667,33,1.5,8.295,15.05,185,14.5
