,Group.1,Group.2,Chlorophyll.a..corrected.for.pheophytin,Weight,Temperature..water,pH,Specific.conductance,Dissolved.oxygen..DO.,Dissolved.oxygen.saturation,Turbidity,Oxidation.reduction.potential..ORP.,Ammonia,Nitrate...Nitrite,Orthophosphate,Total.dissolved.solids,Total.Nitrogen..mixed.forms,Total.Phosphorus..mixed.forms
120,Aug-20,Clark Fork River above Flathead,16.75333333,8.275714286,18.7,8.24,241.35,8.485,,1.18,,,0.008,0.003,,0.12,0.003
354,Sep-12,Clark Fork River above Missoula,63.28571429,27.42857143,11.75,8.345,280.9,9.66,,1.415,222.4,0.003515,0.00055,0.00086,182.65,0.0798175,0.00445
346,Sep-10,Clark Fork River above Missoula,71.9826087,30.72727273,13.26666667,7.723333333,304,9.063333333,,2.28,-31.76666667,0.002016667,0.001233333,0.001916667,162.3333333,0.080833333,0.00605
357,Sep-13,Clark Fork River above Missoula,93.38095238,37.95238095,15.15,8.225,294.95,6.2,,2.32,-448.4,0.006494,0.000968,0.002226,191.8,0.0734225,0.006246
121,Sep-20,Clark Fork River above Flathead,16.49809524,8.197619048,13.85,8.13,260.95,9.44,,1.705,,0.01,0.01075,0.004,,0.1,0.00625
112,Sep-17,Clark Fork River above Flathead,20.43333333,11.72857143,14.55,8.215,250.4,9.27,90.7,1.435,208.55,0.012333333,0.0218,,162.85,0.121666667,0.006433333
96,Aug-12,Clark Fork River above Flathead,6.904761905,7.685714286,19.06666667,8.486666667,207.6666667,8.306666667,,0.823333333,94.43333333,0.004598,0.008068,0.0025,134.9666667,0.132612,0.00656
553,Jul-16,Clark Fork River at Bonita,159.4883721,153.8518605,17.3,8.135,465.15,6.68,69.5,0.94,206.2,0.006025,0.001225,0.000925,302.3,0.15875,0.0066
350,Sep-11,Clark Fork River above Missoula,51.47619048,25.33333333,12.1,8.36,277,9.58,,2.06,243.6,0.0022,0.000725,0.0034,180,0.073,0.00675
1600,Aug-21,Clark Fork River below Missoula,59.19047619,14.04761905,16.4,8.335,298.7,8.365,,4.49,,0.01,0.0075,,,0.08,0.007
364,Jul-16,Clark Fork River above Missoula,114.755814,76.10093023,17.4,8.28,247.05,7.195,75.15,1.195,204.8,,0.000275,4.00E-04,160.55,0.1405,0.00715
106,Sep-15,Clark Fork River above Flathead,57.85714286,26.14285714,14.25,8.48,240.5,9.03,88.2,1.955,115.9,0.00244,0.00484,,156.65,0.112,0.00722
102,Aug-14,Clark Fork River above Flathead,17.39534884,10.00465116,19.2,8.176666667,237.7333333,8.4,,1.44,175.6666667,0.0067,0.00655,0.002525,154.6666667,0.134,0.0073
353,Aug-12,Clark Fork River above Missoula,79.66666667,36.9047619,16.7,8.35,255.1666667,8.303333333,,1.696666667,102.6333333,0.00548,0.001444,0.002254,165.9666667,0.099046,0.007644
114,Aug-18,Clark Fork River above Flathead,14.4047619,7.566666667,17.95,8.33,239.15,8.545,90.1,0.98,9.85,0.005875,0.01825,,155.35,0.12325,0.007775
97,Sep-12,Clark Fork River above Flathead,12.04761905,7.066666667,15.25,8.55,211,8.815,,1.235,123.6,0.003035,0.010585,0.00175,137.5,0.196455,0.00778
111,Aug-17,Clark Fork River above Flathead,8.823809524,4.395238095,19,8.305,222.75,8.525,91.8,0.9165,201.95,0.02205,0.02775,8.00E-04,144.6,0.1825,0.0079
385,Sep-22,Clark Fork River above Missoula,95.71087619,40.71428571,14.9,8.365,319.15,11.88,,3.73,,,,,,0.115,0.008
123,Aug-21,Clark Fork River above Flathead,19.4047619,9.538095238,18.1,8.36,251.3,8.95,,2.25,,0.02,0.006,,,0.13,0.008
117,Aug-19,Clark Fork River above Flathead,11.84357143,6.433571429,20.55,8.57,247.15,9.12,101.5,2.32,,0.016666667,0.011666667,0.016666667,160.55,0.136666667,0.008
703,Sep-22,Clark Fork River at Deer Lodge,208.5242,201.6956522,14.1,8.28,537.3,8.045,,1.94,,,0.1495,0.00045,,0.395,0.008
93,Sep-11,Clark Fork River above Flathead,14.95238095,6.666666667,14.95,8.505,223.5,9.1,,1.29,240.95,0.00635,0.02435,0.0045,145.25,0.149,0.00805
361,Jul-15,Clark Fork River above Missoula,116.8148148,91.59259259,18.75,8.23,224.7,7.02,74,1.86,119.75,0.010475,0.001275,4.00E-04,146.2,0.12875,0.008175
940,Sep-18,Clark Fork River at Huson,28.75714286,7.357142857,14.35,8.24,277,9.265,91.1,1.92,40.15,0.016633333,0.022133333,0.0017,180.1,0.145333333,0.0083
85,Sep-09,Clark Fork River above Flathead,51.61904762,19.1,20.16666667,8.5,249.3333333,8.6,,1.36,-74.26666667,0.0119625,0.006725,0.0023625,132.6,0.157,0.008326667
680,Aug-15,Clark Fork River at Deer Lodge,224.5909091,98.45454545,14.45,8.315,464.8,9.945,97.6,1.33,169.35,0.009666667,0.159633333,0.001566667,302.25,0.270666667,0.008366667
109,Sep-16,Clark Fork River above Flathead,7.857142857,8.59047619,14,8.375,234.4,7.75,78,1.52,130.25,0.0069,0.006,0.001025,152.45,0.14275,0.008425
80,Aug-08,Clark Fork River above Flathead,3.9,3.295,19.46666667,8.676666667,221,8.593333333,93.7,1.363333333,-77.2,0.0025,0.016,,117.3333333,0.116,0.0085
88,Aug-10,Clark Fork River above Flathead,38.36363636,15.66666667,22.9,8.413333333,235.6666667,8.356666667,,1.39,-71.76666667,0.00246,0.0064,0.00284,125.5333333,0.1332,0.00854
107,Jul-16,Clark Fork River above Flathead,8,4.20952381,18.8,8.345,192.05,8.415,90.3,0.86,162.35,0.0211,0.0096,0.0012,124.8,0.1335,0.0087
98,Jul-13,Clark Fork River above Flathead,14.23809524,7.142857143,20.8,8.453333333,211.6666667,9.21,,1.083333333,-437.5666667,,0.011606667,0.003883333,137.5666667,0.154586667,0.008866667
115,Sep-18,Clark Fork River above Flathead,29.8047619,13.1047619,13.75,8.215,257.4,9.235,89.1,1.205,44.25,0.0256,0.01905,0.001,167.4,0.1535,0.00895
99,Aug-13,Clark Fork River above Flathead,15.57142857,7.25,19.5,8.445,227,7.9,,1.015,-392,0.004365,0.010405,0.00353,147.55,0.15132,0.00904
1584,Jul-16,Clark Fork River below Missoula,240.7071429,66.88547619,16.75,8.34,244.85,7.395,76.05,1.63,51.9,0.005266667,0.007533333,0.001666667,159.25,0.109,0.009233333
81,Sep-08,Clark Fork River above Flathead,13.3,4.15,16.45,8.865,237,9.235,94.45,1.77,-74,,0.014,,126,0.214,0.0095
84,Aug-09,Clark Fork River above Flathead,23.04761905,7.6,20.43333333,8.676666667,236,8.68,,1.3,-75.26666667,0.005888,0.00597,0.002782,125.3333333,0.13825,0.0096475
337,Aug-08,Clark Fork River above Missoula,64.8,29.22,16.2,8.273333333,276,7.88,79.93333333,1.636666667,-47.7,,0.008333333,,146.3,0.141666667,0.009666667
1570,Sep-11,Clark Fork River below Missoula,39.33333333,8.428571429,12.35,8.395,276.55,9.615,,2.08,243.55,0.0018,0.0372,0.00495,179.7,0.15125,0.009775
89,Sep-10,Clark Fork River above Flathead,36.90952381,24,16.3,8.54,243.3333333,8.903333333,,1.736666667,-78.36666667,0.003133333,0.009166667,0.0032,129.3333333,0.157666667,0.0098
932,Jul-16,Clark Fork River at Huson,33,12.92941176,19.65,8.355,209.4,9.35,102.75,1.37,154.7,0.015533333,0.028333333,0.001433333,136.15,0.133666667,0.009933333
118,Sep-19,Clark Fork River above Flathead,24.56,10.465,15.2,8.46,265.6,9.26,92.35,5.19,,0.01485,0.008,0.0105,172.95,0.12,0.01
550,Jul-15,Clark Fork River at Bonita,68.9047619,97.76190476,19.15,8.24,395,6.65,70.2,1.245,95.85,0.00755,0.00175,0.001225,256.75,0.184,0.01
105,Aug-15,Clark Fork River above Flathead,36.25,20.2,18.5,8.525,211.55,8.235,87.9,1.04,137.9,0.0092,0.00545,,137.5,0.187,0.01005
367,Jul-17,Clark Fork River above Missoula,24.30952381,15.63809524,18.9,8.175,253,8.645,93.35,2.34,234.95,0.0149,0.001333333,0.0028,164.45,0.112666667,0.0101
254,Sep-21,Clark Fork River above Little Blackfoot,144.8571429,46.80952381,10.55,8.52,509.45,13.315,,1.985,,0.006666667,0.011333333,0.000666667,,0.15,0.010333333
937,Sep-17,Clark Fork River at Huson,35.18571429,12.17142857,15.05,8.145,275.3,9.97,99.25,2.1265,217.4,0.01375,0.08665,0.00065,178.75,0.309,0.0104
381,Sep-21,Clark Fork River above Missoula,103.7619048,46.33333333,11.85,7.935,326.75,9.96,,3.57,,,,,,0.115,0.0105
124,Sep-21,Clark Fork River above Flathead,50.76190476,19.23809524,13.45,8.305,269.7,9.54,,2.635,,0.01,0.01,,,0.115,0.0105
342,Sep-09,Clark Fork River above Missoula,148.0454545,41.71428571,15.66666667,7.853333333,301.6666667,8.623333333,,1.793333333,-39.56666667,0.010395,0.003246667,0.00231,160.0666667,0.161666667,0.010663333
946,Sep-20,Clark Fork River at Huson,80.84666667,20.15380952,14.7,8.135,290.8,10.965,,2.825,,0.013333333,0.047333333,0.005333333,,0.176666667,0.010666667
368,Aug-17,Clark Fork River above Missoula,106.6142857,56.6,16.75,8.455,267.3,9.515,98.5,1.62,243.55,0.0116,0.00205,0.001,173.85,0.18,0.01085
349,Aug-11,Clark Fork River above Missoula,14.9047619,6.523809524,15.4,8.383333333,240.7333333,8.996666667,,2.156666667,205.7,0.00572,0.00464,0.00658,156.4333333,0.0782,0.01086
338,Sep-08,Clark Fork River above Missoula,80.19047619,19.74285714,12.15,8.35,305,9.175,85.3,2.745,-47.15,,0.0085,,161.75,,0.011
1598,Sep-20,Clark Fork River below Missoula,116.3857143,24.88333333,14.05,8.04,298.35,9.64,,3.38,,0.013333333,0.025,0.004,,0.156666667,0.011333333
953,Sep-22,Clark Fork River at Huson,68.8747619,23.04761905,15.65,8.24,279.9,12.57,,2.265,,,0.0075,0.0014,,0.2,0.0115
914,Sep-10,Clark Fork River at Huson,93.32857143,24.15,14.63333333,8.38,268,9.136666667,,3.753333333,-68.73333333,,0.0218,0.00242,143.0333333,0.1762,0.01154
359,Aug-14,Clark Fork River above Missoula,92.16666667,36.31666667,17.4,7.91,301.15,8.325,,1.55,248,0.01265,0.0019,0.0043,195.95,0.1515,0.01155
241,Aug-17,Clark Fork River above Little Blackfoot,116.2428571,167.6380952,16.2,8.23,472.95,10.33,105,0.875,263.9,0.012533333,0.049566667,0.003033333,307.4,0.214,0.0116
356,Aug-13,Clark Fork River above Missoula,74.38095238,34.47619048,16.4,8.205,275.75,8.375,,2.225,-448.15,0.01299,0.002025,0.00333,179.45,0.155005,0.01165
542,Sep-12,Clark Fork River at Bonita,159.8571429,71.28571429,12.95,8.335,473.75,9.81,,1.49,194.35,,0.00199,0.00247,308.1,0.188365,0.011925
1587,Jul-17,Clark Fork River below Missoula,13.5047619,5.071428571,17.5,8.085,249.05,8.21,85.85,2.265,157.55,0.010675,0.008075,0.0032,161.8,0.11525,0.01195
378,Sep-20,Clark Fork River above Missoula,92.82,36.91714286,13.85,8.12,324.95,9.94,,3.915,,0.013333333,0.001,0.005666667,,0.083333333,0.012
949,Sep-21,Clark Fork River at Huson,363.7142857,64.80952381,12.25,7.895,300.7,9,,2.11,,,0.0145,,,0.155,0.012
702,Aug-22,Clark Fork River at Deer Lodge,175.9389958,87.08333333,19.45,8.37,490.05,59.29,,1.345,,0.015,0.1145,0.0019,,0.3,0.012
699,Sep-21,Clark Fork River at Deer Lodge,99.07142857,30.80952381,9.65,8.19,532.6,11.185,,2.98,,,0.119,,,0.31,0.012
1574,Sep-12,Clark Fork River below Missoula,161.3809524,27.80952381,12.45,8.29,255.05,9.705,,1.825,195.95,0.004643333,0.041556667,0.002033333,165.75,0.19846,0.012236667
92,Aug-11,Clark Fork River above Flathead,6.19047619,5.952380952,18.56666667,8.463333333,196.3666667,8.676666667,,1.126666667,207.3,0.00594,0.0042,0.00362,127.6333333,0.094892,0.01224
923,Jul-13,Clark Fork River at Huson,9.333333333,3.523809524,19.83333333,8.34,242.2333333,8.696666667,,2.766666667,-431.3,0.007784,0.04542,0.003066,157.5666667,0.192618,0.012288
372,Sep-18,Clark Fork River above Missoula,66.75714286,17.14285714,14.4,8.465,309.7,11.06,108.4,2.65,46.2,0.02255,0.0209,0.0014,201.2,0.1535,0.01235
945,Aug-20,Clark Fork River at Huson,35.84619048,11.68714286,18.6,8.075,266.35,8.7,,1.995,,0.0045,0.023,0.002,,0.155,0.0125
686,Aug-17,Clark Fork River at Deer Lodge,190.5857143,99.56190476,16,8.135,421.5,9.07,91.95,1.3,274.7,0.01045,0.18055,0.00285,274,0.398,0.01265
258,Sep-22,Clark Fork River above Little Blackfoot,99.26024091,102.8636364,15.7,8.48,524.55,12.59,,1.195,,,,0.0013,,0.233333333,0.012666667
696,Sep-20,Clark Fork River at Deer Lodge,101.8771429,38.15952381,12.75,8.14,485.4,10.085,,1.305,,0.013333333,0.089666667,0.008333333,,0.253333333,0.013
540,Jul-12,Clark Fork River at Bonita,216.1428571,122.7619048,19.26666667,8.42,408.6,9.056666667,,1.72,130.1666667,0.007776667,0.00277,0.003773333,265.6666667,0.253406667,0.013036667
910,Sep-09,Clark Fork River at Huson,51.33333333,14.57894737,18.9,8.393333333,266.3333333,8.563333333,,2.296666667,-67.6,0.01073,0.015222,0.0022275,141.5666667,0.2265,0.0130675
1576,Aug-13,Clark Fork River below Missoula,22.80952381,8.047619048,17.4,8.36,271,8.475,,2.91,-457.7,0.013555,0.031145,0.003685,176.1,0.271875,0.013125
345,Aug-10,Clark Fork River above Missoula,120.95,50.28571429,18.83333333,7.66,283,8.56,,2.246666667,-28.5,0.00745,0.00265,0.004925,150.5,0.14175,0.0132
1581,Jul-15,Clark Fork River below Missoula,228.125,64.375,18.9,8.395,222.05,7.59,79.7,1.465,117.6,0.00375,0.01145,0.0023,144.3,0.2065,0.0132
934,Sep-16,Clark Fork River at Huson,70.33333333,15.6047619,14.45,8.305,254.15,8.41,85.7,2.695,145.7,0.01735,0.06355,0.0012,165.1,0.2075,0.0132
1577,Sep-13,Clark Fork River below Missoula,81.42857143,14.47619048,15.25,8.415,293.2,9.86,,2.515,-453.45,0.010225,0.0317475,0.0055625,190.45,0.1701725,0.0132225
1557,Aug-08,Clark Fork River below Missoula,62.85,15.315,15.86666667,8.443333333,265.6666667,8.353333333,84.16666667,2.593333333,-55.26666667,,0.042333333,,145.4666667,0.242333333,0.013333333
374,Aug-19,Clark Fork River above Missoula,108.2,53.43619048,18.05,8.52,303.85,9.745,103.45,2.195,,0.01,,0.014,197.655,0.13,0.014
1594,Aug-19,Clark Fork River below Missoula,42.2047619,14.3497619,18.55,8.685,299.05,10.075,107.65,2.9,,0.015,0.0445,0.0135,194.35,0.17,0.014
942,Aug-19,Clark Fork River at Huson,27.6597619,8.614761905,20.4,8.485,274.9,9.745,107.35,1.71,,0.015,0.0425,0.0155,178.75,0.19,0.014
369,Sep-17,Clark Fork River above Missoula,68.82857143,47.53333333,12.4,8.32,306.15,9.685,90.45,2.64,165.5,0.0048,0.00395,0.0019,198.9,0.2105,0.014
545,Aug-13,Clark Fork River at Bonita,111.952381,60.61904762,17.55,8.315,507.5,8.895,,2.455,-446.95,0.010305,0.00236,0.00663,329.9,0.213695,0.014075
918,Sep-11,Clark Fork River at Huson,60,10.66666667,14.05,8.4,241.1,9.485,,1.85,241.65,0.01105,0.036,0.00495,156.65,0.215,0.01425
936,Aug-17,Clark Fork River at Huson,24.59047619,8.542857143,19.4,8.2,242.9,8.925,97.05,1.7025,201.05,0.01475,0.0563,0.0017,157.95,0.2565,0.01435
674,Aug-13,Clark Fork River at Deer Lodge,331.4482759,110.5714286,17,8.255,500.25,10.925,,2.805,-424.25,0.0137375,0.13394,0.006445,325.3,0.3771875,0.0143525
1592,Sep-18,Clark Fork River below Missoula,148.3619048,23.26666667,14.15,8.24,310.6,10.125,98.35,1.89,29.95,0.020466667,0.038233333,0.002266667,201.85,0.221333333,0.014466667
1605,Sep-22,Clark Fork River below Missoula,116.1640619,21.04761905,15.05,8.295,313.25,11.375,,3.055,,,0.033,0.0015,,0.185,0.0145
922,Sep-12,Clark Fork River at Huson,47.33333333,9.380952381,14.7,8.42,230.1,9.695,,2.235,138.05,,0.04407,0.00169,149.55,0.21797,0.014515
557,Aug-17,Clark Fork River at Bonita,25.86190476,16.04285714,17.85,8.305,507.45,9.31,98.4,1.64,247.8,0.0152,0.00695,0.00195,329.85,0.2725,0.0147
380,Aug-21,Clark Fork River above Missoula,196.8571429,45.19047619,18.6,8.53,307.45,10.36,,4.785,,,,,,0.12,0.015
1599,Jul-21,Clark Fork River below Missoula,57.33333333,16.38095238,17.6,8.44,262.35,8.47,,2.045,,0.01,0.02,0.001,,0.13,0.015
948,Aug-21,Clark Fork River at Huson,62.95238095,16.19047619,17.2,8.08,274.95,8.325,,3.945,,0.02,0.01,,,0.15,0.015
525,Aug-08,Clark Fork River at Bonita,112.75,103.72,16.76666667,8.626666667,491,8.533333333,87.9,3.263333333,-63.93333333,,0.007333333,,260.6666667,0.207333333,0.015
906,Sep-08,Clark Fork River at Huson,43.15,7.725,13.95,8.73,259,9.21,90.3,2.205,-68.9,,0.0305,,137.65,0.2305,0.015
927,Aug-14,Clark Fork River at Huson,22.30952381,8.264285714,19.23333333,8.083333333,255.9,9.203333333,,1.646666667,209.1666667,0.007266667,0.0214,0.0042,166.4,0.170666667,0.0152
905,Aug-08,Clark Fork River at Huson,11.05,6.205,17.7,8.493333333,243.3333333,8.733333333,91.46666667,2.423333333,-57.9,0.0075,0.0785,,129,0.2785,0.01525
921,Aug-12,Clark Fork River at Huson,10.85714286,1.523809524,18,8.376666667,229.3666667,8.77,,2.163333333,129.4333333,0.0071025,0.033655,0.0032625,149.0666667,0.2229975,0.0153475
371,Aug-18,Clark Fork River above Missoula,97.54761905,22.12380952,17.05,8.375,283.15,9.57,98.85,1.505,7.95,0.0118,0.0039,0.0033,183.95,0.1385,0.01545
1588,Aug-17,Clark Fork River below Missoula,24.99047619,6.585714286,16.5,8.185,273,8.39,86,1.785,248.85,0.01255,0.0318,0.0039,177.45,0.196,0.0156
362,Aug-15,Clark Fork River above Missoula,61.76190476,22.04761905,16.5,7.985,286,7.735,79.2,3.005,175.9,0.01725,0.0026,9.00E-04,185.9,0.265,0.0157
1566,Sep-10,Clark Fork River below Missoula,138.8285714,31.95,13.06666667,8.236666667,303.6666667,8.963333333,,3.986666667,-61.33333333,0.02554,0.0474,0.00548,161.3333333,0.2118,0.01572
1573,Aug-12,Clark Fork River below Missoula,32.76190476,12.04761905,16.13333333,8.25,246.5,8.993333333,,2.576666667,168.9333333,0.00684,0.035916667,0.005,160.1,0.21563,0.01575
377,Aug-20,Clark Fork River above Missoula,119.3466667,117.93375,18.3,8.365,297.3,10.23,,2.775,,0.0035,0.0015,0.0045,,0.2,0.016
684,Sep-16,Clark Fork River at Deer Lodge,260.6904762,81.25,11,8.205,476.95,8.46,76.4,2.24,233.95,0.0208,0.1836,0.00255,309.75,0.4255,0.0162
943,Sep-19,Clark Fork River at Huson,68.1,17.25,14.35,8.355,287.45,9.575,93.1,4.985,,0.015,0.02475,0.01,186.875,0.1275,0.01625
341,Aug-09,Clark Fork River above Missoula,116.952381,33.7,18.06666667,7.993333333,286.3333333,8.41,,2.47,-36.3,0.0074225,0.00489,0.004035,152.2333333,0.161,0.01646
574,Sep-22,Clark Fork River at Bonita,87.89594762,43.23809524,16.55,8.395,531.9,11.495,,4.03,,,,0.00145,,0.22,0.0165
677,Aug-14,Clark Fork River at Deer Lodge,225.0666667,65.13333333,18.6,8.335,449.55,10.415,,2.65,204.1,0.010766667,0.0414,0.007166667,292.2,0.213333333,0.016633333
909,Aug-09,Clark Fork River at Huson,39.19047619,9.6,19.36666667,8.473333333,257,8.176666667,,3.116666667,-62.36666667,0.010926667,0.048613333,0.00517,136.6333333,0.263666667,0.016753333
1589,Sep-17,Clark Fork River below Missoula,175.8380952,47.01904762,12.15,8.09,303.2,9.12,84.65,3.085,200.55,0.00455,0.0281,0.0041,197,0.2285,0.01695
376,Jul-20,Clark Fork River above Missoula,39.09814815,68.23259259,18.65,8.18,257.5,8.965,,8.16,,,,0.006,,0.11,0.017
695,Aug-20,Clark Fork River at Deer Lodge,182.8995833,50.64041667,16.6,8.115,444.65,8.93,,2.425,,,0.077,0.007,,0.295,0.017
698,Aug-21,Clark Fork River at Deer Lodge,139.5714286,37.19047619,16.8,8.43,514.05,11.18,,3.03,,0.03,0.093,,,0.33,0.017
939,Aug-18,Clark Fork River at Huson,26.85714286,10.13809524,17.3,8.165,255.6,9.05,94.55,2.145,14.55,0.0158,0.05845,0.0018,166.1,0.2345,0.0171
671,Sep-12,Clark Fork River at Deer Lodge,180.7142857,58.33333333,12.35,8.51,412.25,10.6,,2.33,181.75,0.004235,0.1038,0.003035,268.1,0.355545,0.017345
1591,Aug-18,Clark Fork River below Missoula,38.46190476,10.37142857,15.8,8.335,285.65,8.935,90.15,2.31,2.65,0.0205,0.02865,0.00485,185.6,0.1805,0.01745
917,Aug-11,Clark Fork River at Huson,16.80952381,6.8,17.86666667,8.323333333,219.2666667,8.956666667,,2.17,218.7,0.01018,0.03726,0.00566,142.5666667,0.162876,0.01746
566,Aug-20,Clark Fork River at Bonita,69.39333333,27.51904762,19.55,8.4,481.15,9.635,,3.015,,,,0.0085,,0.205,0.0175
568,Jul-21,Clark Fork River at Bonita,186.2727273,137.1363636,21.65,8.67,548.7,8.88,,2.61,,,0.0025,0.005,,0.23,0.0175
931,Sep-15,Clark Fork River at Huson,93.76190476,14.04761905,13.85,8.52,261.3,10.21,98.9,2.905,118.5,0.0104,0.02945,9.00E-04,169.95,0.249,0.01755
930,Aug-15,Clark Fork River at Huson,7.15,3.05,19.2,8.51,231.6,9.35,101.85,2.045,118.65,0.01155,0.0182,0.0017,150.5,0.2205,0.0178
687,Sep-17,Clark Fork River at Deer Lodge,76.86666667,61.25238095,10.65,8.185,471.1,10.785,97.2,2.2,217.1,0.00505,0.21265,0.0034,306.15,0.513,0.01785
924,Aug-13,Clark Fork River at Huson,22.85714286,4.238095238,17.4,8.365,247.7,8.585,,3.835,-441.75,0.004975,0.03979,0.003495,160.9,0.27357,0.017855
1326,Aug-07,Clark Fork River below Cabinet Gorge Dam,35.18181818,,,,,,,,,0.015,0.025,0.0085,,0.225,0.018
654,Aug-08,Clark Fork River at Deer Lodge,172.0714286,79.77142857,16.03333333,8.853333333,457.3333333,9.266666667,96.86666667,2.09,-73.5,0.003333333,0.056,,242.6666667,0.289333333,0.018
235,Aug-15,Clark Fork River above Little Blackfoot,312.1904762,183.5714286,14.35,8.21,477.4,9.81,96.2,1.585,124.05,0.014675,0.005925,0.0052,310.4,0.2125,0.018025
659,Sep-09,Clark Fork River at Deer Lodge,502.9047619,91.8,17.66666667,8.503333333,434.6666667,9.87,,2.24,-77.56666667,0.011886667,0.057916667,0.00663,231,0.289666667,0.01827
1603,Jul-22,Clark Fork River below Missoula,53.86095714,16.71428571,17.4,7.99,237.6,81,,6.14,,,0.01,0.004,,0.14,0.019
569,Aug-21,Clark Fork River at Bonita,185,96.42857143,19.9,8.655,513.45,10.985,,4.595,,,,,,0.2,0.019
1558,Sep-08,Clark Fork River below Missoula,73.2,13.565,11.25,8.655,304.5,9.31,84.85,3.385,-62.95,,0.046,,161.75,0.246,0.019
681,Sep-15,Clark Fork River at Deer Lodge,158.3809524,50.85714286,11.7,8.385,471.1,10.005,92.3,3.365,150.45,0.01455,0.0891,0.0025,306.15,0.389,0.019
1580,Sep-14,Clark Fork River below Missoula,123.6666667,19.53809524,13.3,8.085,336,10.12,,2.675,232.4,0.01295,0.02715,0.0085,218.4,0.221,0.01925
1582,Aug-15,Clark Fork River below Missoula,100.2380952,24.76190476,16.3,8.345,281.5,7.815,79.75,2.9,177.15,0.0121,0.02155,0.0021,182.95,0.2275,0.01925
573,Aug-22,Clark Fork River at Bonita,145.048281,39.71428571,22.4,8.475,519.9,85.18,,4.39,,0.013333333,0.005,0.003666667,,0.176666667,0.019333333
682,Jul-16,Clark Fork River at Deer Lodge,389.1023256,118.6211628,16.05,8.285,400.2,9.045,91.9,1.9,231.7,0.006,0.0387,0.0036,260.3,0.2945,0.0194
570,Sep-21,Clark Fork River at Bonita,185.7619048,66.61904762,11.95,8.45,528.4,10.97,,4.66,,0.01,,4.00E-04,,0.18,0.0195
1565,Aug-10,Clark Fork River below Missoula,66.4047619,19.5,18.43333333,7.993333333,277,8.37,,2.81,-45.16666667,0.009933333,0.046466667,0.006233333,147.2666667,0.233,0.019666667
679,Jul-15,Clark Fork River at Deer Lodge,188.9047619,74.19047619,17.8,8.305,354.05,7.59,77.4,2.565,107.15,0.01085,0.0503,0.0042,230.1,0.3285,0.0197
1561,Aug-09,Clark Fork River below Missoula,38,10.75,17.2,8.386666667,277.3333333,8.076666667,,3.52,-57.96666667,0.00828,0.04478,0.00531,146.9666667,0.228333333,0.019833333
250,Aug-20,Clark Fork River above Little Blackfoot,88.30541667,116.3870833,17.95,8.375,448.5,10.37,,3.92,,,0.017,0.0115,,0.24,0.02
1578,Jul-14,Clark Fork River below Missoula,39.95238095,13.24285714,16.95,8.13,228.75,9,,3.79,-129.15,,0.0093,0.00825,148.85,0.145,0.02025
363,Sep-15,Clark Fork River above Missoula,76.0952381,27.95238095,12.65,8.13,303.3,8.85,83.4,4.785,139.6,0.00715,,0.00085,196.9,0.232,0.0203
913,Aug-10,Clark Fork River at Huson,63.74545455,20.42857143,21.73333333,8.18,263,8.323333333,,3.526666667,-57.56666667,0.009933333,0.043966667,0.004266667,139.8,0.245333333,0.020466667
1597,Aug-20,Clark Fork River below Missoula,55.13571429,17.42095238,17.25,8.265,285.35,9.295,,2.595,,,0.025,0.002,,0.155,0.0205
229,Aug-13,Clark Fork River above Little Blackfoot,196.8888889,107.0740741,16.55,8.385,486.6,11.665,,1.52,-426.7,0.005645,0.00103,0.0122525,316.2,0.2019675,0.0206425
1583,Sep-15,Clark Fork River below Missoula,76.33333333,16.33333333,13.5,8.435,300.85,8.6,82.6,4.76,152.2,0.0055,0.02065,0.0028,195.6,0.251,0.02065
690,Sep-18,Clark Fork River at Deer Lodge,74.23333333,28.5952381,11.45,8.16,441.9,9.695,88.85,2.74,64.05,0.010975,0.0975,0.00465,287.35,0.2955,0.020725
675,Sep-13,Clark Fork River at Deer Lodge,168.1153846,80.96153846,14.9,8.23,496.95,10.325,,4.055,-435.55,0.015045,0.19883,0.008675,323.05,0.451905,0.020785
214,Sep-09,Clark Fork River above Little Blackfoot,126.2857143,60.65,17.73333333,8.35,446.6666667,8.793333333,,2.326666667,-66.86666667,0.00843,0.00605,0.008946667,237.3333333,0.233666667,0.020806667
1569,Aug-11,Clark Fork River below Missoula,44.28571429,13.0952381,16.1,8.396666667,239.2666667,8.933333333,,2.1,255.0666667,0.024566667,0.030766667,0.010466667,155.5333333,0.171666667,0.020933333
209,Aug-08,Clark Fork River above Little Blackfoot,129.1,102.315,16.3,8.386666667,471.3333333,8.8,89.9,1.643333333,-68.43333333,0.003333333,0.006,,250.6666667,0.206,0.021
697,Jul-21,Clark Fork River at Deer Lodge,120.4285714,41.9047619,19.35,8.44,453.15,9.505,,2.77,,0.015,0.114,0.001,,0.335,0.021
244,Aug-18,Clark Fork River above Little Blackfoot,72.15714286,44.58571429,16.05,8.505,418.55,11.425,116.1,1.815,14.05,0.0194,0.0494,0.005725,272,0.253,0.02105
551,Aug-15,Clark Fork River at Bonita,179.15,151.9,16.25,8.215,504.25,7.94,80.9,4.165,119.9,0.01315,0.00285,0.00095,327.6,0.261,0.02115
1586,Sep-16,Clark Fork River below Missoula,285.7619048,51.02380952,12.1,8.27,290.4,,,5.39,150.3,0.01685,0.03125,0.0017,188.8,0.21,0.02185
561,Sep-18,Clark Fork River at Bonita,65.22857143,14.67619048,15.15,8.455,459.65,11.725,116.8,2.8,55.35,0.03285,0.0043,0.00245,299,0.24,0.02185
556,Jul-17,Clark Fork River at Bonita,17.5952381,19.4952381,19.85,8.26,445.25,8.325,91.55,2.985,238.65,0.011633333,0.003133333,0.008433333,289.55,0.15,0.022033333
251,Sep-20,Clark Fork River above Little Blackfoot,147.9741667,66.27791667,12.35,8.265,489.1,10.695,,2.4,,0.013333333,0.036,0.013666667,,0.25,0.022333333
226,Sep-12,Clark Fork River above Little Blackfoot,147.7619048,57.0952381,11.75,8.465,438.15,10.95,,2.275,182.45,,,0.0035,284.7,0.27037,0.02242
239,Sep-16,Clark Fork River above Little Blackfoot,125.1761905,52.92285714,11.2,8.24,489.15,8.65,78,1.21,77.75,0.02415,0.0349,0.00745,317.8,0.2935,0.0227
694,Jul-20,Clark Fork River at Deer Lodge,73.59190476,23.57571429,19.1,8.47,364.05,10.165,,3.44,,,0.016,0.006,,0.17,0.023
232,Aug-14,Clark Fork River above Little Blackfoot,93.48888889,103.5977778,18.55,8.105,431.2,10.63,,2.145,198.15,0.006125,0.00165,0.013225,280.5,0.1975,0.02355
685,Jul-17,Clark Fork River at Deer Lodge,105.9761905,53.1,18.6,8.22,363.45,8.575,91.75,2.29,212.85,0.01275,0.02725,0.0081,236.25,0.2595,0.024
530,Sep-09,Clark Fork River at Bonita,225.6190476,56.35,16.76666667,8.373333333,472.6666667,9.063333333,,3.64,-68.46666667,0.011063333,0.007983333,0.010106667,251,0.246,0.02404
567,Sep-20,Clark Fork River at Bonita,144.4933333,29.92238095,13.45,8.23,479.45,9.365,,5.26,,0.013333333,,0.011,,0.116666667,0.025
655,Sep-08,Clark Fork River at Deer Lodge,200.85,45.145,11.9,8.985,464,10.375,97.75,3.64,-75.9,0.005,0.061,,251,0.311,0.0255
692,Aug-19,Clark Fork River at Deer Lodge,188.9727273,75.89090909,19.65,8.495,437.3,9.26,101.7,2.92,,0.015,0.1425,0.0285,284.375,0.345,0.0255
128,Sep-22,Clark Fork River above Flathead,20.48092381,9.674761905,15.05,8.24,255,10.48,,1.835,,,0.011,5.00E-04,,0.25,0.026
565,Jul-20,Clark Fork River at Bonita,52.93952381,62.5047619,19.5,8.195,378.8,8.275,,5.015,,,,0.009,,0.15,0.027
1562,Sep-09,Clark Fork River below Missoula,360.7619048,40.7,15.6,8.306666667,307,8.573333333,,2.133333333,-62.33333333,0.014858,0.041462,0.012128,162.7666667,0.24775,0.027225
563,Aug-19,Clark Fork River at Bonita,117.65,55.81333333,20.75,8.63,412,8.685,96.25,3.61,,0.01,0.001,0.026666667,265.85,0.19,0.027666667
546,Sep-13,Clark Fork River at Bonita,119.6190476,63.47619048,15.75,8.28,520,8.29,,7.23,-445.55,0.011295,0.001225,0.00701,338,0.236165,0.028765
667,Sep-11,Clark Fork River at Deer Lodge,38.05,9.523809524,11.65,8.445,375.15,10.065,,2.475,250.55,0.0075,0.11425,0.0136,244.05,0.3315,0.02905
534,Sep-10,Clark Fork River at Bonita,138.3571429,82.45,14.3,8.206666667,455.6666667,9.546666667,,3.666666667,-58.46666667,0.004,0.0029,0.0118,245,0.234,0.0292
658,Aug-09,Clark Fork River at Deer Lodge,181.047619,51.1,19.5,8.766666667,409,9.416666667,,3.546666667,-76.36666667,0.00959,0.068873333,0.01137,217,0.335,0.029223333
127,Aug-22,Clark Fork River above Flathead,6.244185714,3.271428571,19.73333333,8.196666667,227.1333333,77.98666667,,0.96,,0.016666667,0.0165,0.012333333,,0.17,0.029333333
373,Jul-19,Clark Fork River above Missoula,119.8767857,77.9392381,17.4,8.58,277.3,8.86,92.7,5.13,,0.01,0.0025,0.0245,180.375,0.125,0.0295
230,Sep-13,Clark Fork River above Little Blackfoot,150.0689655,71.71428571,14.9,8.265,499.15,10.1,,2.085,-411.05,0.00904,0.009025,0.016175,324.35,0.27177,0.029835
253,Aug-21,Clark Fork River above Little Blackfoot,238.8571429,61.80952381,18.75,8.615,498.7,11.215,,3.215,,,0.004,0.003,,0.26,0.03
689,Aug-18,Clark Fork River at Deer Lodge,46.92380952,26.91904762,14,8.175,411.55,9.64,93.6,2.895,19.05,0.01985,0.1002,0.00875,267.5,0.348,0.0304
234,Jul-15,Clark Fork River above Little Blackfoot,75.12,135.88,17.35,8.225,377.7,7.96,81,1.885,101.7,0.0087,0.00165,0.01085,245.7,0.3175,0.03135
236,Sep-15,Clark Fork River above Little Blackfoot,129.1904762,45.85714286,11.5,8.2,482.45,9.205,84.5,3.71,116.65,0.00695,0.02665,0.0055,313.65,0.366,0.0316
245,Sep-18,Clark Fork River above Little Blackfoot,218.3571429,66.56190476,12.9,8.285,450.85,11.13,105.5,3.48,61.75,0.0249,0.0893,0.0079,293.15,0.368,0.0319
222,Sep-11,Clark Fork River above Little Blackfoot,46.61904762,11.9047619,11.8,8.565,383.05,11.215,,2.82,242.75,0.0127,0.0564,0.01565,248.95,0.3045,0.0323
952,Aug-22,Clark Fork River at Huson,33.23849048,11.19047619,18.7,7.936666667,251.1666667,65.27333333,,3.803333333,,0.01,0.037333333,0.0015,,0.2,0.032333333
558,Sep-17,Clark Fork River at Bonita,58.45238095,31.16190476,12.9,8.225,506.3,9.495,89.6,5.275,192.85,0.0057,0.01095,0.00675,329.2,0.3345,0.0328
548,Aug-14,Clark Fork River at Bonita,126.4318182,77.39772727,18.65,8.25,533,8.74,,3.135,236.85,0.01765,0.00455,0.01725,346.45,0.2305,0.0335
210,Sep-08,Clark Fork River above Little Blackfoot,134.8,36.17,12.35,8.965,471,10.195,52.35,3.18,-75.5,0.01,0.041,,250.5,0.291,0.0335
669,Jul-12,Clark Fork River at Deer Lodge,110.0952381,50.04761905,18.96666667,8.386666667,350.7333333,8.816666667,,3.043333333,112.1666667,0.00855,0.051556,0.010084,227.9,0.2693,0.033502
560,Aug-18,Clark Fork River at Bonita,8.123809524,9.323809524,17.95,8.385,447.65,9.62,101.2,2,6,0.00445,0.0047,0.0118,291.2,0.216,0.03365
257,Aug-22,Clark Fork River above Little Blackfoot,75.09674762,115.0952381,21,8.585,466.15,66.625,,1.695,,0.015,0.003,0.007,,0.205,0.034
691,Jul-19,Clark Fork River at Deer Lodge,188.5195767,62.41439153,18.05,8.85,345.4,10.925,115.7,3.23,,0.025,0.0295,0.0255,224.575,0.235,0.034
252,Jul-21,Clark Fork River above Little Blackfoot,99.66666667,59.95238095,20.75,8.67,476.15,10.38,,2.635,,0.006666667,0.001333333,0.004666667,,0.26,0.034333333
242,Sep-17,Clark Fork River above Little Blackfoot,77.34090909,139.9227273,10.9,8.23,487.1,10.875,98.55,2.665,214.5,0.0137,0.1808,0.0109,316.6,0.523,0.035
213,Aug-09,Clark Fork River above Little Blackfoot,102.2047619,95.22,19.36666667,8.603333333,429.3333333,8.983333333,,2.81,-68.6,0.007573333,0.014306667,0.01594,228,0.262,0.035736667
240,Jul-17,Clark Fork River above Little Blackfoot,22.66666667,18.48571429,19,8.235,398.05,8.725,94.25,2.15,215.2,0.0135,0.0025,0.0151,258.7,0.2845,0.03585
533,Aug-10,Clark Fork River at Bonita,58.89,65.25,19.73333333,8.073333333,436,8.536666667,,2.79,-51.33333333,0.0051,0.003966667,0.0206,231.3333333,0.217666667,0.0363
529,Aug-09,Clark Fork River at Bonita,144.8571429,111.7,18.9,8.46,430.3333333,8.5,,5.643333333,-59.86666667,0.00759,0.00903,0.011213333,228.6666667,0.261,0.036396667
552,Sep-15,Clark Fork River at Bonita,57.04761905,26.52380952,13,8.355,479.75,8.625,81.9,7.275,103.9,0.0072,0.0017,0.00505,311.7,0.3535,0.037
247,Aug-19,Clark Fork River above Little Blackfoot,128.1095238,49.40952381,19.7,8.65,443.9,9.01,98.7,2.6,,0.015,0.037,0.03,288.28,0.31,0.0375
218,Sep-10,Clark Fork River above Little Blackfoot,119.4666667,59.95,14.53333333,8.443333333,426.3333333,10.14666667,,3.786666667,-72.03333333,0.003433333,0.033566667,0.018133333,226.3333333,0.281,0.037633333
663,Sep-10,Clark Fork River at Deer Lodge,155.67,46,14.9,8.513333333,415,9.973333333,,4.18,-75.13333333,0.008466667,0.070033333,0.020466667,220.6666667,0.323,0.0379
526,Sep-08,Clark Fork River at Bonita,246.5,61.085,13.05,8.66,470,9.65,90.2,5.465,-60.55,,0.005,,249.5,0.205,0.038
224,Jul-12,Clark Fork River above Little Blackfoot,85.19047619,72.61904762,19.06666667,8.383333333,408.8666667,9.24,,2.1,111.3333333,0.007094,0.000356,0.015506,265.8666667,0.23252,0.038462
537,Aug-11,Clark Fork River at Bonita,26.57142857,14.0952381,17.1,8.356666667,373.1333333,8.413333333,,2.816666667,223.6666667,0.0054,0.005233333,0.0233,242.6666667,0.182333333,0.0396
538,Sep-11,Clark Fork River at Bonita,59.61904762,16.38095238,13.05,8.43,426.6,9.645,,3.77,251.7,0.0062,0.00355,0.0194,277.25,0.2355,0.04135
383,Jul-22,Clark Fork River above Missoula,86.8108381,29,20.5,8.315,251.45,30.89,,5.92,,0.015,0.0105,0.0195,,0.125,0.042
237,Jul-16,Clark Fork River above Little Blackfoot,195.4755556,170.2084444,15.55,8.15,438.3,8.67,87,1.37,209.2,0.01095,0.00125,0.0231,284.7,0.285,0.04325
562,Jul-19,Clark Fork River at Bonita,66.46297872,69.46544681,18.65,8.58,423.5,8.18,87.55,4.51,,0.00365,0.0025,0.039,275.275,0.185,0.0445
701,Jul-22,Clark Fork River at Deer Lodge,178.8945381,31.95238095,20.5,8.41,430.6,26.265,,2.57,,0.015,0.0135,0.002,,0.213333333,0.045
1595,Sep-19,Clark Fork River below Missoula,253.4,58.55,13.6,8.275,323.65,9.255,89.4,9.695,,0.005,0.0335,0.0165,211.1,0.19,0.046
375,Sep-19,Clark Fork River above Missoula,101.85,29.71428571,13.45,8.285,329.35,9.23,88.55,12.11,,0.005,0.008,0.017,214.175,0.175,0.0465
555,Sep-16,Clark Fork River at Bonita,96.27272727,60.10454545,13,8.52,496.95,8.14,77.2,9.525,214.35,0.0191,0.0023,0.00775,323.05,0.288,0.04775
256,Jul-22,Clark Fork River above Little Blackfoot,51.61791579,74.10526316,21.2,8.43,436.1,24.85,,3.125,,0.015,,0.021,,0.223333333,0.05
666,Aug-11,Clark Fork River at Deer Lodge,66.19047619,16.23809524,16.26666667,8.346666667,317.4,8.956666667,,4.456666667,218.6,0.018433333,0.089466667,0.029233333,206.4666667,0.304,0.0503
365,Aug-16,Clark Fork River above Missoula,67.76190476,28.48571429,16.05,8.245,264.65,7.795,79.2,45.635,-4,0.0198,0.01095,0.00125,171.9,0.321,0.0507
221,Aug-11,Clark Fork River above Little Blackfoot,50.66666667,13,16.9,8.446666667,332.5666667,9.713333333,,3.386666667,217.8666667,0.0143,0.0658,0.0315,216.2333333,0.305,0.051566667
246,Jul-19,Clark Fork River above Little Blackfoot,24.71585869,34.47745098,19.4,8.735,378.15,9.815,106.65,4.03,,0.0137,,0.046,245.705,0.23,0.053
572,Jul-22,Clark Fork River at Bonita,66.88216667,62.61904762,22.05,8.395,441,27.175,,8.14,,,0.0105,0.0225,,0.21,0.06
662,Aug-10,Clark Fork River at Deer Lodge,49.64285714,31.5,19.9,8.403333333,385.6666667,8.93,,7.046666667,-70.03333333,0.004733333,0.0473,0.033366667,204.7,0.319333333,0.078733333
217,Aug-10,Clark Fork River above Little Blackfoot,59.016,61.91304348,20.13333333,8.266666667,401,8.886666667,,22.74,-63.66666667,0.0088,0.0146,0.037633333,213,0.363333333,0.088533333
1606,Aug-07,Clark Fork River below Rock Creek confluence - 29.2,21.27272727,,,,,,,,,,,,,,
386,Aug-07,Clark Fork River above Rock Creek confluence - 29.1,49.72727273,,,,,,,,,,,,,,
227,Jun-13,Clark Fork River above Little Blackfoot,60.39130435,59.375,,,,,,,,,,,,,
543,Jun-13,Clark Fork River at Bonita,99,78.0952381,,,,,,,,,,,,,
672,Jun-13,Clark Fork River at Deer Lodge,244.9,71.35,,,,,,,,,,,,,
