,Year,Site,Q_CFS.x,LOG_Q_CFS.x,Q_CFS.y,anomaly,Days_Since_Freshet,pH,Specific conductance,"Temperature, water",Total dissolved solids,"Total Nitrogen, mixed forms",Turbidity,DIN,Ammonia,Nitrate + Nitrite,DNP,SNP,TNP,SPp,SRP,SP,"Total Phosphorus, mixed forms"
157,2016,DL,507,2.705007959,266,1.23986797,87,8.21,436.45,12.85,283700,,1.13,,,,0,,,0.816,2.3,10.2,12.5
165,2022,DL,856,2.932473765,266,1.476377358,31,,,,,,,,,,0,,,0.955555556,2,43,45
512,2022,GR,923,2.965201701,270,1.506419674,97,,,,,233.3333333,,,,,0,20.52785923,18.42105262,0.897368421,1.3,11.36666667,12.66666667
156,2012,GR,999,2.999565488,270,1.546680374,94,8.465,438.15,11.75,284700,270.37,2.275,,,,0,14.29016913,12.05932203,0.843889384,3.5,18.92,22.42
168,2009,DL,1140,3.056904851,266,1.624330522,47,,,,,317.25,,,,,,7.075550599,7.075550599,1,,44.8375,44.8375
338,2009,GR,1420,3.152288344,270,1.739034482,40,,,,,325.25,,,,,,6.860005273,6.860005273,1,,47.4125,47.4125
105,2020,GR,2040,3.309630167,270,1.962255106,43,,,,,180,,,,,0,10.58823529,6.923076923,0.653846154,9,17,26
205,2022,BN,2170,3.336459734,2830,0.915287995,99,8.395,531.9,16.55,,220,4.03,,,,0,14.6179402,13.33333333,0.912121212,1.45,15.05,16.5
86,2020,BN,3670,3.564666064,2830,1.090502192,61,8.195,378.8,19.5,,150,5.015,,,,0,8.333333333,5.555555556,0.666666667,9,18,27
242,2020,BN,3670,3.564666064,2830,1.090502192,82,,,,,205,,,,,0,22.77777778,11.71428571,0.514285714,8.5,9,17.5
369,2009,BN,3700,3.568201724,2830,1.093465528,46,,,,,275.25,,,,,,5.192661416,5.192661416,1,,53.0075,53.0075
230,2010,BN,4130,3.615950052,2830,1.134282431,24,,,,,241.25,,,,,,5.188172043,5.188172043,1,,46.5,46.5
265,2022,MS,11800,4.071882007,2580,1.659921055,100,8.365,319.15,14.9,,115,3.73,,,,,14.375,14.375,1,,8,8
274,2009,MS,17300,4.238046103,2580,1.885712438,80,7.993333333,286.3333333,18.06666667,152233.3333,161,2.47,,,,,9.781287971,9.781287971,1,,16.46,16.46
376,2020,MS,20000,4.301029996,2580,1.979110744,62,,,,,110,,,,,0,10,6.470588235,0.647058824,6,11,17
,2009,HU,35300,4.547774705,2150,2.541628559,99,,,,,226.5,,,,,,17.33307825,17.33307825,1,,13.0675,13.0675
,2009,FH,42500,4.62838893,7590,1.775752295,78,,,,,138.25,,,,,,14.33013734,14.33013734,1,,9.6475,9.6475
,2009,FH,42500,4.62838893,7590,1.775752295,101,8.5,249.3333333,20.16666667,132600,157,1.36,,,,,18.85508407,18.85508407,1,,8.326666667,8.326666667
333,2016,MS,7660,3.88422877,2580,1.437263361,60,,,,,140.5,,1.1,,1.1,1.375,15.96183206,14.73776224,0.916083916,0.8,8.733333333,9.533333333
335,2012,BN,2180,3.338456494,2830,0.916691813,133,8.335,473.75,12.95,308100,188.365,1.49,1.99,,1.99,0.805668016,19.7117927,15.79580713,0.792872117,2.47,9.455,11.925
321,2014,BN,2620,3.418301291,2830,0.974626656,123,,,,,246.3333333,,4.566666667,,4.566666667,0.195435093,10.5728863,5.328046142,0.494592646,23.36666667,22.86666666,46.23333333
,2020,HU,37300,4.571708832,2150,2.588750072,61,8.25,209.45,19.25,,120,5.325,5,,5,1.25,10.45454545,8,0.733333333,4,11,15
,2020,FH,42900,4.632457292,7590,1.781305896,61,8.075,200.05,19.2,,90,3.375,5,,5,5,10.625,10,0.888888889,1,8,9
,2022,FH,35700,4.552668216,7590,1.675491183,31,7.95,169.7,18.4,,150,3.98,7,,7,3.5,35.75,25,0.666666667,2,4,6
282,2015,MS,7010,3.845718018,2580,1.395402309,105,8.13,303.3,12.65,196900,232,4.785,7.15,7.15,,4.205882353,12.08870968,11.42857143,0.916256158,1.7,18.6,20.3
390,2008,BN,3100,3.491361694,2830,1.030841164,75,8.626666667,491,16.76666667,260666.6667,200,3.263333333,7.333333333,,7.333333333,,,,1,,15,15
227,2022,HU,28700,4.457881897,2150,2.372180941,102,8.24,279.9,15.65,,200,2.265,7.5,,7.5,5.357142857,19.05940594,17.39130435,0.87826087,1.4,10.1,11.5
190,2014,GR,978,2.990338855,270,1.535765935,74,8.465,464.65,13,301900,301.5,3.205,7.8,7.8,,0.825396825,14.53960396,10.16863406,0.681281619,9.45,20.2,29.65
275,2022,HU,28700,4.457881897,2150,2.372180941,32,7.91,178.1,19.2,,120,4.75,8,,8,4,7.466666667,7.058823529,0.882352941,2,15,17
,2020,FH,42900,4.632457292,7590,1.781305896,81,,,,,120,,8,,8,2.666666667,37.33333333,20,0.5,3,3,6
304,2010,MS,10100,4.004321374,2580,1.576039952,82,7.723333333,304,13.26666667,162333.3333,161.6666667,2.28,8.516666667,6.05,2.466666667,2.221739131,18.52620968,13.36088155,0.683195592,3.833333333,8.266666667,12.1
199,2013,GR,394,2.595496222,270,1.134255305,72,,,,,269.29,,8.9,7.526666667,1.373333333,0.544786778,23.27681765,9.784062009,0.406443018,16.33666667,11.18666666,27.52333333
281,2010,BN,4130,3.615950052,2830,1.134282431,82,8.206666667,455.6666667,14.3,245000,234,3.666666667,8.9,6,2.9,0.754237288,12.93678161,8.01369863,0.595890411,11.8,17.4,29.2
,2020,BM,37300,4.571708832,2150,2.588750072,61,,,,,130,,9,,9,1.8,11,8.125,0.6875,5,11,16
142,2012,MS,17600,4.245512668,2580,1.896550104,133,8.345,280.9,11.75,182650,159.635,1.415,9.23,7.03,2.2,5.36627907,20.94777159,17.93651685,0.806741573,1.72,7.18,8.9
489,2014,BM,33400,4.523746467,2150,2.495184529,45,8.13,228.75,16.95,148850,145,3.79,9.3,,9.3,1.127272727,11.30833333,7.160493827,0.592592593,8.25,12,20.25
440,2012,GR,999,2.999565488,270,1.546680374,72,,,,,290.2266667,,9.4,9.4,,0.933774834,15.04697268,10.10186797,0.649611324,10.06666667,18.66333333,28.73
428,2016,BN,1330,3.123851641,2830,0.777478525,49,,,,,211.6666667,,9.666666666,8.033333333,1.633333333,7.837837839,26.69603525,24.05303031,0.859848485,1.233333333,7.566666667,8.8
146,2011,BN,7740,3.888740961,2830,1.3984647,99,8.43,426.6,13.05,277250,235.5,3.77,9.75,6.2,3.55,0.50257732,10.28473804,5.69528416,0.530834341,19.4,21.95,41.35
377,2015,BN,1500,3.176091259,2830,0.809285218,38,,,,,245.3333333,,9.883333333,7.55,2.333333333,4.034013605,31.18543046,24.53333333,0.755,2.45,7.55,10
436,2021,BN,1650,3.217483944,2830,0.835409038,134,,,,,180,,10,10,,11.11111111,8.056872038,8.181818182,0.959090909,0.9,21.1,22
484,2021,MS,13500,4.130333768,2580,1.736086477,125,,,,,130,,10,10,,10,8.571428571,8.666666667,0.933333333,1,14,15
272,2021,MS,13500,4.130333768,2580,1.736086477,102,,,,,115,,10,10,,,10,10.95238095,1,,10.5,10.5
258,2020,MS,20000,4.301029996,2580,1.979110744,83,,,,,200,,10,7,3,2.222222222,16.52173913,12.5,0.71875,4.5,11.5,16
234,2022,BM,28700,4.457881897,2150,2.372180941,32,7.99,237.6,17.4,,140,6.14,10,,10,2.5,8.666666667,7.368421053,0.789473684,4,15,19
210,2015,GR,807,2.906873535,270,1.440466813,35,8.225,377.7,17.35,245700,317.5,1.885,10.35,8.7,1.65,0.953917051,14.98292683,10.12759171,0.653907496,10.85,20.5,31.35
361,2012,BN,2180,3.338456494,2830,0.916691813,81,8.42,408.6,19.26666667,265666.6667,253.4066667,1.72,10.54666667,7.776666667,2.77,2.795053004,26.21734436,19.4379954,0.710559959,3.773333333,9.263333337,13.03666667
406,2012,GR,999,2.999565488,270,1.546680374,39,,,,,290.65,,10.6475,8.8675,1.78,0.549335741,9.757884649,6.045447455,0.596848838,19.3825,28.695,48.0775
,2022,FH,35700,4.552668216,7590,1.675491183,100,8.24,255,15.05,,250,1.835,11,,11,11,9.56,9.615384615,0.961538462,1,25,26
368,2014,BN,2620,3.418301291,2830,0.974626656,183,8.255,504.05,14.15,327600,243,4.295,11.6,8.9,2.7,0.978902954,12.9273743,8.168067227,0.601680672,11.85,17.9,29.75
263,2013,FH,32700,4.514547753,7590,1.627178981,68,8.453333333,211.6666667,20.8,137566.6667,154.5866667,1.083333333,11.60666667,,11.60666667,2.988841203,28.6916388,17.43458647,0.562030075,3.883333333,4.983333334,8.866666667
385,2010,BN,4130,3.615950052,2830,1.134282431,54,8.073333333,436,19.73333333,231333.3333,217.6666667,2.79,11.61666667,7.65,3.966666667,0.563915858,13.12420382,5.996326906,0.432506887,20.6,15.7,36.3
313,2011,MS,28100,4.44870632,2580,2.216641899,99,8.36,277,12.1,180000,146,2.06,11.7,8.8,2.9,1.720588235,20.04477612,10.81481481,0.496296296,6.8,6.7,13.5
214,2014,MS,17100,4.23299611,2580,1.87841754,39,,,,,142,,11.76666667,8,3.766666667,1.297794118,9.743142147,6.329866271,0.595839524,9.066666667,13.36666666,22.43333333
326,2013,MS,12300,4.089905111,2580,1.683042703,118,,,,,,,11.79133333,10.82333333,0.968,3.178256962,,,0.643611912,3.71,6.7,10.41
189,2016,GR,598,2.776701184,270,1.303504315,77,,,,,279.6666667,,11.84166667,10.075,1.766666667,1.134984026,13.57221283,9.270718232,0.654143647,10.43333333,19.73333334,30.16666667
412,2015,FH,17000,4.230448921,7590,1.308385478,105,,,,,186.6666667,,12.15,6.1,6.05,,14.50277009,15.51246538,1,,12.03333333,12.03333333
104,2015,MS,7010,3.845718018,2580,1.395402309,31,,,,,171.6666667,,12.175,10.475,1.7,7.609375,17.14964158,15.74923548,0.853211009,1.6,9.3,10.9
193,2013,BN,1080,3.033423755,2830,0.725346923,103,8.28,520,15.75,338000,236.165,7.23,12.52,11.295,1.225,1.786019971,10.28016548,8.210151225,0.75630106,7.01,21.755,28.765
325,2014,MS,17100,4.23299611,2580,1.87841754,106,7.74,338.45,13.4,220050,189.5,2.595,12.65,10.8,1.85,2.386792453,17.00480769,12.07006369,0.662420382,5.3,10.4,15.7
302,2013,BN,1080,3.033423755,2830,0.725346923,75,8.315,507.5,17.55,329900,213.695,2.455,12.665,10.305,2.36,1.91025641,27.00201478,15.18259325,0.528952043,6.63,7.445,14.075
387,2012,MS,17600,4.245512668,2580,1.896550104,112,,,,,165.0766667,,12.74333333,9.133333333,3.61,3.392191659,16.95732839,12.95735217,0.705128205,3.756666667,8.983333333,12.74
452,2015,FH,17000,4.230448921,7590,1.308385478,36,8.58,182.2,20.55,118600,168.5,0.9,12.95,5.3,7.65,5.886363636,18.62874251,15.97156398,0.791469194,2.2,8.35,10.55
312,2012,BN,2180,3.338456494,2830,0.916691813,57,,,,,277.76,,13.04666667,10.02,3.026666667,0.554233928,14.63852535,6.673180108,0.43445183,23.54,18.08333333,41.62333333
260,2011,BN,7740,3.888740961,2830,1.3984647,68,8.356666667,373.1333333,17.1,242666.6667,182.3333333,2.816666667,13.33333333,8.1,5.233333333,0.572246066,10.36809816,4.604377104,0.411616162,23.3,16.3,39.6
408,2010,MS,10100,4.004321374,2580,1.576039952,55,,,,,189,,13.46666667,9.933333333,3.533333333,2.050761421,15.90936556,10.73863636,0.626893939,6.566666667,11.03333333,17.6
355,2017,MS,14700,4.167317335,2580,1.786073018,90,8.32,306.15,12.4,198900,210.5,2.64,13.55,9.6,3.95,7.131578947,16.2768595,15.03571429,0.864285714,1.9,12.1,14
191,2018,BN,5870,3.768638101,2830,1.275314278,52,8.385,447.65,17.95,291200,216,2,13.6,8.9,4.7,1.152542373,9.263157895,6.419019316,0.649331352,11.8,21.85,33.65
124,2017,MS,14700,4.167317335,2580,1.786073018,62,8.455,267.3,16.75,173850,180,1.62,13.65,11.6,2.05,6.825,18.79661017,16.58986175,0.815668203,2,8.85,10.85
130,2019,GR,1420,3.152288344,270,1.739034482,52,8.735,378.15,19.4,245705,230,4.03,13.7,13.7,,0.297826087,30.9,4.339622642,0.132075472,46,7,53
236,2014,GR,978,2.990338855,270,1.535765935,42,,,,,263.3333333,,13.9,12.25,1.65,0.788279773,18.11864406,8.386411889,0.438428875,17.63333333,13.76666667,31.4
,2008,FH,45700,4.6599162,7590,1.819246193,120,8.865,237,16.45,126000,200,1.77,14,,14,,,,1,,9.5,9.5
217,2010,FH,26400,4.421603927,7590,1.515144488,68,,,,,166.5,,14.15,6.15,8,3.985915493,21.38245614,15.5971897,0.667447307,3.55,7.125,10.675
388,2011,MS,28100,4.44870632,2580,2.216641899,69,,,,,130.3333333,,14.17333333,9.533333333,4.64,1.292401215,16.28411215,7.200736646,0.394106814,10.96666667,7.13333333,18.1
433,2010,MS,10100,4.004321374,2580,1.576039952,26,7.52,247,17.4,131400,164,2.816666667,14.25,9.35,4.9,1.425,15.81866197,8.424657533,0.48630137,10,9.46666667,19.46666667
518,2009,MS,17300,4.238046103,2580,1.885712438,106,7.853333333,301.6666667,15.66666667,160066.6667,161.6666667,1.793333333,14.291,10.395,3.896,4.124386724,20.47358186,15.16098782,0.675054704,3.465,7.19833333,10.66333333
110,2009,GR,1420,3.152288344,270,1.739034482,100,8.35,446.6666667,17.73333333,237333.3333,233.6666667,2.326666667,14.48,8.43,6.05,1.618479881,18.48116919,11.23037488,0.570009612,8.946666667,11.86,20.80666667
327,2014,MS,17100,4.23299611,2580,1.87841754,78,7.91,301.15,17.4,195950,151.5,1.55,14.55,12.65,1.9,3.38372093,18.88965517,13.11688312,0.627705628,4.3,7.25,11.55
100,2015,FH,17000,4.230448921,7590,1.308385478,69,8.525,211.55,18.5,137500,187,1.04,14.65,9.2,5.45,,17.14925373,18.60696517,1,,10.05,10.05
399,2009,MS,17300,4.238046103,2580,1.885712438,50,7.8,244.6666667,16.23333333,130033.3333,199.3333333,5.023333333,14.73333333,10.79,3.943333333,1.466489714,14.22553301,8.657883307,0.563631099,10.04666667,12.97666666,23.02333333
206,2012,MS,17600,4.245512668,2580,1.896550104,81,8.176666667,231.4,17.23333333,150566.6667,149.4866667,1.49,14.87,12.16,2.71,4.285302594,17.7907489,13.54454847,0.685593476,3.47,7.56666667,11.03666667
485,2008,BN,3100,3.491361694,2830,1.030841164,103,8.66,470,13.05,249500,200,5.465,15,10,5,,,,1,,38,38
527,2013,MS,12300,4.089905111,2580,1.683042703,92,8.205,275.75,16.4,179450,155.005,2.225,15.015,12.99,2.025,4.509009009,16.82572115,13.30515021,0.71416309,3.33,8.32,11.65
,2009,FH,42500,4.62838893,7590,1.775752295,45,8.29,195.6,22.1,103933.3333,136,2.616666667,15.08,9.25,5.83,3.886597938,17.76493633,12.72613849,0.636930755,3.88,6.80666667,10.68666667
,2011,FH,54700,4.737987326,7590,1.931591046,69,8.463333333,196.3666667,18.56666667,127633.3333,118.615,1.126666667,15.15,9.9,5.25,3.348066298,9.602320186,7.752614379,0.704248366,4.525,10.775,15.3
134,2010,HU,23100,4.36361198,2150,2.206604536,39,8.026666667,206.9666667,20.46666667,109933.3333,171,2.34,15.53333334,10.26666667,5.266666667,3.006451613,14.71293376,10.86864407,0.671610169,5.166666667,10.56666666,15.73333333
463,2018,MS,31500,4.498310554,2580,2.30266247,93,8.375,283.15,17.05,183950,138.5,1.505,15.7,11.8,3.9,4.757575758,10.10699588,8.964401294,0.786407767,3.3,12.15,15.45
,2018,HU,51200,4.709269961,2150,2.877026311,65,,,,,164,,15.95,9.7,6.25,4.623188406,9.460063898,8.586387435,0.819371728,3.45,15.65,19.1
225,2015,BN,1500,3.176091259,2830,0.809285218,70,8.215,504.25,16.25,327600,261,4.165,16,13.15,2.85,8.421052632,12.72727273,12.34042553,0.910165485,1.9,19.25,21.15
180,2020,DL,1590,3.201397124,266,1.81484064,33,,,,,170,,16,,16,2.666666667,9.058823529,7.391304348,0.739130435,6,17,23
287,2017,GR,1840,3.264817823,270,1.89591132,33,8.235,398.05,19,258700,284.5,2.15,16,13.5,2.5,1.059602649,12.93975904,7.935843794,0.578800558,15.1,20.75,35.85
,2008,GR,,,,,,8.386666667,471.3333333,16.3,250666.6667,200,1.643333333,16,10,6,,,,1,,21,21
442,2015,BN,1500,3.176091259,2830,0.809285218,105,8.355,479.75,13,311700,353.5,7.275,16.1,14.4,1.7,3.188118812,10.56025039,9.554054054,0.863513514,5.05,31.95,37
207,2009,BN,3700,3.568201724,2830,1.093465528,80,8.46,430.3333333,18.9,228666.6667,261,5.643333333,16.62,7.59,9.03,1.482164091,9.704037059,7.170986353,0.691913179,11.21333333,25.18333334,36.39666667
,2012,FH,42200,4.625312451,7590,1.771564185,134,8.55,211,15.25,137500,196.455,1.235,16.655,6.07,10.585,9.517142857,29.81757877,25.25128535,0.775064267,1.75,6.03,7.78
513,2010,FH,26400,4.421603927,7590,1.515144488,38,8.22,193.2333333,21.03333333,102566.6667,206,1.92,16.8,9.033333333,7.766666667,3.524475524,30.6810811,18.84146342,0.56402439,4.766666667,6.166666663,10.93333333
363,2017,MS,14700,4.167317335,2580,1.786073018,31,,,,,169,,16.9,14.9,2,4.023809524,13.89041096,11.15511551,0.722772277,4.2,10.95,15.15
542,2020,GR,2040,3.309630167,270,1.962255106,64,,,,,240,,17,,17,1.47826087,26.23529412,12,0.425,11.5,8.5,20
310,2014,HU,33400,4.523746467,2150,2.495184529,45,7.805,157.4,17.95,102400,163.5,3.695,17.1,,17.1,2.310810811,14.64,9.396551724,0.574712644,7.4,10,17.4
311,2013,MS,12300,4.089905111,2580,1.683042703,64,8.22,252,17.8,163750,163.265,3.1,17.305,15.095,2.21,4.847338936,26.25179856,17.8822563,0.60898138,3.57,5.56,9.13
,2012,FH,42200,4.625312451,7590,1.771564185,110,,,,,165.765,,17.74833333,7.663333333,10.085,4.2596,36.69834711,20.2152439,0.491869919,4.166666667,4.033333333,8.2
353,2021,FH,31700,4.501059262,7590,1.610420025,124,,,,,110,,18,10,8,,8.363636364,10,1,,11,11
446,2013,GR,394,2.595496222,270,1.134255305,104,8.265,499.15,14.9,324350,271.77,2.085,18.065,9.04,9.025,1.116846986,18.57284041,9.10910005,0.457851517,16.175,13.66,29.835
349,2022,BN,2170,3.336459734,2830,0.915287995,69,,,,,176.6666667,,18.33333333,13.33333333,5,4.999999999,10.10638298,9.137931038,0.810344828,3.666666667,15.66666666,19.33333333
441,2008,MS,16800,4.225309282,2580,1.867367769,119,8.35,305,12.15,161750,,2.745,18.5,10,8.5,,,,1,,11,11
,2014,FH,41000,4.612783857,7590,1.754610377,115,8.06,280.7,15.5,182600,144.5,1.54,18.5,10.8,7.7,4.512195122,31.89873418,17.95031056,0.49068323,4.1,3.95,8.05
244,2009,MS,17300,4.238046103,2580,1.885712438,29,7.93,205,14.1,109000,,10.9,18.52,10.61333333,7.906666667,1.206121784,,,0.585727776,15.355,21.71,37.065
162,2010,FH,26400,4.421603927,7590,1.515144488,94,8.54,243.3333333,16.3,129333.3333,157.6666667,1.736666667,18.56666667,9.4,9.166666667,5.802083333,21.07575758,16.08843538,0.673469388,3.2,6.6,9.8
360,2019,BN,3640,3.561101384,2830,1.087522663,92,8.58,423.5,18.65,275275,185,4.51,18.65,13.65,5,0.478205128,30.24545455,4.157303371,0.123595506,39,5.5,44.5
380,2012,MS,17600,4.245512668,2580,1.896550104,55,,,,,204.6833333,,18.76,12.90666667,5.853333333,1.967144355,12.86963544,8.534398888,0.602362752,9.536666667,14.44666666,23.98333333
251,2015,BM,15200,4.181843588,2150,1.919265438,36,8.395,222.05,18.9,144300,206.5,1.465,18.95,7.5,11.45,8.239130435,17.20642202,15.64393939,0.825757576,2.3,10.9,13.2
169,2009,BN,3700,3.568201724,2830,1.093465528,106,8.373333333,472.6666667,16.76666667,251000,246,3.64,19.04666666,11.06333333,7.983333333,1.884564643,16.28851675,10.23294509,0.579589573,10.10666667,13.93333333,24.04
253,2013,FH,32700,4.514547753,7590,1.627178981,103,8.445,227,19.5,147550,151.32,1.015,19.135,8.73,10.405,5.420679887,23.99001815,16.73893805,0.609513274,3.53,5.51,9.04
364,2016,BM,16800,4.225309282,2150,1.984374362,68,,,,,163.5,,19.2,7.9,11.3,11.52,11.84404925,11.80505415,0.879663057,1.666666667,12.18333333,13.85
145,2012,BN,2180,3.338456494,2830,0.916691813,111,,,,,312.55,,19.29,9.76,9.53,3.288068182,17.29127358,13.69231892,0.742990654,5.866666667,16.96,22.82666667
308,2022,MS,11800,4.071882007,2580,1.659921055,67,,,,,126.6666667,,19.66666667,16.66666667,3,9.833333335,10.35483872,10.27027028,0.837837838,2,10.33333333,12.33333333
,2008,GR,,,,,,,,,,325,,19.66666667,16.66666667,3,,,,1,,60.25,60.25
409,2015,MS,7010,3.845718018,2580,1.395402309,70,7.985,286,16.5,185900,265,3.005,19.85,17.25,2.6,11.02777778,17.63669065,16.87898089,0.885350318,1.8,13.9,15.7
68,2021,BN,1650,3.217483944,2830,0.835409038,109,,,,,180,,20,20,,25,8.556149733,9.230769231,0.958974359,0.8,18.7,19.5
296,2021,BN,1650,3.217483944,2830,0.835409038,90,,,,,200,,20,20,,,9.473684211,10.52631579,1,,19,19
175,2020,BN,3670,3.564666064,2830,1.090502192,117,,,,,175,,20,20,,1.818181818,11.07142857,7,0.56,11,14,25
476,2021,MS,13500,4.130333768,2580,1.736086477,48,,,,,105,,20,20,,20,6.296296296,7.24137931,0.931034483,1,13.5,14.5
418,2021,MS,13500,4.130333768,2580,1.736086477,81,,,,,120,,20,20,,,6.666666667,8,1,,15,15
95,2019,MS,16200,4.209515015,2580,1.844867171,52,8.58,277.3,17.4,180375,125,5.13,20,15,5,0.816326531,21,4.237288136,0.169491525,24.5,5,29.5
303,2019,MS,16200,4.209515015,2580,1.844867171,88,8.52,303.85,18.05,197655,130,2.195,20,20,,1.428571429,,9.285714286,,14,,14
,2022,FH,35700,4.552668216,7590,1.675491183,63,8.196666667,227.1333333,19.73333333,,,0.96,20,20,,1.081081081,,,0.369318182,18.5,10.83333333,29.33333333
229,2013,FH,32700,4.514547753,7590,1.627178981,127,8.43,248.7,16.3,161800,152.4,1.48,20.16,11.23,8.93,7.384615385,13.56307692,12.21153846,0.78125,2.73,9.75,12.48
273,2016,FH,20800,4.318063335,7590,1.39939565,100,8.365,217,17,141050,152.5,1.08,20.3,13.75,6.55,23.88235294,15.10857143,15.88541667,0.911458333,0.85,8.75,9.6
148,2013,GR,394,2.595496222,270,1.134255305,48,8.47,453.95,18.65,295100,281.795,1.31,20.445,18.94,1.505,1.09243922,20.6030745,8.974363057,0.403980892,18.715,12.685,31.4
89,2015,GR,807,2.906873535,270,1.440466813,66,,,,,212.5,,20.6,14.675,5.925,2.971153846,11.22222222,8.84188627,0.711511789,6.933333333,17.1,24.03333333
,2014,FH,41000,4.612783857,7590,1.754610377,45,7.93,153.35,18.5,99450,159,3.7,20.6,9.4,11.2,3.886792453,16,11.39784946,0.620071685,5.3,8.65,13.95
324,2016,MS,7660,3.88422877,2580,1.437263361,127,8.5,291.65,12.15,189800,139,3.295,20.65,18.9,1.75,18.77272727,9.780991736,10.53030303,0.916666667,1.1,12.1,13.2
,2012,FH,42200,4.625312451,7590,1.771564185,57,8.28,110.95,14.35,72150,178.625,5.595,20.9,7.025,13.875,2.966643009,17.1347094,10.99230769,0.566461538,7.045,9.205,16.25
291,2018,BN,5870,3.768638101,2830,1.275314278,29,,,,,241.3333333,,20.925,15.4,5.525,1.193441065,7.70658508,5.231213872,0.619942197,17.53333333,28.6,46.13333333
187,2022,GR,923,2.965201701,270,1.506419674,67,8.585,466.15,21,,205,1.695,21,15,6,3,6.814814815,6.029411765,0.794117647,7,27,34
522,2022,BN,2170,3.336459734,2830,0.915287995,39,8.395,441,22.05,,,8.14,21,,21,0.933333333,,,0.625,22.5,37.5,60
,2018,FH,59700,4.775974331,7590,1.988737754,69,,,,,133.5,,21.03333333,9.633333333,11.4,6.784946236,11.90123457,10.6374502,0.752988048,3.1,9.45,12.55
,2012,FH,42200,4.625312451,7590,1.771564185,82,8.326666667,174.5333333,19.83333333,113533.3333,169.7933333,1.656666667,21.29,11.94666667,9.343333333,6.570987655,23.83681112,17.92960225,0.657866948,3.24,6.23,9.47
285,2016,BN,1330,3.123851641,2830,0.777478525,109,8.52,496.95,13,323050,288,9.525,21.4,19.1,2.3,2.761290323,6.665,6.031413613,0.837696335,7.75,40,47.75
378,2017,BM,29200,4.465382851,2150,2.385877439,31,,,,,153.6666667,,21.44166667,10.675,10.76666667,5.025390625,11.33357143,9.644351469,0.732217573,4.266666667,11.66666666,15.93333333
,2009,BM,35300,4.547774705,2150,2.541628559,24,8.2,201,16,107000,,7.51,21.86,3.89,17.97,1.717203456,,,0.59981138,12.73,19.08,31.81
235,2009,GR,1420,3.152288344,270,1.739034482,74,8.603333333,429.3333333,19.36666667,228000,262,2.81,21.88,7.573333333,14.30666667,1.372647428,12.1293147,7.331405652,0.553959519,15.94,19.79666667,35.73666667
,2014,FH,41000,4.612783857,7590,1.754610377,86,,,,,178.6666667,,22.13333333,13.4,8.733333333,6.574257425,24.58638744,18.35616439,0.654109589,3.366666667,6.366666666,9.733333333
474,2017,BN,5140,3.710963119,2830,1.220091012,35,,,,,225,,22.15,17.45,4.7,1.750988142,9.943627451,6.807866868,0.617246596,12.65,20.4,33.05
131,2017,BN,5140,3.710963119,2830,1.220091012,62,8.305,507.45,17.85,329850,272.5,1.64,22.15,15.2,6.95,11.35897436,19.63529412,18.53741497,0.867346939,1.95,12.75,14.7
94,2014,BN,2620,3.418301291,2830,0.974626656,155,8.25,533,18.65,346450,230.5,3.135,22.2,17.65,4.55,1.286956522,12.81846154,6.880597015,0.485074627,17.25,16.25,33.5
300,2017,BN,5140,3.710963119,2830,1.220091012,90,8.225,506.3,12.9,329200,334.5,5.275,22.35,11.4,10.95,3.311111111,11.98272553,10.19817073,0.794207317,6.75,26.05,32.8
,2019,FH,42000,4.62324929,7590,1.768761072,121,8.46,265.6,15.2,172950,120,5.19,22.85,14.85,8,2.176190476,,12,,10.5,,10
340,2020,MS,20000,4.301029996,2580,1.979110744,118,,,,,125,,23,20,3,4.058823529,16.10526316,10.41666667,0.527777778,5.666666667,6.333333333,12
479,2011,MS,28100,4.44870632,2580,2.216641899,39,8.256666667,205.8666667,15.5,134300,185,7.886666667,23.08333333,11.75,11.33333333,1.972934473,7.427370031,5.52238806,0.650746269,11.7,21.8,33.5
164,2016,GR,598,2.776701184,270,1.303504315,46,8.15,438.3,15.55,284700,285,1.37,23.15,21.9,1.25,1.002164502,12.99503722,6.589595376,0.465895954,23.1,20.15,43.25
247,2008,MS,16800,4.225309282,2580,1.867367769,91,8.273333333,276,16.2,146300,133.3333333,1.636666667,23.33333333,15,8.333333333,,,,1,,9.666666667,9.666666667
322,2010,GR,1980,3.29666519,270,1.942825561,54,8.266666667,401,20.13333333,213000,363.3333333,22.74,23.4,8.8,14.6,0.621789194,6.678454485,4.103915662,0.574924699,37.63333333,50.9,88.53333333
262,2012,BM,33700,4.527629901,2150,2.502632885,57,8.225,163,12.7,106000,186.28,4.82,23.98,6.495,17.485,2.769053118,12.90656064,8.772309866,0.592182717,8.66,12.575,21.235
566,2008,BN,3100,3.491361694,2830,1.030841164,40,8.553333333,387.6666667,18.7,206033.3333,233.3333333,4.406666667,24.33333333,20,4.333333333,,,,1,,48,48
,2020,BM,37300,4.571708832,2150,2.588750072,82,,,,,155,,25,,25,6.25,7.878787879,7.56097561,0.804878049,4,16.5,20.5
,2008,FH,45700,4.6599162,7590,1.819246193,57,8.486666667,173.4333333,20.76666667,91966.66667,150,3.853333333,25,10,15,,,,1,,14,14
503,2018,MS,31500,4.498310554,2580,2.30266247,63,,,,,173,,25.175,22,3.175,3.280130293,6.910401246,5.951834862,0.735951835,7.675,21.39166667,29.06666667
215,2008,MS,16800,4.225309282,2580,1.867367769,56,8.476666667,230.6666667,17.33333333,122633.3333,200,4.603333333,25.66666667,20,5.666666667,,,,1,,24.33333333,24.33333333
422,2021,GR,577,2.761175813,270,1.288063725,124,,,,,200,,26,10,16,26,26.76923077,26.66666667,0.866666667,1,6.5,7.5
231,2021,FH,31700,4.501059262,7590,1.610420025,79,,,,,130,,26,20,6,,13,16.25,1,,8,8
,2008,FH,45700,4.6599162,7590,1.819246193,93,,,,,133.3333333,,26,10,16,,,,1,,8.5,8.5
,2009,BM,35300,4.547774705,2150,2.541628559,45,8.223333333,242.3333333,16.16666667,128666.6667,192.6666667,4.246666667,26.68333334,5.866666667,20.81666667,2.791143654,17.49648629,10.11550578,0.498074904,9.56,9.48666667,19.04666667
,2009,HU,35300,4.547774705,2150,2.541628559,24,8.04,154.1,18.1,81700,,6.99,26.83,,26.83,2.557673975,,,0.600380952,10.49,15.76,26.25
185,2021,GR,577,2.761175813,270,1.288063725,47,,,,,260,,27,25,2,5.785714285,7.853932585,7.572815535,0.86407767,4.666666667,29.66666666,34.33333333
328,2010,HU,23100,4.36361198,2150,2.206604536,92,,,,,220.25,,27.25,,27.25,9.008264463,16.92982456,15.26863085,0.790294627,3.025,11.4,14.425
,2009,HU,35300,4.547774705,2150,2.541628559,45,8.276666667,202.5666667,19.76666667,107666.6667,192,3.64,27.59,7.39,20.2,4.535342466,12.11867322,9.770992366,0.690415606,6.083333333,13.56666667,19.65
343,2012,HU,33700,4.527629901,2150,2.502632885,57,8.04,119.65,14.4,78000,207.845,4.585,27.69,9.215,18.475,3.621975147,12.68250616,9.512356979,0.650114416,7.645,14.205,21.85
307,2011,BN,7740,3.888740961,2830,1.3984647,40,8.26,299.7,16.7,194766.6667,279.3333333,12.34666667,28.2,10.33333333,17.86666667,1.125,5.777607362,4.075875486,0.634241245,25.06666667,43.46666666,68.53333333
359,2013,BN,1080,3.033423755,2830,0.725346923,50,,,,,310.2733333,,29.25166667,18.07666667,11.175,5.261091128,28.50118323,20.12148724,0.639429313,5.56,9.86,15.42
289,2015,HU,15200,4.181843588,2150,1.919265438,69,8.51,231.6,19.2,150500,220.5,2.045,29.75,11.55,18.2,17.5,11.84782609,12.38764045,0.904494382,1.7,16.1,17.8
203,2022,GR,923,2.965201701,270,1.506419674,39,8.43,436.1,21.2,,233.3333333,3.125,30,30,,1.428571429,,,0.58,21,29,50
331,2021,HU,28200,4.450249108,2150,2.358324428,80,,,,,150,,30,20,10,,8,10,1,,15,15
257,2021,FH,31700,4.501059262,7590,1.610420025,99,,,,,115,,30,20,10,,8.095238095,10.95238095,1,,10.5,10.5
,2008,HU,35500,4.550228353,2150,2.546419576,120,8.73,259,13.95,137650,200,2.205,30.5,,30.5,,,,1,,15,15
392,2016,FH,20800,4.318063335,7590,1.39939565,69,8.345,192.05,18.8,124800,133.5,0.86,30.7,21.1,9.6,25.58333333,13.70666667,15.34482759,0.862068966,1.2,7.5,8.7
,2011,FH,54700,4.737987326,7590,1.931591046,100,8.505,223.5,14.95,145250,149,1.29,30.7,6.35,24.35,6.822222222,33.32394366,18.50931677,0.440993789,4.5,3.55,8.05
417,2010,GR,1980,3.29666519,270,1.942825561,26,8.08,326.3333333,19.26666667,175266.6667,306,4.556666667,30.725,12.75,17.975,1.186293436,9.875336323,5.690376569,0.518363552,25.9,27.875,53.775
334,2016,MS,7660,3.88422877,2580,1.437263361,99,8.245,264.65,16.05,171900,321,45.635,30.75,19.8,10.95,24.6,5.869565217,6.331360947,0.975345168,1.25,49.45,50.7
,2020,FH,42900,4.632457292,7590,1.781305896,114,,,,,100,,30.75,20,10.75,7.6875,30.77777778,16,0.36,4,2.25,6.25
80,2019,MS,16200,4.209515015,2580,1.844867171,121,8.285,329.35,13.45,214175,175,12.11,31,15,16,1.823529412,4.881355932,3.76344086,0.634408602,17,29.5,46.5
,2008,HU,35500,4.550228353,2150,2.546419576,57,8.483333333,177.4666667,19.86666667,117833.3333,200,,31.33333333,15,16.33333333,,,,1,,19.66666667,19.66666667
,2011,FH,54700,4.737987326,7590,1.931591046,41,8.206666667,144.8,16.6,94066.66667,144,9.153333333,31.4,9.833333333,21.56666667,4.131578948,7.407894737,6.315789474,0.666666667,7.6,15.2,22.8
255,2015,BM,15200,4.181843588,2150,1.919265438,106,8.435,300.85,13.5,195600,251,4.76,31.65,11,20.65,11.30357143,12.28851541,12.15496368,0.86440678,2.8,17.85,20.65
356,2010,BM,23100,4.36361198,2150,2.206604536,39,7.793333333,235.3333333,17.83333333,125200,187,3.443333333,31.66666667,8.566666667,23.1,3.54477612,14.60815047,9.557069845,0.543441227,8.933333333,10.63333334,19.56666667
346,2021,BM,28200,4.450249108,2150,2.358324428,125,,,,,150,,32,10,22,32,8.428571429,10,0.933333333,1,14,15
,2020,HU,37300,4.571708832,2150,2.588750072,81,,,,,155,,32,9,23,8,14.47058824,12.4,0.68,4,8.5,12.5
344,2013,HU,25600,4.408239965,2150,2.283497297,127,8.36,279.7,14.1,182000,223.98,2.83,32.03,8.38,23.65,8.633423181,15.99583333,14.25716104,0.763844685,3.71,12,15.71
,2011,HU,46600,4.668385917,2150,2.788147973,42,8.07,148.6333333,15.93333333,96633.33333,171.3333333,7.533333333,32.11666667,8.85,23.26666667,3.299657535,7.11499148,5.847554038,0.667804323,9.733333333,19.56666667,29.3
373,2014,HU,33400,4.523746467,2150,2.495184529,83,8.083333333,255.9,19.23333333,166400,170.6666667,1.646666667,32.3,10.9,21.4,7.69047619,12.57878788,11.22807018,0.723684211,4.2,11,15.2
337,2014,BM,33400,4.523746467,2150,2.495184529,80,8.17,281.85,17.45,182950,159,1.995,32.3,10.65,21.65,6.152380952,13.92307692,11.08013937,0.634146341,5.25,9.1,14.35
402,2019,BN,3640,3.561101384,2830,1.087522663,130,,,,,190,,33,30,3,1.2375,,6.867469879,0.036144578,26.66666667,1,27.66666667
250,2022,BM,28700,4.457881897,2150,2.372180941,100,8.295,313.25,15.05,,185,3.055,33,,33,22,11.69230769,12.75862069,0.896551724,1.5,13,14.5
,2019,FH,42000,4.62324929,7590,1.768761072,52,8.45,208.55,17.4,135525,115,2.13,33.5,20,13.5,1.425531915,,12.77777778,,23.5,,9
434,2015,BM,15200,4.181843588,2150,1.919265438,71,8.345,281.5,16.3,182950,227.5,2.9,33.65,12.1,21.55,16.02380952,11.303207,11.81818182,0.890909091,2.1,17.15,19.25
420,2021,GR,577,2.761175813,270,1.288063725,80,,,,,260,,34,30,4,11.33333333,8.37037037,8.666666667,0.9,3,27,30
,2011,BM,46600,4.668385917,2150,2.788147973,42,8.3,203.3,14.5,132200,185.6666667,7.766666667,34.13333334,11.66666667,22.46666667,2.782608695,7.114241003,5.531281033,0.634558093,12.26666667,21.3,33.56666667
339,2014,GR,978,2.990338855,270,1.535765935,11,8.325,344.7,18,224250,356,6.215,34.4,9.2,25.2,1.255474453,10.64900662,6.180555556,0.524305556,27.4,30.2,57.6
405,2021,HU,28200,4.450249108,2150,2.358324428,102,,,,,155,,34.5,20,14.5,,10.04166667,12.91666667,1,,12,12
177,2021,BN,1650,3.217483944,2830,0.835409038,54,,,,,230,,35,30,5,7,15.6,13.14285714,0.714285714,5,12.5,17.5
383,2021,BM,28200,4.450249108,2150,2.358324428,80,,,,,160,,35,20,15,,17.85714286,22.85714286,1,,7,7
504,2012,HU,33700,4.527629901,2150,2.502632885,82,8.243333333,185.8666667,19.66666667,120900,213.59,1.906666667,35.47333333,11.76333333,23.71,10.06811731,10.95653065,10.79828109,0.821873947,3.523333333,16.25666667,19.78
295,2012,GR,999,2.999565488,270,1.546680374,17,8.435,281.7,14.25,182950,330.82,5.73,35.51,10.24,25.27,1.452054795,13.50914913,7.142826298,0.471985318,24.455,21.86,46.315
347,2016,FH,20800,4.318063335,7590,1.39939565,130,,,,,190.3333333,,35.6,27.6,8,34.73170732,15.15755102,16.94362018,0.908753709,1.025,10.20833333,11.23333333
510,2009,BN,3700,3.568201724,2830,1.093465528,29,8.35,305,15.9,162200,,14.9,35.86,7.85,28.01,1.124137931,,,0.633164673,31.9,55.06,86.96
,2018,FH,59700,4.775974331,7590,1.988737754,97,,,,,164.3333333,,36.08333333,11.75,24.33333333,,12.37138263,15.85209002,1,,10.36666667,10.36666667
,2019,FH,42000,4.62324929,7590,1.768761072,84,,,,,136.6666667,,36.66666667,25,11.66666667,,,17.08333334,,,,8
501,2013,BM,25600,4.408239965,2150,2.283497297,64,8.345,246.9,18.95,160550,216.07,2.07,36.745,13.79,22.955,11.00149701,18.91613924,16.85413417,0.739469579,3.34,9.48,12.82
,2011,HU,46600,4.668385917,2150,2.788147973,17,7.815,152.3,13.3,98750,,37,36.8,17.7,19.1,2.637992832,,,0.809165527,13.95,59.15,73.1
133,2018,GR,2450,3.389166084,270,2.085774915,27,8.28,347.4,18.65,225900,324,4.94,37.05,11.5,25.55,1.820638821,8.721884498,6.084507042,0.617840376,20.35,32.9,53.25
351,2015,HU,15200,4.181843588,2150,1.919265438,36,8.29,198.25,19.85,129000,211.5,1.645,37.05,6.55,30.5,19,13.2661597,14.00662252,0.870860927,1.95,13.15,15.1
398,2018,BN,5870,3.768638101,2830,1.275314278,82,8.455,459.65,15.15,299000,240,2.8,37.15,32.85,4.3,15.16326531,10.45618557,10.98398169,0.887871854,2.45,19.4,21.85
160,2017,BM,29200,4.465382851,2150,2.385877439,91,8.09,303.2,12.15,197000,228.5,3.085,37.2,9.1,28.1,9.073170732,14.88715953,13.48082596,0.758112094,4.1,12.85,16.95
,2017,FH,34500,4.537819095,7590,1.656503812,46,8.14,209.3,20.1,135800,136.5,1.08,38.55,19.1,19.45,24.87096774,13.14765101,15.16666667,0.827777778,1.55,7.45,9
,2019,BM,34000,4.531478917,2150,2.510037168,55,,,,,136.6666667,,39.66666667,20,19.66666667,1.337078652,26.45454551,4.100000001,0.11,29.66666667,3.66666666,33.33333333
490,2011,BN,7740,3.888740961,2830,1.3984647,17,,,,,,,39.93333333,20.63333333,19.3,1.167641325,,,0.648990763,34.2,63.23333333,97.43333333
153,2017,DL,1560,3.193124598,266,1.803353999,33,8.22,363.45,18.6,236250,259.5,2.29,40,12.75,27.25,4.938271605,13.80503145,10.8125,0.6625,8.1,15.9,24
382,2021,BM,28200,4.450249108,2150,2.358324428,47,,,,,130,,40,20,20,40,6.428571429,8.666666667,0.933333333,1,14,15
233,2014,BM,33400,4.523746467,2150,2.495184529,108,8.085,336,13.3,218400,221,2.675,40.1,12.95,27.15,4.717647059,16.82790698,11.48051948,0.558441558,8.5,10.75,19.25
72,2019,BN,3640,3.561101384,2830,1.087522663,158,,,,,310,,40.16666667,16.66666667,23.5,1.217171717,2.885918004,2.450592885,0.739130435,33,93.5,126.5
,2017,FH,34500,4.537819095,7590,1.656503812,103,,,,,182.5,,40.3,18.5,21.8,,14.7357513,18.9119171,1,,9.65,9.65
82,2015,GR,807,2.906873535,270,1.440466813,105,8.2,482.45,11.5,313650,366,3.71,40.55,13.9,26.65,7.372727273,12.46934866,11.58227848,0.825949367,5.5,26.1,31.6
147,2016,BM,16800,4.225309282,2150,1.984374362,101,8.315,261.45,14.75,169950,268.5,6.54,40.75,9,31.75,16.97916667,10.94951923,11.57327586,0.896551724,2.4,20.8,23.2
,2011,BM,46600,4.668385917,2150,2.788147973,17,8.04,136.6,12.6,88750,,44.2,42,15.8,26.2,2.584615385,,,0.841075795,16.25,86,102.25
371,2012,BM,33700,4.527629901,2150,2.502632885,82,8.263333333,231.1333333,17.96666667,150133.3333,246.2366667,1.84,42.02333333,21.08,20.94333333,6.19813176,18.80417434,13.95899471,0.615646259,6.78,10.86,17.64
384,2012,HU,33700,4.527629901,2150,2.502632885,115,,,,,222.9975,,43.125,9.47,33.655,13.2183908,14.88394704,14.52989086,0.787424662,3.2625,12.085,15.3475
487,2011,DL,1960,3.292256071,266,1.945919238,11,8.365,248.3,15.05,161150,,10.31,43.35,19.1,24.25,1.273127753,,,0.613726602,34.05,54.1,88.15
316,2021,FH,31700,4.501059262,7590,1.610420025,45,,,,,193.3333333,,43.66666667,20,23.66666667,1.746666667,17.26923076,5.742574256,0.257425743,25,8.66666667,33.66666667
429,2016,HU,16800,4.225309282,2150,1.984374362,73,,,,,200.5,,43.86666666,15.53333333,28.33333333,20.40310077,20.124197,20.18456376,0.783557047,2.15,7.783333333,9.933333333
267,2010,GR,1980,3.29666519,270,1.942825561,82,8.443333333,426.3333333,14.53333333,226333.3333,281,3.786666667,43.86666667,10.3,33.56666667,2.419117648,12.16068376,7.466784766,0.518157662,18.13333333,19.5,37.63333333
520,2012,HU,33700,4.527629901,2150,2.502632885,134,8.42,230.1,14.7,149550,217.97,2.235,44.07,,44.07,26.07692308,13.55945419,15.01687909,0.883568722,1.69,12.825,14.515
195,2017,BM,29200,4.465382851,2150,2.385877439,63,8.185,273,16.5,177450,196,1.785,44.35,12.55,31.8,11.37179487,12.96153846,12.56410256,0.75,3.9,11.7,15.6
317,2010,HU,23100,4.36361198,2150,2.206604536,18,7.47,153.4,18.9,81400,245,12.2,44.4,9.2,35.2,2.979865772,8.464135021,6.347150259,0.613989637,14.9,23.7,38.6
,2008,HU,35500,4.550228353,2150,2.546419576,29,8.06,134.05,14.3,71100,250,17,44.5,10,34.5,,,,1,,48.5,48.5
,2018,FH,59700,4.775974331,7590,1.988737754,123,8.215,257.4,13.75,167400,153.5,1.205,44.65,25.6,19.05,44.65,13.6918239,17.15083799,0.888268156,1,7.95,8.95
318,2013,BM,25600,4.408239965,2150,2.283497297,92,8.36,271,17.4,176100,271.875,2.91,44.7,13.555,31.145,12.1302578,24.06514831,20.71428571,0.719238095,3.685,9.44,13.125
,2011,FH,54700,4.737987326,7590,1.931591046,16,7.97,159.45,13.35,103400,,45,44.75,14.6,30.15,3.551587302,,,0.82972973,12.6,61.4,74
,2020,BM,37300,4.571708832,2150,2.588750072,117,,,,,156.6666667,,45,20,25,7.5,20.93750002,13.82352942,0.470588235,6,5.33333333,11.33333333
515,2010,DL,1470,3.167317335,266,1.767984959,29,,,,,280.5,,45.675,11.5,34.175,2.083238312,10.22089227,6.247216036,0.51169265,21.925,22.975,44.9
506,2012,BM,33700,4.527629901,2150,2.502632885,112,,,,,215.63,,46.17666667,10.26,35.91666667,9.235333334,15.76310077,13.69079365,0.682539683,5,10.75,15.75
,2011,HU,46600,4.668385917,2150,2.788147973,101,8.4,241.1,14.05,156650,215,1.85,47.05,11.05,36,9.505050505,18.05913978,15.0877193,0.652631579,4.95,9.3,14.25
414,2021,HU,28200,4.450249108,2150,2.358324428,125,,,,,160,,48,10,38,24,10.18181818,12.30769231,0.846153846,2,11,13
103,2011,GR,2560,3.408239965,270,2.116534736,17,,,,,,,48.1,15.2,32.9,1.396902227,,,0.601926782,34.43333333,52.06666667,86.5
494,2016,BM,16800,4.225309282,2150,1.984374362,129,8.27,290.4,12.1,188800,210,5.39,48.1,16.85,31.25,28.29411765,8.034739454,9.610983982,0.922196796,1.7,20.15,21.85
315,2019,BM,34000,4.531478917,2150,2.510037168,121,8.275,323.65,13.6,211100,190,9.695,48.5,15,33.5,2.939393939,4.796610169,4.130434783,0.641304348,16.5,29.5,46
372,2012,BM,33700,4.527629901,2150,2.502632885,133,,,,,198.46,,48.52166667,6.965,41.55666667,23.86311476,14.6950343,16.21846908,0.833832743,2.033333333,10.20333334,12.23666667
,2008,BM,35500,4.550228353,2150,2.546419576,57,8.52,233,16.8,123833.3333,200,5.2,49,26.66666667,22.33333333,,,,1,,24,24
,2018,BM,51200,4.709269961,2150,2.877026311,96,8.335,285.65,15.8,185600,180.5,2.31,49.15,20.5,28.65,10.13402062,10.42460317,10.34383954,0.722063037,4.85,12.6,17.45
118,2013,HU,25600,4.408239965,2150,2.283497297,103,8.365,247.7,17.4,160900,273.57,3.835,49.74,9.95,39.79,14.23175966,15.58704735,15.32175861,0.804256511,3.495,14.36,17.855
,2017,FH,34500,4.537819095,7590,1.656503812,70,8.305,222.75,19,144600,182.5,0.9165,49.8,22.05,27.75,31.125,21.06349206,23.10126582,0.797468354,1.6,6.3,7.9
,2018,HU,51200,4.709269961,2150,2.877026311,126,,,,,218,,49.83333333,16.63333333,33.2,29.31372549,15.64341085,17.51004016,0.863453815,1.7,10.75,12.45
525,2015,HU,15200,4.181843588,2150,1.919265438,104,8.52,261.3,13.85,169950,249,2.905,50.25,20.8,29.45,27.91666667,12.61904762,14.18803419,0.897435897,1.8,15.75,17.55
,2009,FH,42500,4.62838893,7590,1.775752295,24,8.07,146.4,19.2,77900,,11.4,50.33,18.55,31.78,5.359957401,,,0.609400998,9.39,14.65,24.04
,2019,HU,34000,4.531478917,2150,2.510037168,118,,,,,170,,50.5,17.5,33,3.787500001,14.33999999,7.846153845,0.384615385,13.33333333,8.33333334,21.66666667
88,2016,DL,507,2.705007959,266,1.23986797,52,8.285,400.2,16.05,260300,294.5,1.9,50.7,12,38.7,14.08333333,15.43037975,15.18041237,0.81443299,3.6,15.8,19.4
77,2012,DL,781,2.892651034,266,1.431934433,17,8.48,243.45,14.1,158250,277.36,4.54,50.965,22.19,28.775,3.370701058,11.28026906,7.881784598,0.570332481,15.12,20.07,35.19
421,2022,MS,11800,4.071882007,2580,1.659921055,41,8.315,251.45,20.5,,125,5.92,51,30,21,2.615384615,3.288888889,2.976190476,0.535714286,19.5,22.5,42
,2008,GR,,,,,,8.965,471,12.35,250500,250,3.18,51,10,41,,,,1,,33.5,33.5
492,2011,GR,2560,3.408239965,270,2.116534736,40,8.25,263.5333333,15.5,171366.6667,296,12.14333333,51.1,12.63333333,38.46666667,1.858181818,5.066896552,3.903296703,0.637362637,27.5,48.33333333,75.83333333
557,2008,DL,957,2.980911938,266,1.532298702,41,8.633333333,324.3333333,19.43333333,172033.3333,,4.32,51.25,20,31.25,,,,1,,48.75,48.75
252,2021,HU,28200,4.450249108,2150,2.358324428,46,,,,,155,,52,30,22,35.86206897,6.843853821,9.393939394,0.912121212,1.45,15.05,16.5
342,2019,HU,34000,4.531478917,2150,2.510037168,55,,,,,170,,52.33333333,23.33333333,29,3.651162791,9.289473682,6.296296296,0.469135803,14.33333333,12.66666667,27
294,2022,BM,28700,4.457881897,2150,2.372180941,61,8.353333333,266.7,20.4,,220,3.406666667,53,20,33,2.864864865,12.6835443,6.94736842,0.415789474,18.5,13.16666667,31.66666667
,2009,BM,35300,4.547774705,2150,2.541628559,75,8.386666667,277.3333333,17.2,146966.6667,228.3333333,3.52,53.06,8.28,44.78,9.992467043,12.06839569,11.51260504,0.732268908,5.31,14.52333333,19.83333333
161,2010,HU,23100,4.36361198,2150,2.206604536,67,8.18,263,21.73333333,139800,245.3333333,3.526666667,53.9,9.933333333,43.96666667,12.6328125,11.81687242,11.98697068,0.791530945,4.266666667,16.2,20.46666667
166,2021,GR,577,2.761175813,270,1.288063725,97,,,,,225,,54,20,34,27,12.66666667,14.51612903,0.870967742,2,13.5,15.5
167,2010,DL,1470,3.167317335,266,1.767984959,55,8.403333333,385.6666667,19.9,204700,319.3333333,7.046666667,54.4,7.1,47.3,1.63036963,5.839823659,4.055884843,0.576206605,33.36666667,45.36666666,78.73333333
366,2019,DL,1280,3.10720997,266,1.688273399,52,8.85,345.4,18.05,224575,235,3.23,54.5,25,29.5,2.137254902,21.23529412,6.911764706,0.25,25.5,8.5,34
431,2021,BM,28200,4.450249108,2150,2.358324428,105,,,,,163.3333333,,55.33333333,20,35.33333333,27.66666667,9.257142852,11.95121951,0.853658537,2,11.66666667,13.66666667
,2011,BM,46600,4.668385917,2150,2.788147973,70,8.396666667,239.2666667,16.1,155533.3333,171.6666667,2.1,55.33333334,24.56666667,30.76666667,5.286624203,11.11464969,8.200636946,0.5,10.46666667,10.46666666,20.93333333
170,2010,MS,10100,4.004321374,2580,1.576039952,5,7.14,199.2,14.9,105700,299,17.9,55.35,23.85,31.5,3.041208791,5.581901489,4.834276475,0.705739693,18.2,43.65,61.85
,2018,BM,51200,4.709269961,2150,2.877026311,66,8.17,252.9,17.7,164400,180,3.2,55.7,41.4,14.3,6.402298851,7.917197452,7.37704918,0.643442623,8.7,15.7,24.4
97,2014,DL,741,2.869818208,266,1.407058618,74,8.59,461.75,13.1,300300,320,2.41,55.8,12.1,43.7,6.377142857,5.16015625,5.337781485,0.854045038,8.75,51.2,59.95
301,2013,BM,25600,4.408239965,2150,2.283497297,123,,,,,226.8966667,,55.96333333,13.63333333,42.33,7.545617977,16.73629243,12.8699187,0.579315561,7.416666667,10.21333333,17.63
270,2020,GR,2040,3.309630167,270,1.962255106,99,,,,,250,,56,20,36,4.097560975,22.3846154,11.19402985,0.388059701,13.66666667,8.66666666,22.33333333
,2009,BM,35300,4.547774705,2150,2.541628559,101,8.306666667,307,15.6,162766.6667,247.75,2.133333333,56.32,14.858,41.462,4.643799472,12.68000265,9.100091827,0.554527089,12.128,15.097,27.225
306,2010,BM,23100,4.36361198,2150,2.206604536,67,7.993333333,277,18.43333333,147266.6667,233,2.81,56.4,9.933333333,46.46666667,9.048128343,13.14640198,11.84745763,0.683050848,6.233333333,13.43333334,19.66666667
,2008,FH,45700,4.6599162,7590,1.819246193,29,8.165,124.1,14.45,65800,250,22.25,56.5,15,41.5,,,,1,,46,46
,2011,BM,46600,4.668385917,2150,2.788147973,99,,,,,201.6666667,,56.8,7.2,49.6,8.606060606,22.51813473,15.47314579,0.493606138,6.6,6.43333333,13.03333333
547,2014,HU,33400,4.523746467,2150,2.495184529,115,8.08,306.7,14.3,199600,236,2,57.3,12.3,45,13.97560976,16.70093458,15.94594595,0.722972973,4.1,10.7,14.8
293,2022,HU,28700,4.457881897,2150,2.372180941,63,7.936666667,251.1666667,18.7,,,3.803333333,57.33333333,20,37.33333333,,,,1,,32.33333333,32.33333333
410,2011,DL,1960,3.292256071,266,1.945919238,36,8.203333333,244.8333333,15.23333333,159266.6667,283.75,10.93,57.475,11.45,46.025,2.425105485,5.757633588,4.503968254,0.623809524,23.7,39.3,63
181,2010,BM,23100,4.36361198,2150,2.206604536,18,7.59,193,16.5,102500,288,17.4,57.5,15.9,41.6,3.382352941,6.034031414,5.217391304,0.692028986,17,38.2,55.2
201,2018,DL,2180,3.338456494,266,2.016159805,25,8.17,300.5,17.5,195300,305,4.625,58.1,11.05,47.05,3.760517799,8.469982847,6.838565022,0.653587444,15.45,29.15,44.6
404,2013,HU,25600,4.408239965,2150,2.283497297,71,,,,,192.618,,58.39333333,12.97333333,45.42,15.23635573,11.64386612,12.54023438,0.750488281,3.8325,11.5275,15.36
,2018,BM,51200,4.709269961,2150,2.877026311,127,,,,,221.3333333,,58.7,20.46666667,38.23333333,25.89705882,13.33060109,15.29953916,0.843317972,2.266666667,12.2,14.46666667
222,2008,MS,16800,4.225309282,2580,1.867367769,25,,,,,333.3333333,,59,23.33333333,35.66666667,,,,1,,67,67
74,2016,GR,598,2.776701184,270,1.303504315,109,8.24,489.15,11.2,317800,293.5,1.21,59.05,24.15,34.9,7.926174497,15.37377049,12.92951542,0.671806167,7.45,15.25,22.7
266,2011,MS,28100,4.44870632,2580,2.216641899,13,,,,,,,59.3,32.4,26.9,3.427745665,,,0.797027767,17.3,67.93333333,85.23333333
,2011,HU,46600,4.668385917,2150,2.788147973,72,,,,,203.595,,59.3,12.725,46.575,8.381625442,9.782711864,9.328522337,0.67583047,7.075,14.75,21.825
92,2014,DL,741,2.869818208,266,1.407058618,11,8.27,308.1,17.75,200550,338,6.025,59.35,9.1,50.25,3.618902439,11.88272921,8.481806775,0.588456713,16.4,23.45,39.85
,2009,HU,35300,4.547774705,2150,2.541628559,75,8.473333333,257,19.36666667,136633.3333,263.6666667,3.116666667,59.54,10.92666667,48.61333333,11.51644101,17.62244605,15.73816157,0.691404696,5.17,11.58333333,16.75333333
186,2015,DL,628,2.797959644,266,1.331555693,35,8.305,354.05,17.8,230100,328.5,2.565,61.15,10.85,50.3,14.55952381,17.2483871,16.6751269,0.78680203,4.2,15.5,19.7
276,2016,HU,16800,4.225309282,2150,1.984374362,104,,,,,250,,62.05833333,18.825,43.23333333,45.9691358,10.26069154,12.7118644,0.931355932,1.35,18.31666667,19.66666667
,2008,BM,35500,4.550228353,2150,2.546419576,29,8.435,174.65,12,92350,300,19.35,62.5,25,37.5,,,,1,,57,57
,2008,BM,35500,4.550228353,2150,2.546419576,122,,,,,200,,62.66666667,16.66666667,46,,,,1,,19,19
348,2009,DL,1140,3.056904851,266,1.624330522,23,8.27,253,16.5,134600,,9.23,62.93,12.75,50.18,2.109621187,,,0.615592784,29.83,47.77,77.6
221,2018,MS,31500,4.498310554,2580,2.30266247,123,8.465,309.7,14.4,201200,153.5,2.65,64.35,22.55,41.8,45.96428571,8.141552511,12.4291498,0.886639676,1.4,10.95,12.35
200,2008,DL,957,2.980911938,266,1.532298702,76,8.853333333,457.3333333,16.03333333,242666.6667,250,2.09,66,10,56,,,,1,,18,18
111,2008,BN,3100,3.491361694,2830,1.030841164,14,,,,,433.3333333,,67.33333333,20,47.33333333,,,,1,,95.33333333,95.33333333
,2020,HU,37300,4.571708832,2150,2.588750072,117,,,,,176.6666667,,67.33333333,20,47.33333333,12.625,20.49999999,16.5625,0.5,5.333333333,5.333333337,10.66666667
524,2011,GR,2560,3.408239965,270,2.116534736,99,8.565,383.05,11.8,248950,304.5,2.82,69.1,12.7,56.4,4.415335463,14.13813814,9.427244582,0.515479876,15.65,16.65,32.3
395,2009,DL,1140,3.056904851,266,1.624330522,100,8.503333333,434.6666667,17.66666667,231000,289.6666667,2.24,69.80333334,11.88666667,57.91666667,10.52840624,18.88860252,15.85477103,0.637110016,6.63,11.64,18.27
367,2017,HU,29200,4.465382851,2150,2.385877439,39,,,,,243.3333333,,70.325,11.425,58.9,33.48809524,13.98989218,16.82027649,0.85483871,2.1,12.36666667,14.46666667
389,2009,GR,1420,3.152288344,270,1.739034482,23,8.36,282,15.9,149900,,11.5,70.37,16.54,53.83,1.803896437,,,0.548129271,39.01,47.32,86.33
415,2008,DL,957,2.980911938,266,1.532298702,104,8.985,464,11.9,251000,500,3.64,71,10,61,,,,1,,25.5,25.5
319,2017,HU,29200,4.465382851,2150,2.385877439,59,8.2,242.9,19.4,157950,256.5,1.7025,71.05,14.75,56.3,41.79411765,14.66007905,17.87456446,0.881533101,1.7,12.65,14.35
425,2016,BN,1330,3.123851641,2830,0.777478525,81,8.3,490.3,16,318800,541.5,34.135,72.4,40.65,31.75,12.70175439,6.630388693,7.083060824,0.925441465,5.7,70.75,76.45
,2019,HU,34000,4.531478917,2150,2.510037168,88,8.485,274.9,20.4,178750,190,1.71,72.5,30,42.5,4.677419355,,13.57142857,,15.5,,14
,2018,HU,51200,4.709269961,2150,2.877026311,93,8.165,255.6,17.3,166100,234.5,2.145,74.25,15.8,58.45,41.25,10.47385621,13.71345029,0.894736842,1.8,15.3,17.1
,2019,BM,34000,4.531478917,2150,2.510037168,88,8.685,299.05,18.55,194350,170,2.9,74.5,30,44.5,5.518518519,,12.14285714,0.035714286,13.5,0.5,14
394,2012,DL,781,2.892651034,266,1.431934433,42,8.386666667,350.7333333,18.96666667,227900,336.625,3.043333333,75.1325,10.6875,64.445,5.960531535,8.933042958,8.03832607,0.699003045,12.605,29.2725,41.8775
259,2020,DL,1590,3.201397124,266,1.81484064,57,,,,,295,,77,,77,11,21.8,17.35294118,0.588235294,7,10,17
144,2014,DL,741,2.869818208,266,1.407058618,48,,,,,320,,78.25,16.15,62.1,7.279069767,17.02464789,12.8256513,0.569138277,10.75,14.2,24.95
159,2009,DL,1140,3.056904851,266,1.624330522,74,8.766666667,409,19.5,217000,,3.546666667,78.46333333,9.59,68.87333333,6.900908824,,,0.610927341,11.37,17.85333333,29.22333333
194,2010,DL,1470,3.167317335,266,1.767984959,83,8.513333333,415,14.9,220666.6667,323,4.18,78.5,8.466666667,70.03333333,3.835504885,14.0248566,8.522427441,0.45998241,20.46666667,17.43333333,37.9
508,2011,GR,2560,3.408239965,270,2.116534736,68,8.446666667,332.5666667,16.9,216233.3333,305,3.386666667,80.1,14.3,65.8,2.542857143,11.20764119,5.914673561,0.389140272,31.5,20.06666667,51.56666667
176,2016,HU,16800,4.225309282,2150,1.984374362,126,8.305,254.15,14.45,165100,207.5,2.695,80.9,17.35,63.55,67.41666667,10.55,15.71969697,0.909090909,1.2,12,13.2
,2008,BM,35500,4.550228353,2150,2.546419576,92,8.443333333,265.6666667,15.86666667,145466.6667,,2.593333333,82.33333333,40,42.33333333,,,,1,,13.33333333,13.33333333
396,2010,BN,4130,3.615950052,2830,1.134282431,5,7.76,278,15.9,148000,424,29.9,82.5,20.2,62.3,2.370689655,4.417852523,3.782337199,0.68956289,34.8,77.3,112.1
426,2013,DL,349,2.542825427,266,1.0947491,48,8.425,449.8,19.1,292500,341.42,2.43,83.4,15.905,67.495,6.84729064,15.65180467,11.91069248,0.575091575,12.18,16.485,28.665
81,2018,GR,2450,3.389166084,270,2.085774915,57,,,,,337.3333333,,85.26666667,19.4,65.86666667,11.17030568,12.3360522,12.01900237,0.728028504,7.633333333,20.43333334,28.06666667
249,2017,GR,1840,3.264817823,270,1.89591132,59,,,,,321,,86.88333333,12.53333333,74.35,19.09523809,18.21919585,18.44827586,0.738505747,4.55,12.85,17.4
84,2010,BM,23100,4.36361198,2150,2.206604536,95,8.236666667,303.6666667,13.06666667,161333.3333,264.75,3.986666667,91.175,31.925,59.25,13.31021898,13.56054688,13.47328244,0.651399491,6.85,12.8,19.65
,2008,HU,35500,4.550228353,2150,2.546419576,92,8.493333333,243.3333333,17.7,129000,200,2.423333333,93.5,15,78.5,,,,1,,15.25,15.25
290,2012,DL,781,2.892651034,266,1.431934433,72,,,,,408.8133333,,99.64666666,7.713333333,91.93333333,11.48444103,22.35478428,18.16409952,0.614484597,8.676666667,13.83,22.50666667
375,2017,HU,29200,4.465382851,2150,2.385877439,89,8.145,275.3,15.05,178750,309,2.1265,100.4,13.75,86.65,77.23076923,22.92307692,29.71153846,0.875,1.3,9.1,10.4
466,2010,FH,26400,4.421603927,7590,1.515144488,17,7.83,143.3,18.9,76100,241,12.9,100.9,58.4,42.5,7.94488189,5.741803279,6.495956873,0.657681941,12.7,24.4,37.1
173,2015,DL,628,2.797959644,266,1.331555693,105,8.385,471.1,11.7,306150,389,3.365,103.65,14.55,89.1,41.46,17.29393939,20.47368421,0.868421053,2.5,16.5,19
212,2019,GR,1420,3.152288344,270,1.739034482,87,8.65,443.9,19.7,288280,310,2.6,104,30,74,3.466666667,27.46666667,8.266666667,0.2,30,7.5,37.5
143,2011,DL,1960,3.292256071,266,1.945919238,64,8.346666667,317.4,16.26666667,206466.6667,304,4.456666667,107.9,18.43333333,89.46666667,3.690992019,9.308544302,6.043737575,0.418820411,29.23333333,21.06666667,50.3
99,2020,DL,1590,3.201397124,266,1.81484064,89,,,,,253.3333333,,109.6666667,20,89.66666667,13.16,30.78571428,19.48717948,0.358974359,8.333333333,4.666666667,13
67,2012,DL,781,2.892651034,266,1.431934433,94,8.51,412.25,12.35,268100,355.545,2.33,112.27,8.47,103.8,36.99176277,17.00034941,20.49841453,0.82502162,3.035,14.31,17.345
268,2018,GR,2450,3.389166084,270,2.085774915,83,8.285,450.85,12.9,293150,368,3.48,114.2,24.9,89.3,14.4556962,10.575,11.53605016,0.752351097,7.9,24,31.9
536,2019,GR,1420,3.152288344,270,1.739034482,124,,,,,340,,118.6666667,16.66666667,102,5.085714287,3.102803738,3.591549296,0.753521127,23.33333333,71.33333334,94.66666667
241,2018,DL,2180,3.338456494,266,2.016159805,51,8.175,411.55,14,267500,348,2.895,120.05,19.85,100.2,13.72,10.52886836,11.44736842,0.712171053,8.75,21.65,30.4
517,2011,DL,1960,3.292256071,266,1.945919238,95,8.445,375.15,11.65,244050,331.5,2.475,121.75,7.5,114.25,8.952205882,13.57605178,11.41135972,0.531841652,13.6,15.45,29.05
78,2021,DL,590,2.770852012,266,1.304137726,79,,,,,330,,123,30,93,,12.17647059,19.41176471,1,,17,17
220,2019,DL,1280,3.10720997,266,1.688273399,121,8.205,462.55,13.75,300625,350,16.985,128,20,108,6.564102564,3.264705882,4,0.777142857,19.5,68,87.5
179,2022,DL,856,2.932473765,266,1.476377358,68,8.37,490.05,19.45,,300,1.345,129.5,15,114.5,68.15789474,16.88118812,25,0.841666667,1.9,10.1,12
154,2021,DL,590,2.770852012,266,1.304137726,101,,,,,310,,139,20,119,,14.25,25.83333333,1,,12,12
,2008,GR,,,,,,8.305,260.05,13.15,138250,500,18.4,140.5,30,110.5,,,,1,,126,126
423,2021,DL,590,2.770852012,266,1.304137726,46,,,,,335,,144,30,114,72,10.05263158,15.95238095,0.904761905,2,19,21
213,2010,GR,1980,3.29666519,270,1.942825561,5,7.93,298,15.9,154800,497,19.8,144.5,25.4,119.1,3.016701461,5.138483965,4.266094421,0.588841202,47.9,68.6,116.5
87,2018,DL,2180,3.338456494,266,2.016159805,77,,,,,394,,144.6333333,14.63333333,130,31.10394265,10.84989123,14.25814234,0.83172497,4.65,22.98333333,27.63333333
79,2022,DL,856,2.932473765,266,1.476377358,100,8.28,537.3,14.1,,395,1.94,149.5,,149.5,166.1111111,34.57746479,49.375,0.8875,0.9,7.1,8
91,2010,DL,1470,3.167317335,266,1.767984959,6,8.09,285,16.4,151600,479,13.9,154.5,25.1,129.4,3.941326531,4.408967391,4.246453901,0.65248227,39.2,73.6,112.8
152,2008,DL,957,2.980911938,266,1.532298702,13,8.435,291.5,13.85,154950,275,14.65,166.5,35,131.5,,,,1,,120,120
75,2015,DL,628,2.797959644,266,1.331555693,72,,,,,406,,169.3,9.666666667,159.6333333,72.04255318,23.20588236,32.35059761,0.812749004,2.35,10.2,12.55
397,2019,DL,1280,3.10720997,266,1.688273399,87,8.495,437.3,19.65,284375,345,2.92,172.5,30,142.5,6.052631579,,13.52941176,,28.5,,25.5
158,2017,GR,1840,3.264817823,270,1.89591132,90,8.23,487.1,10.9,316600,523,2.665,194.5,13.7,180.8,17.8440367,13.63070539,14.94285714,0.688571429,10.9,24.1,35
438,2013,DL,349,2.542825427,266,1.0947491,79,,,,,502.9166667,,196.9033334,18.31666667,178.5866667,22.91349884,29.02434397,26.28026476,0.550949312,8.593333333,10.54333334,19.13666667
430,2016,DL,507,2.705007959,266,1.23986797,115,8.205,476.95,11,309750,425.5,2.24,204.4,20.8,183.6,80.15686275,16.1978022,26.2654321,0.842592593,2.55,13.65,16.2
565,2013,DL,349,2.542825427,266,1.0947491,104,8.23,496.95,14.9,323050,451.905,4.055,213.875,15.045,198.83,24.65417867,19.65565648,21.74188116,0.582631706,8.675,12.11,20.785
226,2017,DL,1560,3.193124598,266,1.803353999,90,8.185,471.1,10.65,306150,513,2.2,222.75,10.1,212.65,65.51470588,20.08650519,28.7394958,0.80952381,3.4,14.45,17.85
444,2021,DL,590,2.770852012,266,1.304137726,124,,,,,400,,242,10,232,242,13.16666667,30.76923077,0.923076923,1,12,13
286,2017,DL,1560,3.193124598,266,1.803353999,65,,,,,530.6666667,,254.6666666,13.93333333,240.7333333,67.01754385,21.12244898,31.46245059,0.774703557,3.8,13.06666667,16.86666667
