,Group.1,Group.2,Chlorophyll.a..corrected.for.pheophytin,Weight,Aiish,Oxidation.reduction.potential..ORP.,Total.dissolved.solids,Turbidity,Temperature..water,Specific.conductance,pH,Dissolved.oxygen..DO.,Dissolved.oxygen.saturation,Ammonia,Nitrate...Nitrite,Orthophosphate,Total.Nitrogen..mixed.forms,Total.Phosphorus..mixed.forms,N/P
120,20-Aug,Clark Fork River above Flathead,16.75333333,8.275714286,2.024397261,,,1.18,18.7,241.35,8.24,8.485,,,0.008,0.003,,,
121,20-Sep,Clark Fork River above Flathead,16.49809524,8.197619048,2.012547197,,,1.705,13.85,260.95,8.13,9.44,,0.01,0.01075,0.004,,,
1602,21-Aug,Clark Fork River below Missoula,59.19047619,14.04761905,4.213559322,,,4.49,16.4,298.7,8.335,8.365,,0.02,0.0075,,,,
385,22-Sep,Clark Fork River above Missoula,95.71087619,40.71428571,2.35079345,,,3.73,14.9,319.15,8.365,11.88,,,,,,,
123,21-Aug,Clark Fork River above Flathead,19.4047619,9.538095238,2.034448328,,,2.25,18.1,251.3,8.36,8.95,,0.02,0.006,,,,
705,22-Sep,Clark Fork River at Deer Lodge,208.5242,201.6956522,1.033855702,,,1.94,14.1,537.3,8.28,8.045,,,0.1495,0.00045,,,
117,19-Aug,Clark Fork River above Flathead,11.84357143,6.433571429,1.840901521,,160.55,2.32,20.55,247.15,8.57,9.12,101.5,0.016666667,0.011666667,0.016666667,,,
80,8-Aug,Clark Fork River above Flathead,3.9,3.295,1.183611533,-77.2,117.3333333,1.363333333,19.46666667,221,8.676666667,8.593333333,93.7,0.0025,0.016,,,,
81,8-Sep,Clark Fork River above Flathead,13.3,4.15,3.204819277,-74,126,1.77,16.45,237,8.865,9.235,94.45,,0.014,,,,
337,8-Aug,Clark Fork River above Missoula,64.8,29.22,2.217659138,-47.7,146.3,1.636666667,16.2,276,8.273333333,7.88,79.93333333,0.01,0.008333333,,,,
118,19-Sep,Clark Fork River above Flathead,24.56,10.465,2.346870521,,172.95,5.19,15.2,265.6,8.46,9.26,92.35,0.01485,0.008,0.0105,,,
254,21-Sep,Clark Fork River above Little Blackfoot,144.8571429,46.80952381,3.094608342,,,1.985,10.55,509.45,8.52,13.315,,0.013333333,0.011333333,0.000666667,,,
381,21-Sep,Clark Fork River above Missoula,103.7619048,46.33333333,2.23946557,,,3.57,11.85,326.75,7.935,9.96,,0.005,,,,,
124,21-Sep,Clark Fork River above Flathead,50.76190476,19.23809524,2.638613861,,,2.635,13.45,269.7,8.305,9.54,,0.01,0.01,,,,
948,20-Sep,Clark Fork River at Huson,80.84666667,20.15380952,4.011483118,,,2.825,14.7,290.8,8.135,10.965,,0.013333333,0.047333333,0.005333333,,,
338,8-Sep,Clark Fork River above Missoula,80.19047619,19.74285714,4.061746261,-47.15,161.75,2.745,12.15,305,8.35,9.175,85.3,0.005,0.0085,,,,
1600,20-Sep,Clark Fork River below Missoula,116.3857143,24.88333333,4.677255765,,,3.38,14.05,298.35,8.04,9.64,,0.013333333,0.025,0.004,,,
955,22-Sep,Clark Fork River at Huson,68.8747619,23.04761905,2.988367769,,,2.265,15.65,279.9,8.24,12.57,,,0.0075,0.0014,,,
951,21-Sep,Clark Fork River at Huson,363.7142857,64.80952381,5.612049963,,,2.11,12.25,300.7,7.895,9,,0.01,0.0145,,,,
701,21-Sep,Clark Fork River at Deer Lodge,99.07142857,30.80952381,3.21561051,,,2.98,9.65,532.6,8.19,11.185,,0.01,0.119,,,,
704,22-Aug,Clark Fork River at Deer Lodge,175.9389958,87.08333333,2.020352105,,,1.345,19.45,490.05,8.37,,,0.015,0.1145,0.0019,,,
378,20-Sep,Clark Fork River above Missoula,92.82,36.91714286,2.514279081,,,3.915,13.85,324.95,8.12,9.94,,0.013333333,0.001,0.005666667,,,
947,20-Aug,Clark Fork River at Huson,35.84619048,11.68714286,3.067147455,,,1.995,18.6,266.35,8.075,8.7,,0.0045,0.023,0.002,,,
258,22-Sep,Clark Fork River above Little Blackfoot,99.26024091,102.8636364,0.9649692,,,1.195,15.7,524.55,8.48,12.59,,,,0.0013,,,
698,20-Sep,Clark Fork River at Deer Lodge,101.8771429,38.15952381,2.669769764,,,1.305,12.75,485.4,8.14,10.085,,0.013333333,0.089666667,0.008333333,,,
1559,8-Aug,Clark Fork River below Missoula,62.85,15.315,4.103819785,-55.26666667,145.4666667,2.593333333,15.86666667,265.6666667,8.443333333,8.353333333,84.16666667,0.04,0.042333333,,,,
1596,19-Aug,Clark Fork River below Missoula,42.2047619,14.3497619,2.94114719,,194.35,2.9,18.55,299.05,8.685,10.075,107.65,0.015,0.0445,0.0135,,,
374,19-Aug,Clark Fork River above Missoula,108.2,53.43619048,2.024844942,,197.655,2.195,18.05,303.85,8.52,9.745,103.45,0.01,,0.014,,,
944,19-Aug,Clark Fork River at Huson,27.6597619,8.614761905,3.210740147,,178.75,1.71,20.4,274.9,8.485,9.745,107.35,0.015,0.0425,0.0155,,,
1607,22-Sep,Clark Fork River below Missoula,116.1640619,21.04761905,5.519107014,,,3.055,15.05,313.25,8.295,11.375,,,0.033,0.0015,,,
380,21-Aug,Clark Fork River above Missoula,196.8571429,45.19047619,4.356164384,,,4.785,18.6,307.45,8.53,10.36,,0.02,,,,,
950,21-Aug,Clark Fork River at Huson,62.95238095,16.19047619,3.888235294,,,3.945,17.2,274.95,8.08,8.325,,0.02,0.01,,,,
1601,21-Jul,Clark Fork River below Missoula,57.33333333,16.38095238,3.5,,,2.045,17.6,262.35,8.44,8.47,,0.01,0.02,0.001,,,
527,8-Aug,Clark Fork River at Bonita,112.75,103.72,1.087061319,-63.93333333,260.6666667,3.263333333,16.76666667,491,8.626666667,8.533333333,87.9,,0.007333333,,,,
908,8-Sep,Clark Fork River at Huson,43.15,7.725,5.585760518,-68.9,137.65,2.205,13.95,259,8.73,9.21,90.3,,0.0305,,,,
907,8-Aug,Clark Fork River at Huson,11.05,6.205,1.780821918,-57.9,129,2.423333333,17.7,243.3333333,8.493333333,8.733333333,91.46666667,0.0075,0.0785,,,,
377,20-Aug,Clark Fork River above Missoula,119.3466667,117.93375,1.011980596,,,2.775,18.3,297.3,8.365,10.23,,0.0035,0.0015,0.0045,,,
945,19-Sep,Clark Fork River at Huson,68.1,17.25,3.947826087,,186.875,4.985,14.35,287.45,8.355,9.575,93.1,0.0175,0.02475,0.01,,,
576,22-Sep,Clark Fork River at Bonita,87.89594762,43.23809524,2.032835793,,,4.03,16.55,531.9,8.395,11.495,,,,0.00145,,,
700,21-Aug,Clark Fork River at Deer Lodge,139.5714286,37.19047619,3.752880922,,,3.03,16.8,514.05,8.43,11.18,,0.03,0.093,,,,
376,20-Jul,Clark Fork River above Missoula,39.09814815,68.23259259,0.573012789,,,8.16,18.65,257.5,8.18,8.965,,,,0.006,,,
697,20-Aug,Clark Fork River at Deer Lodge,182.8995833,50.64041667,3.611731407,,,2.425,16.6,444.65,8.115,8.93,,,0.077,0.007,,,
570,21-Jul,Clark Fork River at Bonita,186.2727273,137.1363636,1.35830295,,,2.61,21.65,548.7,8.67,8.88,,0.015,0.0025,0.005,,,
568,20-Aug,Clark Fork River at Bonita,69.39333333,27.51904762,2.521647344,,,3.015,19.55,481.15,8.4,9.635,,,,0.0085,,,
656,8-Aug,Clark Fork River at Deer Lodge,172.0714286,79.77142857,2.157055874,-73.5,242.6666667,2.09,16.03333333,457.3333333,8.853333333,9.266666667,96.86666667,0.003333333,0.056,,,,
571,21-Aug,Clark Fork River at Bonita,185,96.42857143,1.918518519,,,4.595,19.9,513.45,8.655,10.985,,0.02,,,,,
1605,22-Jul,Clark Fork River below Missoula,53.86095714,16.71428571,3.222450427,,,6.14,17.4,237.6,7.99,,,,0.01,0.004,,,
1560,8-Sep,Clark Fork River below Missoula,73.2,13.565,5.396240324,-62.95,161.75,3.385,11.25,304.5,8.655,9.31,84.85,0.016666667,0.046,,,,
575,22-Aug,Clark Fork River at Bonita,145.048281,39.71428571,3.652294844,,,4.39,22.4,519.9,8.475,,,0.013333333,0.005,0.003666667,,,
572,21-Sep,Clark Fork River at Bonita,185.7619048,66.61904762,2.7884203,,,4.66,11.95,528.4,8.45,10.97,,0.01,,4.00E-04,,,
250,20-Aug,Clark Fork River above Little Blackfoot,88.30541667,116.3870833,0.758721794,,,3.92,17.95,448.5,8.375,10.37,,,0.017,0.0115,,,
1599,20-Aug,Clark Fork River below Missoula,55.13571429,17.42095238,3.164908157,,,2.595,17.25,285.35,8.265,9.295,,,0.025,0.002,,,
699,21-Jul,Clark Fork River at Deer Lodge,120.4285714,41.9047619,2.873863636,,,2.77,19.35,453.15,8.44,9.505,,0.015,0.114,0.001,,,
209,8-Aug,Clark Fork River above Little Blackfoot,129.1,102.315,1.261789571,-68.43333333,250.6666667,1.643333333,16.3,471.3333333,8.386666667,8.8,89.9,0.003333333,0.006,,,,
251,20-Sep,Clark Fork River above Little Blackfoot,147.9741667,66.27791667,2.232631533,,,2.4,12.35,489.1,8.265,10.695,,0.013333333,0.036,0.013666667,,,
696,20-Jul,Clark Fork River at Deer Lodge,73.59190476,23.57571429,3.12151326,,,3.44,19.1,364.05,8.47,10.165,,,0.016,0.006,,,
569,20-Sep,Clark Fork River at Bonita,144.4933333,29.92238095,4.828938364,,,5.26,13.45,479.45,8.23,9.365,,0.013333333,,0.011,,,
694,19-Aug,Clark Fork River at Deer Lodge,188.9727273,75.89090909,2.490057499,,284.375,2.92,19.65,437.3,8.495,9.26,101.7,0.015,0.1425,0.0285,,,
657,8-Sep,Clark Fork River at Deer Lodge,200.85,45.145,4.448997674,-75.9,251,3.64,11.9,464,8.985,10.375,97.75,0.005,0.061,,,,
128,22-Sep,Clark Fork River above Flathead,20.48092381,9.674761905,2.116943446,,,1.835,15.05,255,8.24,10.48,,,0.011,5.00E-04,,,
567,20-Jul,Clark Fork River at Bonita,52.93952381,62.5047619,0.84696785,,,5.015,19.5,378.8,8.195,8.275,,,,0.009,,,
565,19-Aug,Clark Fork River at Bonita,117.65,55.81333333,2.107919255,,265.85,3.61,20.75,412,8.63,8.685,96.25,0.01,0.001,0.026666667,,,
127,22-Aug,Clark Fork River above Flathead,6.244185714,3.271428571,1.908703057,,,0.96,19.73333333,227.1333333,8.196666667,,,0.02,0.0165,0.012333333,,,
373,19-Jul,Clark Fork River above Missoula,119.8767857,77.9392381,1.538080031,,180.375,5.13,17.4,277.3,8.58,8.86,92.7,0.015,0.0025,0.0245,,,
253,21-Aug,Clark Fork River above Little Blackfoot,238.8571429,61.80952381,3.86440678,,,3.215,18.75,498.7,8.615,11.215,,0.03,0.004,0.003,,,
954,22-Aug,Clark Fork River at Huson,33.23849048,11.19047619,2.970248085,,,3.803333333,18.7,251.1666667,7.936666667,,,0.02,0.037333333,0.0015,,,
210,8-Sep,Clark Fork River above Little Blackfoot,134.8,36.17,3.726845452,-75.5,250.5,3.18,12.35,471,8.965,10.195,,0.01,0.041,,,,
257,22-Aug,Clark Fork River above Little Blackfoot,75.09674762,115.0952381,0.652474845,,,1.695,21,466.15,8.585,,,0.015,0.003,0.007,,,
693,19-Jul,Clark Fork River at Deer Lodge,188.5195767,62.41439153,3.020450446,,224.575,3.23,18.05,345.4,8.85,10.925,115.7,0.025,0.0295,0.0255,,,
252,21-Jul,Clark Fork River above Little Blackfoot,99.66666667,59.95238095,1.6624305,,,2.635,20.75,476.15,8.67,10.38,,0.016666667,0.001333333,0.004666667,,,
247,19-Aug,Clark Fork River above Little Blackfoot,128.1095238,49.40952381,2.592810332,,288.28,2.6,19.7,443.9,8.65,9.01,98.7,0.015,0.037,0.03,,,
528,8-Sep,Clark Fork River at Bonita,246.5,61.085,4.035360563,-60.55,249.5,5.465,13.05,470,8.66,9.65,90.2,0.005,0.005,,,,
383,22-Jul,Clark Fork River above Missoula,86.8108381,29,2.993477176,,,5.92,20.5,251.45,8.315,,,0.015,0.0105,0.0195,,,
564,19-Jul,Clark Fork River at Bonita,66.46297872,69.46544681,0.956777532,,275.275,4.51,18.65,423.5,8.58,8.18,87.55,0.01365,0.0025,0.039,,,
703,22-Jul,Clark Fork River at Deer Lodge,178.8945381,31.95238095,5.598785842,,,2.57,20.5,430.6,8.41,,,0.015,0.0135,0.002,,,
1597,19-Sep,Clark Fork River below Missoula,253.4,58.55,4.327924851,,211.1,9.695,13.6,323.65,8.275,9.255,89.4,0.015,0.0335,0.0165,,,
375,19-Sep,Clark Fork River above Missoula,101.85,29.71428571,3.427644231,,214.175,12.11,13.45,329.35,8.285,9.23,88.55,0.015,0.008,0.017,,,
256,22-Jul,Clark Fork River above Little Blackfoot,51.61791579,74.10526316,0.69654858,,,3.125,21.2,436.1,8.43,,,0.015,,0.021,,,
246,19-Jul,Clark Fork River above Little Blackfoot,24.71585869,34.47745098,0.716870244,,245.705,4.03,19.4,378.15,8.735,9.815,106.65,0.0137,,0.046,,,
574,22-Jul,Clark Fork River at Bonita,66.88216667,62.61904762,1.068080228,,,8.14,22.05,441,8.395,,,,0.0105,0.0225,,,
354,12-Sep,Clark Fork River above Missoula,63.28571429,27.42857143,2.307291667,222.4,182.65,1.415,11.75,280.9,8.345,9.66,,3.515,0.55,0.86,79.8175,4.45,17.93651685
346,10-Sep,Clark Fork River above Missoula,71.9826087,30.72727273,2.342629277,-31.76666667,162.3333333,2.28,13.26666667,304,7.723333333,9.063333333,,2.016666667,1.233333333,1.916666667,80.83333333,6.05,13.36088154
357,13-Sep,Clark Fork River above Missoula,93.38095238,37.95238095,2.460476788,-448.4,191.8,2.32,15.15,294.95,8.225,6.2,,6.494,0.968,2.226,73.4225,6.246,11.75512328
112,17-Sep,Clark Fork River above Flathead,20.43333333,11.72857143,1.742184328,208.55,162.85,1.435,14.55,250.4,8.215,9.27,90.7,12.33333333,21.8,,121.6666667,6.433333333,18.9119171
96,12-Aug,Clark Fork River above Flathead,6.904761905,7.685714286,0.898389095,94.43333333,134.9666667,0.823333333,19.06666667,207.6666667,8.486666667,8.306666667,,4.598,8.068,2.5,132.612,6.56,20.2152439
555,16-Jul,Clark Fork River at Bonita,159.4883721,153.8518605,1.036635967,206.2,302.3,0.94,17.3,465.15,8.135,6.68,69.5,6.025,1.225,0.925,158.75,6.6,24.0530303
350,11-Sep,Clark Fork River above Missoula,51.47619048,25.33333333,2.031954887,243.6,180,2.06,12.1,277,8.36,9.58,,2.2,0.725,3.4,,6.75,
364,16-Jul,Clark Fork River above Missoula,114.755814,76.10093023,1.507942329,204.8,160.55,1.195,17.4,247.05,8.28,7.195,75.15,,0.275,0.4,140.5,7.15,19.65034965
106,15-Sep,Clark Fork River above Flathead,57.85714286,26.14285714,2.213114754,115.9,156.65,1.955,14.25,240.5,8.48,9.03,88.2,2.44,4.84,,112,7.22,15.51246537
102,14-Aug,Clark Fork River above Flathead,17.39534884,10.00465116,1.738726174,175.6666667,154.6666667,1.44,19.2,237.7333333,8.176666667,8.4,,6.7,6.55,2.525,134,7.3,18.35616438
353,12-Aug,Clark Fork River above Missoula,79.66666667,36.9047619,2.158709677,102.6333333,165.9666667,1.696666667,16.7,255.1666667,8.35,8.303333333,,5.48,1.444,2.254,99.046,7.644,12.95735217
114,18-Aug,Clark Fork River above Flathead,14.4047619,7.566666667,1.903713027,9.85,155.35,0.98,17.95,239.15,8.33,8.545,90.1,5.875,18.25,,123.25,7.775,15.85209003
97,12-Sep,Clark Fork River above Flathead,12.04761905,7.066666667,1.704851752,123.6,137.5,1.235,15.25,211,8.55,8.815,,3.035,10.585,1.75,196.455,7.78,25.25128535
111,17-Aug,Clark Fork River above Flathead,8.823809524,4.395238095,2.007583965,201.95,144.6,0.9165,19,222.75,8.305,8.525,91.8,22.05,27.75,0.8,182.5,7.9,23.10126582
93,11-Sep,Clark Fork River above Flathead,14.95238095,6.666666667,2.242857143,240.95,145.25,1.29,14.95,223.5,8.505,9.1,,6.35,24.35,4.5,149,8.05,18.50931677
361,15-Jul,Clark Fork River above Missoula,116.8148148,91.59259259,1.27537404,119.75,146.2,1.86,18.75,224.7,8.23,7.02,74,10.475,1.275,0.4,128.75,8.175,15.74923547
942,18-Sep,Clark Fork River at Huson,28.75714286,7.357142857,3.908737864,40.15,180.1,1.92,14.35,277,8.24,9.265,91.1,16.63333333,22.13333333,1.7,145.3333333,8.3,17.51004016
85,9-Sep,Clark Fork River above Flathead,51.61904762,19.1,2.702567938,-74.26666667,132.6,1.36,20.16666667,249.3333333,8.5,8.6,,11.9625,6.725,2.3625,157,8.326666667,18.85508407
682,15-Aug,Clark Fork River at Deer Lodge,224.5909091,98.45454545,2.281163435,169.35,302.25,1.33,14.45,464.8,8.315,9.945,97.6,9.666666667,159.6333333,1.566666667,270.6666667,8.366666667,32.35059761
109,16-Sep,Clark Fork River above Flathead,7.857142857,8.59047619,0.914634146,130.25,152.45,1.52,14,234.4,8.375,7.75,78,6.9,6,1.025,142.75,8.425,16.94362018
88,10-Aug,Clark Fork River above Flathead,38.36363636,15.66666667,2.448742747,-71.76666667,125.5333333,1.39,22.9,235.6666667,8.413333333,8.356666667,,2.46,6.4,2.84,133.2,8.54,15.5971897
107,16-Jul,Clark Fork River above Flathead,8,4.20952381,1.900452489,162.35,124.8,0.86,18.8,192.05,8.345,8.415,90.3,21.1,9.6,1.2,133.5,8.7,15.34482759
98,13-Jul,Clark Fork River above Flathead,14.23809524,7.142857143,1.993333333,-437.5666667,137.5666667,1.083333333,20.8,211.6666667,8.453333333,9.21,,,11.60666667,3.883333333,154.5866667,8.866666667,17.43458647
115,18-Sep,Clark Fork River above Flathead,29.8047619,13.1047619,2.27434593,44.25,167.4,1.205,13.75,257.4,8.215,9.235,89.1,25.6,19.05,1,153.5,8.95,17.15083799
99,13-Aug,Clark Fork River above Flathead,15.57142857,7.25,2.147783251,-392,147.55,1.015,19.5,227,8.445,7.9,,4.365,10.405,3.53,151.32,9.04,16.73893805
1586,16-Jul,Clark Fork River below Missoula,240.7071429,66.88547619,3.598795382,51.9,159.25,1.63,16.75,244.85,8.34,7.395,76.05,5.266666667,7.533333333,1.666666667,109,9.233333333,11.80505415
84,9-Aug,Clark Fork River above Flathead,23.04761905,7.6,3.032581454,-75.26666667,125.3333333,1.3,20.43333333,236,8.676666667,8.68,,5.888,5.97,2.782,138.25,9.6475,14.33013734
1572,11-Sep,Clark Fork River below Missoula,39.33333333,8.428571429,4.666666667,243.55,179.7,2.08,12.35,276.55,8.395,9.615,,1.8,37.2,4.95,151.25,9.775,15.47314578
89,10-Sep,Clark Fork River above Flathead,36.90952381,24,1.537896825,-78.36666667,129.3333333,1.736666667,16.3,243.3333333,8.54,8.903333333,,3.133333333,9.166666667,3.2,157.6666667,9.8,16.08843537
934,16-Jul,Clark Fork River at Huson,33,12.92941176,2.552320291,154.7,136.15,1.37,19.65,209.4,8.355,9.35,102.75,15.53333333,28.33333333,1.433333333,133.6666667,9.933333333,13.45637584
552,15-Jul,Clark Fork River at Bonita,68.9047619,97.76190476,0.704822211,95.85,256.75,1.245,19.15,395,8.24,6.65,70.2,7.55,1.75,1.225,184,10,18.4
105,15-Aug,Clark Fork River above Flathead,36.25,20.2,1.794554455,137.9,137.5,1.04,18.5,211.55,8.525,8.235,87.9,9.2,5.45,,187,10.05,18.60696517
367,17-Jul,Clark Fork River above Missoula,24.30952381,15.63809524,1.554506699,234.95,164.45,2.34,18.9,253,8.175,8.645,93.35,14.9,1.333333333,2.8,112.6666667,10.1,11.15511551
939,17-Sep,Clark Fork River at Huson,35.18571429,12.17142857,2.89084507,217.4,178.75,2.1265,15.05,275.3,8.145,9.97,99.25,13.75,86.65,0.65,309,10.4,29.71153846
342,9-Sep,Clark Fork River above Missoula,148.0454545,41.71428571,3.549034869,-39.56666667,160.0666667,1.793333333,15.66666667,301.6666667,7.853333333,8.623333333,,10.395,3.246666667,2.31,161.6666667,10.66333333,15.16098781
368,17-Aug,Clark Fork River above Missoula,106.6142857,56.6,1.883644624,243.55,173.85,1.62,16.75,267.3,8.455,9.515,98.5,11.6,2.05,1,180,10.85,16.58986175
349,11-Aug,Clark Fork River above Missoula,14.9047619,6.523809524,2.284671533,205.7,156.4333333,2.156666667,15.4,240.7333333,8.383333333,8.996666667,,5.72,4.64,6.58,78.2,10.86,7.200736648
916,10-Sep,Clark Fork River at Huson,93.32857143,24.15,3.864537119,-68.73333333,143.0333333,3.753333333,14.63333333,268,8.38,9.136666667,,,21.8,2.42,176.2,11.54,15.26863085
359,14-Aug,Clark Fork River above Missoula,92.16666667,36.31666667,2.537861404,248,195.95,1.55,17.4,301.15,7.91,8.325,,12.65,1.9,4.3,151.5,11.55,13.11688312
241,17-Aug,Clark Fork River above Little Blackfoot,116.2428571,167.6380952,0.693415521,263.9,307.4,0.875,16.2,472.95,8.23,10.33,105,12.53333333,49.56666667,3.033333333,214,11.6,18.44827586
356,13-Aug,Clark Fork River above Missoula,74.38095238,34.47619048,2.157458564,-448.15,179.45,2.225,16.4,275.75,8.205,8.375,,12.99,2.025,3.33,155.005,11.65,13.30515021
544,12-Sep,Clark Fork River at Bonita,159.8571429,71.28571429,2.24248497,194.35,308.1,1.49,12.95,473.75,8.335,9.81,,,1.99,2.47,188.365,11.925,15.79580713
1589,17-Jul,Clark Fork River below Missoula,13.5047619,5.071428571,2.662910798,157.55,161.8,2.265,17.5,249.05,8.085,8.21,85.85,10.675,8.075,3.2,115.25,11.95,9.644351464
1576,12-Sep,Clark Fork River below Missoula,161.3809524,27.80952381,5.803082192,195.95,165.75,1.825,12.45,255.05,8.29,9.705,,4.643333333,41.55666667,2.033333333,198.46,12.23666667,16.21846908
92,11-Aug,Clark Fork River above Flathead,6.19047619,5.952380952,1.04,207.3,127.6333333,1.126666667,18.56666667,196.3666667,8.463333333,8.676666667,,5.94,4.2,3.62,94.892,12.24,7.752614379
925,13-Jul,Clark Fork River at Huson,9.333333333,3.523809524,2.648648649,-431.3,157.5666667,2.766666667,19.83333333,242.2333333,8.34,8.696666667,,7.784,45.42,3.066,192.618,12.288,15.67529297
372,18-Sep,Clark Fork River above Missoula,66.75714286,17.14285714,3.894166667,46.2,201.2,2.65,14.4,309.7,8.465,11.06,108.4,22.55,20.9,1.4,153.5,12.35,12.4291498
688,17-Aug,Clark Fork River at Deer Lodge,190.5857143,99.56190476,1.914243352,274.7,274,1.3,16,421.5,8.135,9.07,91.95,10.45,180.55,2.85,398,12.65,31.46245059
542,12-Jul,Clark Fork River at Bonita,216.1428571,122.7619048,1.760667184,130.1666667,265.6666667,1.72,19.26666667,408.6,8.42,9.056666667,,7.776666667,2.77,3.773333333,253.4066667,13.03666667,19.4379954
912,9-Sep,Clark Fork River at Huson,51.33333333,14.57894737,3.521058965,-67.6,141.5666667,2.296666667,18.9,266.3333333,8.393333333,8.563333333,,10.73,15.222,2.2275,226.5,13.0675,17.33307825
1578,13-Aug,Clark Fork River below Missoula,22.80952381,8.047619048,2.834319527,-457.7,176.1,2.91,17.4,271,8.36,8.475,,13.555,31.145,3.685,271.875,13.125,20.71428571
345,10-Aug,Clark Fork River above Missoula,120.95,50.28571429,2.405255682,-28.5,150.5,2.246666667,18.83333333,283,7.66,8.56,,7.45,2.65,4.925,141.75,13.2,10.73863636
1583,15-Jul,Clark Fork River below Missoula,228.125,64.375,3.54368932,117.6,144.3,1.465,18.9,222.05,8.395,7.59,79.7,3.75,11.45,2.3,206.5,13.2,15.64393939
936,16-Sep,Clark Fork River at Huson,70.33333333,15.6047619,4.507171193,145.7,165.1,2.695,14.45,254.15,8.305,8.41,85.7,17.35,63.55,1.2,207.5,13.2,15.71969697
1579,13-Sep,Clark Fork River below Missoula,81.42857143,14.47619048,5.625,-453.45,190.45,2.515,15.25,293.2,8.415,9.86,,10.225,31.7475,5.5625,170.1725,13.2225,12.8699187
369,17-Sep,Clark Fork River above Missoula,68.82857143,47.53333333,1.448006412,165.5,198.9,2.64,12.4,306.15,8.32,9.685,90.45,4.8,3.95,1.9,210.5,14,15.03571429
547,13-Aug,Clark Fork River at Bonita,111.952381,60.61904762,1.846818539,-446.95,329.9,2.455,17.55,507.5,8.315,8.895,,10.305,2.36,6.63,213.695,14.075,15.18259325
920,11-Sep,Clark Fork River at Huson,60,10.66666667,5.625,241.65,156.65,1.85,14.05,241.1,8.4,9.485,,11.05,36,4.95,215,14.25,15.0877193
938,17-Aug,Clark Fork River at Huson,24.59047619,8.542857143,2.878483835,201.05,157.95,1.7025,19.4,242.9,8.2,8.925,97.05,14.75,56.3,1.7,256.5,14.35,17.87456446
676,13-Aug,Clark Fork River at Deer Lodge,331.4482759,110.5714286,2.997594226,-424.25,325.3,2.805,17,500.25,8.255,10.925,,13.7375,133.94,6.445,377.1875,14.3525,26.28026476
1594,18-Sep,Clark Fork River below Missoula,148.3619048,23.26666667,6.376586165,29.95,201.85,1.89,14.15,310.6,8.24,10.125,98.35,20.46666667,38.23333333,2.266666667,221.3333333,14.46666667,15.29953917
924,12-Sep,Clark Fork River at Huson,47.33333333,9.380952381,5.045685279,138.05,149.55,2.235,14.7,230.1,8.42,9.695,,,44.07,1.69,217.97,14.515,15.01687909
559,17-Aug,Clark Fork River at Bonita,25.86190476,16.04285714,1.612051054,247.8,329.85,1.64,17.85,507.45,8.305,9.31,98.4,15.2,6.95,1.95,272.5,14.7,18.53741497
929,14-Aug,Clark Fork River at Huson,22.30952381,8.264285714,2.699510228,209.1666667,166.4,1.646666667,19.23333333,255.9,8.083333333,9.203333333,,7.266666667,21.4,4.2,170.6666667,15.2,11.22807018
923,12-Aug,Clark Fork River at Huson,10.85714286,1.523809524,7.125,129.4333333,149.0666667,2.163333333,18,229.3666667,8.376666667,8.77,,7.1025,33.655,3.2625,222.9975,15.3475,14.52989086
371,18-Aug,Clark Fork River above Missoula,97.54761905,22.12380952,4.409169178,7.95,183.95,1.505,17.05,283.15,8.375,9.57,98.85,11.8,3.9,3.3,138.5,15.45,8.964401294
1590,17-Aug,Clark Fork River below Missoula,24.99047619,6.585714286,3.794649313,248.85,177.45,1.785,16.5,273,8.185,8.39,86,12.55,31.8,3.9,196,15.6,12.56410256
362,15-Aug,Clark Fork River above Missoula,61.76190476,22.04761905,2.801295896,175.9,185.9,3.005,16.5,286,7.985,7.735,79.2,17.25,2.6,0.9,265,15.7,16.87898089
1568,10-Sep,Clark Fork River below Missoula,138.8285714,31.95,4.345182204,-61.33333333,161.3333333,3.986666667,13.06666667,303.6666667,8.236666667,8.963333333,,25.54,47.4,5.48,211.8,15.72,13.47328244
1575,12-Aug,Clark Fork River below Missoula,32.76190476,12.04761905,2.719367589,168.9333333,160.1,2.576666667,16.13333333,246.5,8.25,8.993333333,,6.84,35.91666667,5,215.63,15.75,13.69079365
686,16-Sep,Clark Fork River at Deer Lodge,260.6904762,81.25,3.208498168,233.95,309.75,2.24,11,476.95,8.205,8.46,76.4,20.8,183.6,2.55,425.5,16.2,26.2654321
341,9-Aug,Clark Fork River above Missoula,116.952381,33.7,3.470397061,-36.3,152.2333333,2.47,18.06666667,286.3333333,7.993333333,8.41,,7.4225,4.89,4.035,161,16.46,9.781287971
679,14-Aug,Clark Fork River at Deer Lodge,225.0666667,65.13333333,3.455475947,204.1,292.2,2.65,18.6,449.55,8.335,10.415,,10.76666667,41.4,7.166666667,213.3333333,16.63333333,12.8256513
911,9-Aug,Clark Fork River at Huson,39.19047619,9.6,4.08234127,-62.36666667,136.6333333,3.116666667,19.36666667,257,8.473333333,8.176666667,,10.92666667,48.61333333,5.17,263.6666667,16.75333333,15.73816156
1591,17-Sep,Clark Fork River below Missoula,175.8380952,47.01904762,3.739720478,200.55,197,3.085,12.15,303.2,8.09,9.12,84.65,4.55,28.1,4.1,228.5,16.95,13.48082596
941,18-Aug,Clark Fork River at Huson,26.85714286,10.13809524,2.649131047,14.55,166.1,2.145,17.3,255.6,8.165,9.05,94.55,15.8,58.45,1.8,234.5,17.1,13.71345029
673,12-Sep,Clark Fork River at Deer Lodge,180.7142857,58.33333333,3.097959184,181.75,268.1,2.33,12.35,412.25,8.51,10.6,,4.235,103.8,3.035,355.545,17.345,20.49841453
1593,18-Aug,Clark Fork River below Missoula,38.46190476,10.37142857,3.708448118,2.65,185.6,2.31,15.8,285.65,8.335,8.935,90.15,20.5,28.65,4.85,180.5,17.45,10.34383954
919,11-Aug,Clark Fork River at Huson,16.80952381,6.8,2.471988796,218.7,142.5666667,2.17,17.86666667,219.2666667,8.323333333,8.956666667,,10.18,37.26,5.66,162.876,17.46,9.328522337
933,15-Sep,Clark Fork River at Huson,93.76190476,14.04761905,6.674576271,118.5,169.95,2.905,13.85,261.3,8.52,10.21,98.9,10.4,29.45,0.9,249,17.55,14.18803419
932,15-Aug,Clark Fork River at Huson,7.15,3.05,2.344262295,118.65,150.5,2.045,19.2,231.6,8.51,9.35,101.85,11.55,18.2,1.7,220.5,17.8,12.38764045
689,17-Sep,Clark Fork River at Deer Lodge,76.86666667,61.25238095,1.254917204,217.1,306.15,2.2,10.65,471.1,8.185,10.785,97.2,5.05,212.65,3.4,513,17.85,28.7394958
926,13-Aug,Clark Fork River at Huson,22.85714286,4.238095238,5.393258427,-441.75,160.9,3.835,17.4,247.7,8.365,8.585,,4.975,39.79,3.495,273.57,17.855,15.32175861
235,15-Aug,Clark Fork River above Little Blackfoot,312.1904762,183.5714286,1.700648508,124.05,310.4,1.585,14.35,477.4,8.21,9.81,96.2,14.675,5.925,5.2,212.5,18.025,11.78918169
661,9-Sep,Clark Fork River at Deer Lodge,502.9047619,91.8,5.47826538,-77.56666667,231,2.24,17.66666667,434.6666667,8.503333333,9.87,,11.88666667,57.91666667,6.63,289.6666667,18.27,15.85477103
683,15-Sep,Clark Fork River at Deer Lodge,158.3809524,50.85714286,3.11423221,150.45,306.15,3.365,11.7,471.1,8.385,10.005,92.3,14.55,89.1,2.5,389,19,20.47368421
1582,14-Sep,Clark Fork River below Missoula,123.6666667,19.53809524,6.329514989,232.4,218.4,2.675,13.3,336,8.085,10.12,,12.95,27.15,8.5,221,19.25,11.48051948
1584,15-Aug,Clark Fork River below Missoula,100.2380952,24.76190476,4.048076923,177.15,182.95,2.9,16.3,281.5,8.345,7.815,79.75,12.1,21.55,2.1,227.5,19.25,11.81818182
684,16-Jul,Clark Fork River at Deer Lodge,389.1023256,118.6211628,3.28021001,231.7,260.3,1.9,16.05,400.2,8.285,9.045,91.9,6,38.7,3.6,294.5,19.4,15.18041237
1567,10-Aug,Clark Fork River below Missoula,66.4047619,19.5,3.405372405,-45.16666667,147.2666667,2.81,18.43333333,277,7.993333333,8.37,,9.933333333,46.46666667,6.233333333,233,19.66666667,11.84745763
681,15-Jul,Clark Fork River at Deer Lodge,188.9047619,74.19047619,2.546213094,107.15,230.1,2.565,17.8,354.05,8.305,7.59,77.4,10.85,50.3,4.2,328.5,19.7,16.6751269
1563,9-Aug,Clark Fork River below Missoula,38,10.75,3.534883721,-57.96666667,146.9666667,3.52,17.2,277.3333333,8.386666667,8.076666667,,8.28,44.78,5.31,228.3333333,19.83333333,11.51260504
1580,14-Jul,Clark Fork River below Missoula,39.95238095,13.24285714,3.016900396,-129.15,148.85,3.79,16.95,228.75,8.13,9,,,9.3,8.25,145,20.25,7.160493827
363,15-Sep,Clark Fork River above Missoula,76.0952381,27.95238095,2.722316865,139.6,196.9,4.785,12.65,303.3,8.13,8.85,83.4,7.15,,0.85,232,20.3,11.42857143
915,10-Aug,Clark Fork River at Huson,63.74545455,20.42857143,3.120406866,-57.56666667,139.8,3.526666667,21.73333333,263,8.18,8.323333333,,9.933333333,43.96666667,4.266666667,245.3333333,20.46666667,11.98697068
229,13-Aug,Clark Fork River above Little Blackfoot,196.8888889,107.0740741,1.8388101,-426.7,316.2,1.52,16.55,486.6,8.385,11.665,,5.645,1.03,12.2525,201.9675,20.6425,9.784062008
1585,15-Sep,Clark Fork River below Missoula,76.33333333,16.33333333,4.673469388,152.2,195.6,4.76,13.5,300.85,8.435,8.6,82.6,5.5,20.65,2.8,251,20.65,12.15496368
692,18-Sep,Clark Fork River at Deer Lodge,74.23333333,28.5952381,2.596003331,64.05,287.35,2.74,11.45,441.9,8.16,9.695,88.85,10.975,97.5,4.65,295.5,20.725,14.25814234
677,13-Sep,Clark Fork River at Deer Lodge,168.1153846,80.96153846,2.076484561,-435.55,323.05,4.055,14.9,496.95,8.23,10.325,,15.045,198.83,8.675,451.905,20.785,21.74188116
214,9-Sep,Clark Fork River above Little Blackfoot,126.2857143,60.65,2.082204687,-66.86666667,237.3333333,2.326666667,17.73333333,446.6666667,8.35,8.793333333,,8.43,6.05,8.946666667,233.6666667,20.80666667,11.23037488
1571,11-Aug,Clark Fork River below Missoula,44.28571429,13.0952381,3.381818182,255.0666667,155.5333333,2.1,16.1,239.2666667,8.396666667,8.933333333,,24.56666667,30.76666667,10.46666667,171.6666667,20.93333333,8.200636943
244,18-Aug,Clark Fork River above Little Blackfoot,72.15714286,44.58571429,1.618391541,14.05,272,1.815,16.05,418.55,8.505,11.425,116.1,19.4,49.4,5.725,253,21.05,12.01900238
553,15-Aug,Clark Fork River at Bonita,179.15,151.9,1.179394338,119.9,327.6,4.165,16.25,504.25,8.215,7.94,80.9,13.15,2.85,0.95,261,21.15,12.34042553
1588,16-Sep,Clark Fork River below Missoula,285.7619048,51.02380952,5.600559963,150.3,188.8,5.39,12.1,290.4,8.27,,,16.85,31.25,1.7,210,21.85,9.610983982
563,18-Sep,Clark Fork River at Bonita,65.22857143,14.67619048,4.444516548,55.35,299,2.8,15.15,459.65,8.455,11.725,116.8,32.85,4.3,2.45,240,21.85,10.98398169
558,17-Jul,Clark Fork River at Bonita,17.5952381,19.4952381,0.902540303,238.65,289.55,2.985,19.85,445.25,8.26,8.325,91.55,11.63333333,3.133333333,8.433333333,150,22.03333333,6.807866868
226,12-Sep,Clark Fork River above Little Blackfoot,147.7619048,57.0952381,2.587989992,182.45,284.7,2.275,11.75,438.15,8.465,10.95,,,,3.5,270.37,22.42,12.05932203
239,16-Sep,Clark Fork River above Little Blackfoot,125.1761905,52.92285714,2.365257608,77.75,317.8,1.21,11.2,489.15,8.24,8.65,78,24.15,34.9,7.45,293.5,22.7,12.92951542
232,14-Aug,Clark Fork River above Little Blackfoot,93.48888889,103.5977778,0.902421759,198.15,280.5,2.145,18.55,431.2,8.105,10.63,,6.125,1.65,13.225,197.5,23.55,8.38641189
687,17-Jul,Clark Fork River at Deer Lodge,105.9761905,53.1,1.995785131,212.85,236.25,2.29,18.6,363.45,8.22,8.575,91.75,12.75,27.25,8.1,259.5,24,10.8125
532,9-Sep,Clark Fork River at Bonita,225.6190476,56.35,4.003887269,-68.46666667,251,3.64,16.76666667,472.6666667,8.373333333,9.063333333,,11.06333333,7.983333333,10.10666667,246,24.04,10.23294509
1564,9-Sep,Clark Fork River below Missoula,360.7619048,40.7,8.863928864,-62.33333333,162.7666667,2.133333333,15.6,307,8.306666667,8.573333333,,14.858,41.462,12.128,247.75,27.225,9.100091827
548,13-Sep,Clark Fork River at Bonita,119.6190476,63.47619048,1.884471118,-445.55,338,7.23,15.75,520,8.28,8.29,,11.295,1.225,7.01,236.165,28.765,8.210151225
669,11-Sep,Clark Fork River at Deer Lodge,38.05,9.523809524,3.99525,250.55,244.05,2.475,11.65,375.15,8.445,10.065,,7.5,114.25,13.6,331.5,29.05,11.41135972
536,10-Sep,Clark Fork River at Bonita,138.3571429,82.45,1.678073291,-58.46666667,245,3.666666667,14.3,455.6666667,8.206666667,9.546666667,,4,2.9,11.8,234,29.2,8.01369863
660,9-Aug,Clark Fork River at Deer Lodge,181.047619,51.1,3.543006244,-76.36666667,217,3.546666667,19.5,409,8.766666667,9.416666667,,9.59,68.87333333,11.37,335,29.22333333,11.46344245
230,13-Sep,Clark Fork River above Little Blackfoot,150.0689655,71.71428571,2.092595137,-411.05,324.35,2.085,14.9,499.15,8.265,10.1,,9.04,9.025,16.175,271.77,29.835,9.10910005
691,18-Aug,Clark Fork River at Deer Lodge,46.92380952,26.91904762,1.743145233,19.05,267.5,2.895,14,411.55,8.175,9.64,93.6,19.85,100.2,8.75,348,30.4,11.44736842
234,15-Jul,Clark Fork River above Little Blackfoot,75.12,135.88,0.552840742,101.7,245.7,1.885,17.35,377.7,8.225,7.96,81,8.7,1.65,10.85,317.5,31.35,10.12759171
236,15-Sep,Clark Fork River above Little Blackfoot,129.1904762,45.85714286,2.817237799,116.65,313.65,3.71,11.5,482.45,8.2,9.205,84.5,6.95,26.65,5.5,366,31.6,11.58227848
245,18-Sep,Clark Fork River above Little Blackfoot,218.3571429,66.56190476,3.280512234,61.75,293.15,3.48,12.9,450.85,8.285,11.13,105.5,24.9,89.3,7.9,368,31.9,11.53605016
222,11-Sep,Clark Fork River above Little Blackfoot,46.61904762,11.9047619,3.916,242.75,248.95,2.82,11.8,383.05,8.565,11.215,,12.7,56.4,15.65,304.5,32.3,9.427244582
560,17-Sep,Clark Fork River at Bonita,58.45238095,31.16190476,1.875764059,192.85,329.2,5.275,12.9,506.3,8.225,9.495,89.6,5.7,10.95,6.75,334.5,32.8,10.19817073
550,14-Aug,Clark Fork River at Bonita,126.4318182,77.39772727,1.633533989,236.85,346.45,3.135,18.65,533,8.25,8.74,,17.65,4.55,17.25,230.5,33.5,6.880597015
671,12-Jul,Clark Fork River at Deer Lodge,110.0952381,50.04761905,2.199809705,112.1666667,227.9,3.043333333,18.96666667,350.7333333,8.386666667,8.816666667,,8.55,51.556,10.084,269.3,33.502,8.03832607
562,18-Aug,Clark Fork River at Bonita,8.123809524,9.323809524,0.871297242,6,291.2,2,17.95,447.65,8.385,9.62,101.2,4.45,4.7,11.8,216,33.65,6.419019316
242,17-Sep,Clark Fork River above Little Blackfoot,77.34090909,139.9227273,0.552740149,214.5,316.6,2.665,10.9,487.1,8.23,10.875,98.55,13.7,180.8,10.9,523,35,14.94285714
213,9-Aug,Clark Fork River above Little Blackfoot,102.2047619,95.22,1.073353937,-68.6,228,2.81,19.36666667,429.3333333,8.603333333,8.983333333,,7.573333333,14.30666667,15.94,262,35.73666667,7.331405652
240,17-Jul,Clark Fork River above Little Blackfoot,22.66666667,18.48571429,1.226172076,215.2,258.7,2.15,19,398.05,8.235,8.725,94.25,13.5,2.5,15.1,284.5,35.85,7.935843794
535,10-Aug,Clark Fork River at Bonita,58.89,65.25,0.902528736,-51.33333333,231.3333333,2.79,19.73333333,436,8.073333333,8.536666667,,5.1,3.966666667,20.6,217.6666667,36.3,5.996326905
531,9-Aug,Clark Fork River at Bonita,144.8571429,111.7,1.296841028,-59.86666667,228.6666667,5.643333333,18.9,430.3333333,8.46,8.5,,7.59,9.03,11.21333333,261,36.39666667,7.170986354
554,15-Sep,Clark Fork River at Bonita,57.04761905,26.52380952,2.150807899,103.9,311.7,7.275,13,479.75,8.355,8.625,81.9,7.2,1.7,5.05,353.5,37,9.554054054
218,10-Sep,Clark Fork River above Little Blackfoot,119.4666667,59.95,1.992771754,-72.03333333,226.3333333,3.786666667,14.53333333,426.3333333,8.443333333,10.14666667,,3.433333333,33.56666667,18.13333333,281,37.63333333,7.466784765
665,10-Sep,Clark Fork River at Deer Lodge,155.67,46,3.384130435,-75.13333333,220.6666667,4.18,14.9,415,8.513333333,9.973333333,,8.466666667,70.03333333,20.46666667,323,37.9,8.522427441
224,12-Jul,Clark Fork River above Little Blackfoot,85.19047619,72.61904762,1.173114754,111.3333333,265.8666667,2.1,19.06666667,408.8666667,8.383333333,9.24,,7.094,0.356,15.506,232.52,38.462,6.045447455
539,11-Aug,Clark Fork River at Bonita,26.57142857,14.0952381,1.885135135,223.6666667,242.6666667,2.816666667,17.1,373.1333333,8.356666667,8.413333333,,5.4,5.233333333,23.3,182.3333333,39.6,4.604377104
540,11-Sep,Clark Fork River at Bonita,59.61904762,16.38095238,3.639534884,251.7,277.25,3.77,13.05,426.6,8.43,9.645,,6.2,3.55,19.4,235.5,41.35,5.69528416
237,16-Jul,Clark Fork River above Little Blackfoot,195.4755556,170.2084444,1.148448047,209.2,284.7,1.37,15.55,438.3,8.15,8.67,87,10.95,1.25,23.1,285,43.25,6.589595376
557,16-Sep,Clark Fork River at Bonita,96.27272727,60.10454545,1.601754519,214.35,323.05,9.525,13,496.95,8.52,8.14,77.2,19.1,2.3,7.75,288,47.75,6.031413613
668,11-Aug,Clark Fork River at Deer Lodge,66.19047619,16.23809524,4.076246334,218.6,206.4666667,4.456666667,16.26666667,317.4,8.346666667,8.956666667,,18.43333333,89.46666667,29.23333333,304,50.3,6.043737575
365,16-Aug,Clark Fork River above Missoula,67.76190476,28.48571429,2.378803076,-4,171.9,,16.05,264.65,8.245,7.795,79.2,19.8,10.95,1.25,321,50.7,6.331360947
221,11-Aug,Clark Fork River above Little Blackfoot,50.66666667,13,3.897435897,217.8666667,216.2333333,3.386666667,16.9,332.5666667,8.446666667,9.713333333,,14.3,65.8,31.5,305,51.56666667,5.914673562
664,10-Aug,Clark Fork River at Deer Lodge,49.64285714,31.5,1.575963719,-70.03333333,204.7,7.046666667,19.9,385.6666667,8.403333333,8.93,,4.733333333,47.3,33.36666667,319.3333333,78.73333333,4.055884843
217,10-Aug,Clark Fork River above Little Blackfoot,59.016,61.91304348,0.953207865,-63.66666667,213,,20.13333333,401,8.266666667,8.886666667,,8.8,14.6,37.63333333,363.3333333,88.53333333,4.103915663
227,13-Jun,Clark Fork River above Little Blackfoot,60.39130435,59.375,1.017116705,,,,,,,,,,,,,,
545,13-Jun,Clark Fork River at Bonita,99,78.0952381,1.267682927,,,,,,,,,,,,,,
674,13-Jun,Clark Fork River at Deer Lodge,244.9,71.35,3.432375613,,,,,,,,,,,,,,
