,Site,ActivityStartDate,NH4_mg_L,DIN_mg_L,SRP__mg_L,pH,SPC,Temp_oC,TDS,TN_mg_L,TP_mg_L,TURBIDITY,Q_CFS.x,Q_CFS.y,Days.Since.Freshet,Q.Anomaly,AFDM,CHLa
82,BM,8/15/2008,0.033333333,0.032333333,NA,8.52,249.3333333,16.33333333,134.65,0.225,0.013333333,3.896666667,35500,2150,81,4.063450247,15.315,62.85
83,BM,9/13/2008,0.028333333,0.044166667,NA,8.52,285.0833333,13.55833333,153.6083333,0.225,0.013333333,2.989166667,35500,2150,110,4.063450247,13.565,73.2
96,BM,8/9/2009,0.007073333,0.032798333,0.007435,8.223333333,259.8333333,16.68333333,137.8166667,0.222916667,0.019833333,3.883333333,35300,2150,68,4.051987741,10.75,38
97,BM,9/8/2009,0.011569,0.043121,0.008719,8.223333333,292.1666667,16.4,154.8666667,0.222916667,0.019833333,2.826666667,35300,2150,99,4.051987741,40.7,360.7619048
110,BM,8/6/2010,0.00925,0.034783333,0.007583333,7.793333333,256.1666667,18.13333333,136.2333333,0.2431875,0.019666667,3.126666667,23100,2150,61,3.277832523,20.52631579,66.4047619
111,BM,9/9/2010,0.020929167,0.052858333,0.006541667,7.793333333,290.3333333,15.75,154.3,0.2431875,0.019666667,3.398333333,23100,2150,95,3.277832523,31.95,138.8285714
125,BM,8/10/2011,0.018116667,0.026616667,0.011366667,8.3,221.2833333,15.3,143.8666667,0.186333333,0.020933333,4.933333333,46600,2150,61,4.655579299,13.0952381,44.28571429
124,BM,9/13/2011,0.015883333,0.040183333,0.008533333,8.3,257.9083333,14.225,167.6166667,0.186333333,0.020933333,2.09,46600,2150,93,4.655579299,8.428571429,39.33333333
138,BM,8/12/2012,0.01567,0.02843,0.00589,8.263333333,238.8166667,17.05,155.1166667,0.211651667,0.01575,2.208333333,33700,2150,103,3.959093154,12.04761905,32.76190476
139,BM,9/6/2012,0.0086125,0.038736667,0.003516667,8.263333333,250.775,14.29166667,162.925,0.211651667,0.01575,2.200833333,33700,2150,130,3.959093154,27.80952381,161.3809524
155,BM,8/8/2013,0.0136725,0.02705,0.0035125,8.345,258.95,18.175,168.325,0.238280556,0.013125,2.49,25600,2150,83,3.450648743,8.047619048,22.80952381
156,BM,9/9/2013,0.013594167,0.0367375,0.005550833,8.345,282.1,16.325,183.275,0.238280556,0.013125,2.7125,25600,2150,115,3.450648743,14.47619048,81.42857143
163,BM,7/20/2014,NA,0.0093,0.00825,8.13,228.75,16.95,148.85,0.175,0.01435,3.79,33400,2150,58,3.941431684,14.63684211,44.15789474
164,BM,9/6/2014,0.0118,0.0244,0.006875,8.13,308.925,15.375,200.675,0.175,0.01435,2.335,33400,2150,101,3.941431684,19.53809524,123.6666667
183,BM,7/9/2015,0.0075,0.01145,0.0023,8.395,222.05,18.9,144.3,0.228333333,0.01925,1.465,15200,2150,32,2.658903428,64.375,228.125
182,BM,8/8/2015,0.0098,0.0165,0.0022,8.395,251.775,17.6,163.625,0.228333333,0.01925,2.1825,15200,2150,64,2.658903428,24.76190476,100.2380952
181,BM,9/12/2015,0.01155,0.0211,0.00245,8.395,291.175,14.9,189.275,0.228333333,0.01925,3.83,15200,2150,99,2.658903428,16.33333333,76.33333333
196,BM,7/14/2016,0.0079,0.0113,0.001666667,8.34,244.85,16.75,159.25,0.214,0.0232,1.63,16800,2150,65,2.795344968,70.22975,252.7425
197,BM,9/8/2016,0.012925,0.0315,0.00205,8.34,275.925,13.425,179.375,0.214,0.0232,5.965,16800,2150,120,2.795344968,51.02380952,285.7619048
214,BM,7/13/2017,0.010675,0.010766667,0.004266667,8.085,249.05,17.5,161.8,0.192722222,0.0156,2.265,29200,2150,26,3.685294472,5.071428571,13.5047619
215,BM,8/10/2017,0.0116125,0.021283333,0.004083333,8.085,261.025,17,169.625,0.192722222,0.0156,2.025,29200,2150,56,3.685294472,6.585714286,24.99047619
216,BM,9/7/2017,0.010825,0.02995,0.004,8.085,288.1,14.325,187.225,0.192722222,0.0156,2.435,29200,2150,83,3.685294472,47.01904762,175.8380952
229,BM,8/10/2018,0.03095,0.021475,0.006775,8.17,269.275,16.75,175,0.193944444,0.01745,2.755,51200,2150,90,4.879954251,11.46315789,42.51052632
230,BM,9/12/2018,0.020483333,0.033441667,0.003558333,8.17,298.125,14.975,193.725,0.193944444,0.01745,2.1,51200,2150,123,4.879954251,23.26666667,148.3619048
244,BM,8/8/2019,0.025,0.032083333,0.021583333,8.485,285.525,17.425,185.74,0.165555556,0.014,3.6425,34000,2150,81,3.976676186,15.06725,44.315
245,BM,9/9/2019,0.0225,0.039,0.015,8.485,311.35,16.075,202.725,0.165555556,0.014,6.2975,34000,2150,112,3.976676186,58.55,253.4
261,BM,8/11/2020,NA,0.017,0.0045,8.255,269.325,17.9,NA,0.147222222,0.0205,3.3925,37300,2150,77,4.165193538,17.42095238,55.13571429
262,BM,9/10/2020,0.02,0.025,0.005,8.255,291.85,15.65,NA,0.147222222,0.0205,2.9875,37300,2150,107,4.165193538,24.88333333,116.3857143
279,BM,7/16/2021,0.02,0.02,0.001,8.44,262.35,17.6,NA,0.151111111,0.007,2.045,28200,2150,40,3.621640384,16.38095238,57.33333333
278,BM,8/16/2021,0.02,0.0175,0.001,8.44,280.525,17,NA,0.151111111,0.007,3.2675,28200,2150,65,3.621640384,14.04761905,59.19047619
295,BM,7/20/2022,NA,0.01,0.004,7.99,237.6,17.4,NA,0.181666667,0.031666667,6.14,28700,2150,40,3.653606056,16.71428571,53.86095714
296,BM,9/11/2022,0.02,0.033,0.01,7.99,289.975,17.725,NA,0.181666667,0.031666667,3.230833333,28700,2150,87,3.653606056,21.04761905,116.1640619
77,BN,8/10/2008,0.02,0.005833333,NA,8.553333333,439.3333333,17.73333333,233.35,0.266666667,0.015,3.835,3100,2830,65,1.046616625,103.72,112.75
76,BN,9/9/2008,0.01,0.006166667,NA,8.553333333,480.5,14.90833333,255.0833333,0.266666667,0.015,4.364166667,3100,2830,93,1.046616625,61.085,259.4736842
90,BN,8/7/2009,0.008523333,0.00616125,0.015671667,8.176666667,399,18.51666667,211.9666667,0.26075,0.036396667,7.168333333,3700,2830,73,1.143424897,111.7,144.8571429
91,BN,9/7/2009,0.009326667,0.008506667,0.01066,8.176666667,451.5,17.83333333,239.8333333,0.26075,0.036396667,4.641666667,3700,2830,104,1.143424897,56.35,225.6190476
105,BN,8/6/2010,0.008625,0.005770833,0.0214,7.88,399.5,19.1,212.0666667,0.279229167,0.0363,3.798333333,4130,2830,48,1.208041372,68.68421053,61.98947368
104,BN,9/9/2010,0.006825,0.003433333,0.0162,7.88,445.8333333,17.01666667,238.1666667,0.279229167,0.0363,3.228333333,4130,2830,83,1.208041372,82.45,138.3571429
119,BN,8/9/2011,0.009216667,0.01155,0.024183333,8.26,336.4166667,16.9,218.7166667,0.232388889,0.0396,7.581666667,7740,2830,59,1.653778199,16.44444444,34.875
118,BN,9/10/2011,0.00715,0.004391667,0.02135,8.26,399.8666667,15.075,259.9583333,0.232388889,0.0396,3.293333333,7740,2830,90,1.653778199,17.2,69.55555556
132,BN,7/24/2012,0.008898333,0.002898333,0.013656667,8.42,361.525,16.88333333,235.0583333,0.258020417,0.022826667,3.64,2180,2830,88,0.877677629,122.7619048,216.1428571
133,BN,9/4/2012,0.00976,0.00576,0.004168333,8.42,464.475,15.225,302.0333333,0.258020417,0.022826667,2.57,2180,2830,128,0.877677629,71.28571429,167.85
148,BN,6/28/2013,0.018076667,0.011175,0.00556,8.3,446.4,19,289.9,0.253377778,0.014075,2.075,1080,2830,28,0.617758401,78.0952381,99
147,BN,8/9/2013,0.014190833,0.0067675,0.006095,8.3,476.95,18.275,309.9,0.253377778,0.014075,2.265,1080,2830,68,0.617758401,60.61904762,111.952381
149,BN,9/6/2013,0.0108,0.0017925,0.00682,8.3,513.75,16.65,333.95,0.253377778,0.014075,4.8425,1080,2830,96,0.617758401,63.47619048,119.6190476
160,BN,8/14/2014,0.01765,0.004558333,0.020308333,8.165,463.375,18.525,301.275,0.239944444,0.0335,4.925,2620,2830,157,0.962182443,79.19767442,129.372093
173,BN,7/8/2015,0.00755,0.002333333,0.00245,8.24,395,19.15,256.75,0.286611111,0.02115,1.245,1500,2830,32,0.728035257,97.76190476,68.9047619
174,BN,8/6/2015,0.01035,0.002591667,0.002175,8.24,449.625,17.7,292.175,0.286611111,0.02115,2.705,1500,2830,63,0.728035257,151.9,179.15
175,BN,9/11/2015,0.013775,0.002275,0.003475,8.24,492,14.625,319.65,0.286611111,0.02115,5.72,1500,2830,99,0.728035257,26.52380952,57.04761905
190,BN,7/15/2016,0.008033333,0.001633333,0.001233333,8.135,465.15,17.3,302.3,0.347055556,0.07645,0.94,1330,2830,49,0.685539688,178.8008108,185.3513514
191,BN,9/13/2016,0.029875,0.017025,0.006725,8.135,493.625,14.5,320.925,0.347055556,0.07645,21.83,1330,2830,102,0.685539688,60.10454545,96.27272727
206,BN,7/14/2017,0.01745,0.0047,0.01265,8.26,445.25,19.85,289.55,0.277333333,0.0147,2.985,5140,2830,26,1.347684836,24.08235294,21.73529412
207,BN,8/8/2017,0.016325,0.005825,0.0073,8.26,476.35,18.85,309.7,0.277333333,0.0147,2.3125,5140,2830,53,1.347684836,16.04285714,25.86190476
208,BN,9/7/2017,0.0133,0.00895,0.00435,8.26,506.875,15.375,329.525,0.277333333,0.0147,3.4575,5140,2830,84,1.347684836,31.16190476,58.45238095
224,BN,8/8/2018,0.01215,0.0051125,0.014666667,8.215,409.05,19.225,266,0.232444444,0.03365,3.8775,5870,2830,47,1.440210036,27.97142857,24.37142857
223,BN,9/7/2018,0.020875,0.0045,0.007125,8.215,453.65,16.55,295.1,0.232444444,0.03365,2.4,5870,2830,77,1.440210036,14.67619048,65.22857143
238,BN,7/16/2019,0.01365,0.005,0.039,8.58,423.5,18.65,275.275,0.228333333,0.027666667,4.51,3640,2830,103,1.134115991,72.5528,69.41688889
239,BN,8/19/2019,0.021825,0.004,0.032833333,8.58,417.75,19.7,270.5625,0.228333333,0.027666667,4.06,3640,2830,137,1.134115991,55.81333333,117.65
253,BN,7/23/2020,NA,NA,0.009,8.195,378.8,19.5,NA,0.176666667,0.0175,5.015,3670,2830,62,1.138779956,77.21176471,55.5865
254,BN,8/11/2020,NA,NA,0.00875,8.195,429.975,19.525,NA,0.176666667,0.0175,4.015,3670,2830,78,1.138779956,27.51904762,69.39333333
255,BN,9/10/2020,0.02,NA,0.00975,8.195,480.3,16.5,NA,0.176666667,0.0175,4.1375,3670,2830,107,1.138779956,29.92238095,144.4933333
270,BN,7/15/2021,0.03,0.005,0.005,8.67,548.7,21.65,NA,0.203333333,0.019,2.61,1650,2830,48,0.76356982,137.1363636,186.2727273
271,BN,8/16/2021,0.025,0.005,0.005,8.67,531.075,20.775,NA,0.203333333,0.019,3.6025,1650,2830,73,0.76356982,96.42857143,185
272,BN,9/12/2021,0.02,NA,8.00E-04,8.67,520.925,15.925,NA,0.203333333,0.019,4.6275,1650,2830,102,0.76356982,66.61904762,185.7619048
287,BN,7/18/2022,NA,0.021,0.0225,8.395,441,22.05,NA,0.202222222,0.019333333,8.14,2170,2830,34,0.875662294,62.61904762,66.88216667
288,BN,8/14/2022,0.013333333,0.013,0.013083333,8.395,480.45,22.225,NA,0.202222222,0.019333333,6.265,2170,2830,57,0.875662294,39.71428571,145.048281
289,BN,9/10/2022,0.013333333,0.005,0.002558333,8.395,525.9,19.475,NA,0.202222222,0.019333333,4.21,2170,2830,86,0.875662294,43.23809524,87.89594762
78,DL,8/10/2008,0.015,0.043625,NA,8.633333333,390.8333333,17.73333333,207.35,0.314583333,0.018,3.205,957,266,67,1.89677209,79.77142857,172.0714286
79,DL,9/9/2008,0.01,0.0585,NA,8.633333333,460.6666667,13.96666667,246.8333333,0.314583333,0.018,2.865,957,266,94,1.89677209,45.145,200.85
92,DL,8/7/2009,0.009068,0.060303667,0.013759,8.446666667,361,18.78333333,182.5833333,0.313972222,0.029223333,4.623333333,1140,266,66,2.070196678,51.1,181.047619
93,DL,9/7/2009,0.010738333,0.063395,0.009,8.446666667,421.8333333,18.58333333,224,0.313972222,0.029223333,2.893333333,1140,266,98,2.070196678,91.8,502.9047619
106,DL,8/6/2010,0.0093,0.0407375,0.027645833,8.303333333,337,19.28333333,179.05,0.350458333,0.078733333,5.79,1470,266,49,2.35081173,39.375,54.86842105
107,DL,9/9/2010,0.007783333,0.058666667,0.026916667,8.303333333,400.3333333,17.4,212.6833333,0.350458333,0.078733333,5.613333333,1470,266,84,2.35081173,46,155.67
120,DL,8/9/2011,0.014941667,0.067745833,0.026466667,8.203333333,281.1166667,15.75,182.8666667,0.306416667,0.0503,7.693333333,1960,266,55,2.71448357,16.23809524,66.19047619
121,DL,9/10/2011,0.012966667,0.101858333,0.021416667,8.203333333,346.275,13.95833333,225.2583333,0.306416667,0.0503,3.465833333,1960,266,86,2.71448357,11.11111111,44.76470588
135,DL,7/24/2012,0.01643875,0.04661,0.0138625,8.386666667,297.0916667,16.53333333,193.075,0.344585833,0.022506667,3.791666667,781,266,48,1.713502327,50.04761905,110.0952381
134,DL,9/4/2012,0.008091667,0.097866667,0.005855833,8.386666667,408.7416667,14.425,265.7833333,0.344585833,0.022506667,2.108333333,781,266,89,1.713502327,58.33333333,180.7142857
152,DL,6/28/2013,0.015905,0.067495,0.01218,8.425,449.8,19.1,292.5,0.432080556,0.019136667,2.43,349,266,29,1.145438813,71.35,244.9
150,DL,8/11/2013,0.017110833,0.123040833,0.010386667,8.425,475.025,18.05,308.9,0.432080556,0.019136667,2.6175,349,266,70,1.145438813,110.5714286,331.4482759
151,DL,9/6/2013,0.016680833,0.188708333,0.008634167,8.425,498.6,15.95,324.175,0.432080556,0.019136667,3.43,349,266,97,1.145438813,80.96153846,168.1153846
161,DL,8/14/2014,0.012625,0.056175,0.013575,8.27,378.825,18.175,246.375,0.326,0.02495,4.3375,741,266,48,1.669045921,65.13333333,225.0666667
176,DL,7/8/2015,0.01085,0.0503,0.0042,8.305,354.05,17.8,230.1,0.3745,0.01255,2.565,628,266,30,1.536522781,74.19047619,188.9047619
177,DL,8/9/2015,0.010258333,0.104966667,0.003275,8.305,409.425,16.125,266.175,0.3745,0.01255,1.9475,628,266,64,1.536522781,103.1428571,235.2857143
178,DL,9/10/2015,0.012108333,0.124366667,0.002425,8.305,467.95,13.075,304.2,0.3745,0.01255,2.3475,628,266,98,1.536522781,50.85714286,158.3809524
192,DL,7/15/2016,0.012,0.0387,0.0036,8.285,400.2,16.05,260.3,0.3805,0.0125,1.9,507,266,55,1.380585035,118.6211628,389.1023256
193,DL,9/13/2016,0.019416667,0.2192,0.002425,8.285,456.7,11.925,296.725,0.3805,0.0125,1.685,507,266,108,1.380585035,81.25,260.6904762
209,DL,7/11/2017,0.01275,0.02725,0.0081,8.22,363.45,18.6,236.25,0.434388889,0.016866667,2.29,1560,266,25,2.421706352,53.1,105.9761905
210,DL,8/11/2017,0.013341667,0.133991667,0.00595,8.22,392.475,17.3,255.125,0.434388889,0.016866667,1.795,1560,266,55,2.421706352,99.56190476,190.5857143
211,DL,9/7/2017,0.012016667,0.226691667,0.0036,8.22,446.3,13.325,290.075,0.434388889,0.016866667,1.75,1560,266,84,2.421706352,61.25238095,76.86666667
225,DL,8/8/2018,0.01545,0.073625,0.0121,8.17,356.025,15.75,231.4,0.349,0.0304,3.76,2180,266,46,2.862776401,43.48461538,75.8
226,DL,9/7/2018,0.017241667,0.1151,0.0067,8.17,426.725,12.725,277.425,0.349,0.0304,2.8175,2180,266,76,2.862776401,28.5952381,74.23333333
240,DL,7/15/2019,0.025,0.0295,0.0255,8.85,345.4,18.05,224.575,0.31,0.0255,3.23,1280,266,62,2.193633988,66.87256236,201.9852608
241,DL,8/21/2019,0.0275,0.086,0.027,8.85,391.35,18.85,254.475,0.31,0.0255,3.075,1280,266,98,2.193633988,75.89090909,188.9727273
257,DL,7/22/2020,NA,0.016,0.006,8.47,364.05,19.1,NA,0.239444444,0.017,3.44,1590,266,34,2.444881103,33.006,103.0286667
258,DL,8/12/2020,NA,0.0465,0.0065,8.47,404.35,17.85,NA,0.239444444,0.017,2.9325,1590,266,50,2.444881103,75.960625,274.349375
256,DL,9/10/2020,0.02,0.083333333,0.007666667,8.47,465.025,14.675,NA,0.239444444,0.017,1.865,1590,266,79,2.444881103,38.15952381,101.8771429
273,DL,7/16/2021,0.03,0.114,0.002,8.44,453.15,19.35,NA,0.325,0.017,2.77,590,266,38,1.489310281,41.9047619,120.4285714
274,DL,8/16/2021,0.03,0.1035,0.002,8.44,483.6,18.075,NA,0.325,0.017,2.9,590,266,63,1.489310281,37.19047619,139.5714286
275,DL,9/13/2021,0.025,0.106,NA,8.44,523.325,13.225,NA,0.325,0.017,3.005,590,266,91,1.489310281,30.80952381,101.4878049
290,DL,7/18/2022,0.03,0.0135,0.002,8.41,430.6,20.5,NA,0.302777778,0.012,2.57,856,266,34,1.793891054,33.55,187.839265
291,DL,8/11/2022,0.0225,0.064,0.00195,8.41,460.325,19.975,NA,0.302777778,0.012,1.9575,856,266,56,1.793891054,87.08333333,175.9389958
292,DL,9/11/2022,0.015,0.132,0.0014,8.41,513.675,16.775,NA,0.302777778,0.012,1.6425,856,266,88,1.793891054,201.6956522,208.5242
71,FH,8/14/2008,0.01,0.0155,NA,8.486666667,197.2166667,20.11666667,104.65,0.183333333,0.0085,2.608333333,45700,7590,82,2.453788982,3.295,4.333333333
70,FH,9/9/2008,0.01,0.015,NA,8.486666667,229,17.95833333,121.6666667,0.183333333,0.0085,1.566666667,45700,7590,109,2.453788982,4.15,13.3
84,FH,8/13/2009,0.007569,0.00664625,0.00367875,8.29,215.8,21.26666667,114.6333333,0.14375,0.0096475,1.958333333,42500,7590,70,2.36632056,7.6,23.04761905
85,FH,9/8/2009,0.00892525,0.00709375,0.00331375,8.29,242.6666667,20.3,128.9666667,0.14375,0.0096475,1.33,42500,7590,98,2.36632056,19.1,51.61904762
98,FH,8/9/2010,0.007591667,0.007883333,0.004158333,8.22,214.45,21.96666667,114.05,0.192791667,0.010675,1.655,26400,7590,61,1.865009616,15.66666667,38.36363636
99,FH,9/9/2010,0.007775,0.008583333,0.003375,8.22,239.5,19.6,127.4333333,0.192791667,0.010675,1.563333333,26400,7590,94,1.865009616,24,36.90952381
113,FH,8/10/2011,0.009866667,0.013408333,0.0060625,8.206666667,170.5833333,17.58333333,110.85,0.137205,0.0153,5.14,54700,7590,61,2.6845579,6.944444444,10
112,FH,9/11/2011,0.008125,0.0148,0.0045125,8.206666667,209.9333333,16.75833333,136.4416667,0.137205,0.0153,1.208333333,54700,7590,91,2.6845579,6.666666667,14.95238095
126,FH,8/12/2012,0.009805,0.009714167,0.003703333,8.326666667,191.1,19.45,124.25,0.177659583,0.0082,1.24,42200,7590,103,2.357954049,16.14,16.11111111
127,FH,9/5/2012,0.006866667,0.010335,0.002958333,8.326666667,209.3333333,17.15833333,136.2333333,0.177659583,0.0082,1.029166667,42200,7590,129,2.357954049,10.6,19.46153846
140,FH,7/26/2013,NA,0.011606667,0.003883333,8.453333333,211.6666667,20.8,137.5666667,0.152768889,0.00904,1.083333333,32700,7590,73,2.075644573,8.823529412,21.35714286
141,FH,8/28/2013,0.00873,0.011005833,0.003706667,8.453333333,219.3333333,20.15,142.5583333,0.152768889,0.00904,1.049166667,32700,7590,106,2.075644573,7.25,15.57142857
157,FH,8/17/2014,0.0114,0.009966667,0.004333333,7.93,195.5416667,18.85,127.0583333,0.160722222,0.009733333,2.57,41000,7590,82,2.324186854,12.65294118,22.66666667
165,FH,8/6/2015,0.00725,0.00655,0.0022,8.58,196.875,19.525,128.05,0.180722222,0.01005,0.97,17000,7590,63,1.496592528,20.2,36.25
166,FH,9/12/2015,0.00765,0.00575,NA,8.58,226.025,16.375,147.075,0.180722222,0.01005,1.4975,17000,7590,99,1.496592528,26.14285714,57.85714286
184,FH,7/23/2016,0.0211,0.0096,0.0012,8.345,192.05,18.8,124.8,0.158777778,0.0096,0.86,20800,7590,75,1.655429841,5.525,11.2
185,FH,9/10/2016,0.020675,0.007275,0.0009375,8.345,225.7,15.5,146.75,0.158777778,0.0096,1.3,20800,7590,121,1.655429841,15.03333333,13.75
198,FH,8/6/2017,0.020575,0.0236,0.001575,8.14,216.025,19.55,140.2,0.167166667,0.0079,0.99825,34500,7590,63,2.132007164,5.76875,10.9
199,FH,9/9/2017,0.020275,0.024775,0.0016,8.14,236.575,16.775,153.725,0.167166667,0.0079,1.17575,34500,7590,95,2.132007164,11.72857143,20.43333333
217,FH,8/10/2018,0.010691667,0.017866667,0.0031,8.2,223.7,18.5,145.425,0.150444444,0.010366667,2.0675,59700,7590,88,2.804569958,7.945,15.92105263
218,FH,9/8/2018,0.018675,0.021691667,0.001,8.2,248.275,15.85,161.375,0.150444444,0.010366667,1.0925,59700,7590,118,2.804569958,13.1047619,29.8047619
231,FH,8/9/2019,0.0225,0.012583333,0.020083333,8.45,227.85,18.975,148.0375,0.123888889,0.008,2.225,42000,7590,79,2.352359844,9.007,16.581
232,FH,9/9/2019,0.019925,0.009833333,0.013583333,8.45,256.375,17.875,166.75,0.123888889,0.008,3.755,42000,7590,111,2.352359844,10.465,24.56
246,FH,8/10/2020,NA,0.0065,0.002,8.075,220.7,18.95,NA,0.103333333,0.006,2.2775,42900,7590,76,2.377430107,8.275714286,16.75333333
247,FH,9/9/2020,0.02,0.009375,0.0035,8.075,251.15,16.275,NA,0.103333333,0.006,1.4425,42900,7590,107,2.377430107,8.197619048,16.49809524
263,FH,8/17/2021,0.02,0.014833333,0.025,8.525,233.65,14.025,NA,0.146111111,0.008,2.6025,31700,7590,64,2.043660463,9.538095238,19.4047619
264,FH,9/13/2021,0.02,0.008,NA,8.525,260.5,15.775,NA,0.146111111,0.008,2.4425,31700,7590,93,2.043660463,19.23809524,50.76190476
280,FH,8/12/2022,0.02,0.01175,0.01025,7.95,198.4166667,19.06666667,NA,0.19,0.029333333,2.47,35700,7590,54,2.168768617,4.041176471,7.713405882
281,FH,9/11/2022,0.02,0.01375,0.00975,7.95,241.0666667,17.39166667,NA,0.19,0.029333333,1.3975,35700,7590,87,2.168768617,9.674761905,20.48092381
73,GR,8/10/2008,0.013333333,0.0045,NA,8.6,419,17.76666667,222.8,0.31875,0.021,2.72,NA,NA,,,102.315,129.1
72,GR,9/9/2008,0.01,0.0235,NA,8.6,471.1666667,14.325,250.5833333,0.31875,0.021,2.411666667,NA,NA,,,36.17,134.8
87,GR,8/7/2009,0.006436667,0.012704583,0.018618,8.38,385,18.5,204.6166667,0.273638889,0.035736667,4.585,1420,270,67,2.293307493,95.22,102.2047619
86,GR,9/7/2009,0.008001667,0.010178333,0.012443333,8.38,438,18.55,232.6666667,0.273638889,0.035736667,2.568333333,1420,270,98,2.293307493,60.65,126.2857143
101,GR,8/6/2010,0.010775,0.0162875,0.031766667,8.08,363.6666667,19.7,194.1333333,0.361833333,0.088533333,13.64833333,1980,270,48,2.708012802,67.80952381,64.14782609
100,GR,9/9/2010,0.00955,0.024083333,0.027883333,8.08,413.6666667,17.33333333,219.6666667,0.361833333,0.088533333,13.26333333,1980,270,83,2.708012802,59.95,119.4666667
114,GR,8/9/2011,0.013466667,0.052133333,0.0295,8.25,298.05,16.2,193.8,0.310625,0.051566667,7.765,2560,270,59,3.079201436,13,50.66666667
115,GR,9/10/2011,0.0135,0.0611,0.023575,8.25,357.8083333,14.35,232.5916667,0.310625,0.051566667,3.103333333,2560,270,90,3.079201436,16.66666667,65.26666667
129,GR,7/21/2012,0.00955375,0.013525,0.02191875,8.383333333,345.2833333,16.65833333,224.4083333,0.295516667,0.02873,3.915,999,270,47,1.923538406,72.61904762,85.19047619
128,GR,9/4/2012,0.0094,NA,0.006783333,8.383333333,424.4416667,14.175,275.8333333,0.295516667,0.02873,2.174166667,999,270,89,1.923538406,57.0952381,147.7619048
142,GR,6/28/2013,0.01894,0.001505,0.018715,8.47,453.95,18.65,295.1,0.274285,0.027523333,1.31,394,270,29,1.207998038,61.95652174,63.13636364
143,GR,8/9/2013,0.013233333,0.001439167,0.017525833,8.47,470.275,17.6,305.65,0.274285,0.027523333,1.415,394,270,69,1.207998038,107.0740741,196.8888889
144,GR,9/6/2013,0.008283333,0.005199167,0.016255833,8.47,492.875,15.725,320.275,0.274285,0.027523333,1.8025,394,270,96,1.207998038,71.71428571,150.0689655
158,GR,8/12/2014,0.010725,0.013425,0.022516667,8.325,387.95,18.275,252.375,0.306944444,0.0314,4.18,978,270,46,1.903213656,105.9522727,95.61363636
167,GR,7/8/2015,0.0087,0.00165,0.01085,8.225,377.7,17.35,245.7,0.298666667,0.024033333,1.885,807,270,30,1.728840331,135.88,75.12
168,GR,8/7/2015,0.0116875,0.0037875,0.008891667,8.225,427.55,15.85,278.05,0.298666667,0.024033333,1.735,807,270,63,1.728840331,183.5714286,312.1904762
169,GR,9/10/2015,0.0142875,0.0162875,0.006216667,8.225,479.925,12.925,312.025,0.298666667,0.024033333,2.6475,807,270,98,1.728840331,45.85714286,129.1904762
186,GR,7/15/2016,0.0219,0.00125,0.0231,8.15,438.3,15.55,284.7,0.286055556,0.030166667,1.37,598,270,49,1.488225391,170.2084444,195.4755556
187,GR,9/13/2016,0.0171125,0.018333333,0.008941667,8.15,464.45,12.225,301.925,0.286055556,0.030166667,1.2025,598,270,102,1.488225391,52.92285714,125.1761905
200,GR,7/11/2017,0.0135,0.0025,0.0151,8.235,398.05,19,258.7,0.376166667,0.0174,2.15,1840,270,25,2.610520028,27.72857143,34
201,GR,8/9/2017,0.013016667,0.038425,0.009825,8.235,435.5,17.6,283.05,0.376166667,0.0174,1.5125,1840,270,54,2.610520028,167.6380952,116.2428571
202,GR,9/7/2017,0.013116667,0.127575,0.007725,8.235,480.025,13.55,312,0.376166667,0.0174,1.77,1840,270,84,2.610520028,139.9227273,77.34090909
219,GR,8/11/2018,0.01545,0.045708333,0.013991667,8.28,382.975,17.35,248.95,0.343111111,0.028066667,3.3775,2450,270,50,3.01232038,58.51875,94.70625
220,GR,9/7/2018,0.02215,0.077583333,0.007766667,8.28,434.7,14.475,282.575,0.343111111,0.028066667,2.6475,2450,270,78,3.01232038,69.89,229.275
233,GR,7/16/2019,0.0137,NA,0.046,8.735,378.15,19.4,245.705,0.293333333,0.0375,4.03,1420,270,64,2.293307493,47.52297297,34.06780522
234,GR,8/21/2019,0.02185,0.074,0.038,8.735,411.025,19.55,266.9925,0.293333333,0.0375,3.315,1420,270,98,2.293307493,54.61052632,141.5947368
248,GR,8/11/2020,NA,0.017,0.01025,8.51,406.3,18.825,NA,0.223333333,0.02,4.0075,2040,270,59,2.748737084,139.6645,105.9665
249,GR,9/10/2020,0.02,0.0265,0.012583333,8.51,468.8,15.15,NA,0.223333333,0.02,3.16,2040,270,88,2.748737084,66.27791667,147.9741667
265,GR,7/16/2021,0.025,0.002,0.004666667,8.67,476.15,20.75,NA,0.248333333,0.03,2.635,577,270,39,1.461860813,59.95238095,99.66666667
266,GR,8/16/2021,0.0275,0.003,0.003833333,8.67,487.425,19.75,NA,0.248333333,0.03,2.925,577,270,63,1.461860813,61.80952381,238.8571429
267,GR,9/11/2021,0.025,0.019,0.0025,8.67,504.075,14.65,NA,0.248333333,0.03,2.6,577,270,92,1.461860813,46.80952381,144.8571429
282,GR,7/18/2022,0.03,NA,0.021,8.43,436.1,21.2,NA,0.220555556,0.034,3.125,923,270,34,1.848923611,74.10526316,51.61791579
283,GR,8/11/2022,0.0225,0.006,0.014,8.43,451.125,21.1,NA,0.220555556,0.034,2.41,923,270,56,1.848923611,115.0952381,75.09674762
284,GR,9/13/2022,0.015,0.006,0.00415,8.43,495.35,18.35,NA,0.220555556,0.034,1.445,923,270,87,1.848923611,102.8636364,99.26024091
81,HU,8/11/2008,0.015,0.047416667,NA,8.483333333,210.4,18.78333333,123.4166667,0.2125,0.01525,4.071666667,35500,2150,82,4.063450247,6.205,11.05
80,HU,9/9/2008,0.015,0.0545,NA,8.483333333,251.1666667,15.825,133.325,0.2125,0.01525,2.314166667,35500,2150,109,4.063450247,7.725,43.15
95,HU,8/8/2009,0.009158333,0.034406667,0.005626667,8.276666667,229.7833333,19.56666667,122.15,0.227388889,0.016753333,3.378333333,35300,2150,68,4.051987741,9.6,39.19047619
94,HU,9/7/2009,0.010828333,0.031917667,0.00407,8.276666667,261.6666667,19.13333333,139.1,0.227388889,0.016753333,2.706666667,35300,2150,97,4.051987741,14.57894737,51.33333333
108,HU,8/6/2010,0.0101,0.024616667,0.004716667,8.026666667,234.9833333,21.1,124.8666667,0.220395833,0.020466667,2.933333333,23100,2150,61,3.277832523,20.42857143,63.74545455
109,HU,9/8/2010,0.009933333,0.035608333,0.003645833,8.026666667,265.5,18.18333333,141.4166667,0.220395833,0.020466667,3.64,23100,2150,94,3.277832523,24.15,93.32857143
123,HU,8/13/2011,0.0107875,0.034920833,0.008404167,8.07,183.95,16.9,119.6,0.196642778,0.021825,4.851666667,46600,2150,63,4.655579299,6.8,16.80952381
122,HU,9/11/2011,0.0118875,0.0412875,0.0060125,8.07,230.1833333,15.95833333,149.6083333,0.196642778,0.021825,2.01,46600,2150,92,4.655579299,10.66666667,60
136,HU,8/13/2012,0.010616667,0.0286825,0.003392917,8.243333333,207.6166667,18.83333333,134.9833333,0.215600625,0.0153475,2.035,33700,2150,104,3.959093154,5.333333333,25.33333333
137,HU,9/5/2012,0.00947,0.0388625,0.00247625,8.243333333,229.7333333,16.35,149.3083333,0.215600625,0.0153475,2.199166667,33700,2150,129,3.959093154,9.380952381,47.33333333
153,HU,7/26/2013,0.012973333,0.04542,0.0038325,8.34,242.2333333,19.83333333,157.5666667,0.230056,0.017855,2.766666667,25600,2150,73,3.450648743,5.285714286,14
154,HU,8/28/2013,0.011461667,0.042605,0.00366375,8.34,244.9666667,18.61666667,159.2333333,0.230056,0.017855,3.300833333,25600,2150,106,3.450648743,4.238095238,22.85714286
162,HU,8/16/2014,0.0109,0.01925,0.0058,7.805,206.65,18.59166667,134.4,0.190055556,0.0152,2.670833333,33400,2150,82,3.941431684,9.134210526,25.32432432
179,HU,8/6/2015,0.00905,0.02435,0.001825,8.29,214.925,19.525,139.75,0.227,0.0178,1.845,15200,2150,63,2.658903428,6.1,15.88888889
180,HU,9/10/2015,0.016175,0.023825,0.00175,8.29,246.45,16.525,160.225,0.227,0.0178,2.475,15200,2150,98,2.658903428,14.04761905,93.76190476
195,HU,7/22/2016,0.015533333,0.028333333,0.00215,8.355,209.4,19.65,136.15,0.219333333,0.019666667,1.37,16800,2150,76,2.795344968,15.7,40.07142857
194,HU,9/7/2016,0.0180875,0.053391667,0.001275,8.355,246.025,14.8,159.9,0.219333333,0.019666667,3.655,16800,2150,120,2.795344968,15.6047619,70.33333333
212,HU,8/6/2017,0.0130875,0.0576,0.0019,7.99,231.925,19.425,150.625,0.269611111,0.01435,2.05375,29200,2150,52,3.685294472,8.97,25.82
213,HU,9/6/2017,0.01425,0.071475,0.0015,7.99,259.1,17.225,168.35,0.269611111,0.01435,1.9145,29200,2150,83,3.685294472,12.17142857,35.18571429
227,HU,8/7/2018,0.01275,0.03235,0.002625,7.97,237,17.825,154.05,0.2055,0.0171,3.1225,51200,2150,87,4.879954251,10.13809524,26.85714286
228,HU,9/10/2018,0.016216667,0.045825,0.00175,7.97,266.3,15.825,173.1,0.2055,0.0171,2.0325,51200,2150,120,4.879954251,7.357142857,28.75714286
243,HU,8/8/2019,0.026666667,0.03575,0.014916667,8.36,248.95,18.875,162.0125,0.176666667,0.014,2.4025,34000,2150,80,3.976676186,9.0455,29.04275
242,HU,9/10/2019,0.02375,0.03775,0.014416667,8.36,281.175,17.375,182.8125,0.176666667,0.014,3.3475,34000,2150,112,3.976676186,17.25,68.1
259,HU,8/10/2020,0.009,0.014,0.004,8.25,237.9,18.925,NA,0.150555556,0.0125,3.66,37300,2150,76,4.165193538,11.68714286,35.84619048
260,HU,9/10/2020,0.0145,0.035166667,0.004666667,8.25,278.575,16.65,NA,0.150555556,0.0125,2.41,37300,2150,108,4.165193538,20.15380952,80.84666667
276,HU,8/17/2021,0.025,0.016,0.00145,8.28,259.125,18.45,NA,0.153333333,0.015,2.935,28200,2150,65,3.621640384,16.19047619,62.95238095
277,HU,9/13/2021,0.02,0.01225,NA,8.28,287.825,14.725,NA,0.153333333,0.015,3.0275,28200,2150,94,3.621640384,64.80952381,363.7142857
294,HU,8/12/2022,0.02,0.022666667,0.00175,7.91,214.6333333,18.95,NA,0.173333333,0.032333333,4.276666667,28700,2150,54,3.653606056,14.6875,43.62551875
293,HU,9/12/2022,0.02,0.022416667,0.00145,7.91,265.5333333,17.175,NA,0.173333333,0.032333333,3.034166667,28700,2150,87,3.653606056,23.04761905,68.8747619
75,MS,8/10/2008,0.0175,0.007,NA,8.476666667,253.3333333,16.76666667,134.4666667,0.222222222,0.009666667,3.12,16800,2580,81,2.551789158,29.22,76.23529412
74,MS,9/9/2008,0.0125,0.008416667,NA,8.476666667,290.5,14.175,154.025,0.222222222,0.009666667,2.190833333,16800,2580,108,2.551789158,19.74285714,80.19047619
88,MS,8/11/2009,0.00910625,0.005231667,0.007713333,7.8,265.5,17.15,141.1333333,0.174,0.01646,3.746666667,17300,2580,74,2.589483801,33.7,116.952381
89,MS,9/6/2009,0.00890875,0.005208,0.0044225,7.8,294,16.86666667,156.15,0.174,0.01646,2.131666667,17300,2580,103,2.589483801,41.71428571,148.0454545
103,MS,8/8/2010,0.009641667,0.004216667,0.008283333,7.52,265,18.11666667,140.95,0.203416667,0.0176,2.531666667,10100,2580,49,1.978567331,50.28571429,120.95
102,MS,9/9/2010,0.007991667,0.003,0.0052,7.52,293.5,16.05,156.4166667,0.203416667,0.0176,2.263333333,10100,2580,82,1.978567331,30.72727273,71.9826087
116,MS,8/12/2011,0.010641667,0.007986667,0.011333333,8.256666667,223.3,15.45,145.3666667,0.153777778,0.0181,5.021666667,28100,2580,61,3.300223154,9.785714286,24.07692308
117,MS,9/11/2011,0.009166667,0.00377,0.008883333,8.256666667,258.8666667,13.75,168.2166667,0.153777778,0.0181,2.108333333,28100,2580,92,3.300223154,25.33333333,51.47619048
131,MS,8/13/2012,0.010646667,0.00316,0.003613333,8.176666667,243.2833333,16.96666667,158.2666667,0.169720417,0.01274,1.593333333,17600,2580,104,2.611839472,38.75,83.65
130,MS,9/5/2012,0.008081667,0.002905,0.002738333,8.176666667,268.0333333,14.225,174.3083333,0.169720417,0.01274,1.555833333,17600,2580,130,2.611839472,27.42857143,63.28571429
145,MS,8/8/2013,0.0140425,0.0021175,0.00345,8.22,263.875,17.1,171.6,0.155038333,0.01165,2.6625,12300,2580,85,2.183447242,34.47619048,74.38095238
146,MS,9/10/2013,0.011906667,0.0014965,0.00352,8.22,285.35,15.775,185.625,0.155038333,0.01165,2.2725,12300,2580,114,2.183447242,37.95238095,93.38095238
159,MS,8/14/2014,0.010325,0.002833333,0.006683333,7.795,266.05,16.75,173.05,0.161,0.01155,2.78,17100,2580,80,2.574472174,36.31666667,92.16666667
170,MS,7/7/2015,0.010475,0.0017,0.0016,8.23,224.7,18.75,146.2,0.222888889,0.0157,1.86,7010,2580,31,1.648348951,91.59259259,116.8148148
171,MS,8/7/2015,0.0138625,0.00215,0.0017,8.23,255.35,17.625,166.05,0.222888889,0.0157,2.4325,7010,2580,64,1.648348951,22.04761905,61.76190476
172,MS,9/10/2015,0.0122,0.0026,0.00175,8.23,294.65,14.575,191.4,0.222888889,0.0157,3.895,7010,2580,97,1.648348951,27.95238095,76.0952381
189,MS,7/11/2016,NA,0.0011,8.00E-04,8.28,247.05,17.4,160.55,0.200166667,0.0507,1.195,7660,2580,63,1.723076391,76.10093023,114.755814
188,MS,8/24/2016,0.0198,0.006025,0.001025,8.28,255.85,16.725,166.225,0.200166667,0.0507,23.415,7660,2580,107,1.723076391,28.48571429,67.76190476
203,MS,7/12/2017,0.0149,0.002,0.0042,8.175,253,18.9,164.45,0.1865,0.01085,2.34,14700,2580,26,2.386980188,18.24444444,28.36111111
204,MS,8/9/2017,0.01325,0.002025,0.0031,8.175,260.15,17.825,169.15,0.1865,0.01085,1.98,14700,2580,55,2.386980188,56.6,106.6142857
205,MS,9/6/2017,0.0106,0.003,0.00195,8.175,286.725,14.575,186.375,0.1865,0.01085,2.13,14700,2580,83,2.386980188,47.53333333,68.82857143
221,MS,8/9/2018,0.0169,0.0035375,0.0054875,8.185,271.075,18.1,176.15,0.155,0.01545,3.12,31500,2580,89,3.49418121,22.12380952,97.54761905
222,MS,9/10/2018,0.017175,0.02285,0.00235,8.185,296.425,15.725,192.575,0.155,0.01545,2.0775,31500,2580,122,3.49418121,17.14285714,66.75714286
235,MS,7/14/2019,0.015,0.005,0.0245,8.58,277.3,17.4,180.375,0.143333333,0.014,5.13,16200,2580,60,2.505807209,79.84019512,122.8006098
236,MS,8/9/2019,0.0175,0.005,0.01925,8.58,290.575,17.725,189.015,0.143333333,0.014,3.6625,16200,2580,81,2.505807209,53.43619048,108.2
237,MS,9/9/2019,0.0175,0.016,0.0155,8.58,316.6,15.75,205.915,0.143333333,0.014,7.1525,16200,2580,112,2.505807209,29.71428571,101.85
250,MS,7/21/2020,NA,NA,0.006,8.18,257.5,18.65,NA,0.145,0.016,8.16,20000,2580,61,2.784230232,68.23259259,39.09814815
251,MS,8/12/2020,0.007,0.003,0.00525,8.18,277.4,18.475,NA,0.145,0.016,5.4675,20000,2580,79,2.784230232,117.93375,119.3466667
252,MS,9/10/2020,0.0135,0.003,0.005083333,8.18,311.125,16.075,NA,0.145,0.016,3.345,20000,2580,109,2.784230232,36.91714286,92.82
268,MS,8/17/2021,0.02,NA,0.001,8.49,286.625,18.575,NA,0.113333333,0.015,3.765,13500,2580,65,2.287478555,45.19047619,196.8571429
269,MS,9/13/2021,0.015,NA,NA,8.49,317.1,15.225,NA,0.113333333,0.015,4.1775,13500,2580,95,2.287478555,46.33333333,103.7619048
285,MS,7/23/2022,0.03,0.021,0.0195,8.315,251.45,20.5,NA,0.122222222,0.012333333,5.92,11800,2580,42,2.138607821,29.70731707,88.92817561
286,MS,9/10/2022,0.016666667,0.003,0.002,8.315,295.875,17.875,NA,0.122222222,0.012333333,3.435,11800,2580,87,2.138607821,40.71428571,95.71087619
