"","Year","Site","day","month","ActivityStartDate","NH4_mg_L","DIN_mg_L","SRP__mg_L","pH","SPC","Temp_oC","TDS","TP_mg_L","TN_mg_L","TURBIDITY","AFDM","CHLa","...1","datetime.x","Day","Month","Q_CFS.x","Q_CFS.y","anomaly","Days_Since_Freshet"
"63",2007,"RC1",1,8,2007-08-21,NA,NA,NA,NA,NA,NA,NA,NA,NA,NA,NA,49.7272727272727,NA,NA,NA,NA,NA,NA,NA,NA
"67",2007,"CG",1,8,2007-08-20,0.015,0.01675,0.0065,NA,NA,NA,NA,0.018,0.1,NA,NA,35.1818181818182,NA,NA,NA,NA,NA,NA,NA,NA
"69",2007,"RC2",1,8,2007-08-20,NA,NA,NA,NA,NA,NA,NA,NA,NA,NA,NA,21.2727272727273,NA,NA,NA,NA,NA,NA,NA,NA
"70",2008,"FH",1,9,2008-09-09,0.01,0.015,NA,8.48666666666667,229,17.9583333333333,121.666666666667,0.0085,0.15,1.56666666666667,4.15,13.3,93,"5/21/2008",21,5,45700,7590,1.819246193,111.5
"71",2008,"FH",1,8,2008-08-14,0.01,0.0155,NA,8.48666666666667,197.216666666667,20.1166666666667,104.65,0.0085,0.15,2.60833333333333,3.295,4.33333333333333,93,"5/21/2008",21,5,45700,7590,1.819246193,85.9166666666667
"72",2008,"GR",1,9,2008-09-09,0.01,0.0235,NA,8.6,471.166666666667,14.325,250.583333333333,0.021,0.325,2.41166666666667,36.17,134.8,NA,NA,NA,NA,NA,NA,NA,NA
"73",2008,"GR",1,8,2008-08-10,0.0133333333333333,0.0045,NA,8.6,419,17.7666666666667,222.8,0.021,0.325,2.72,102.315,129.1,NA,NA,NA,NA,NA,NA,NA,NA
"74",2008,"MS",1,9,2008-09-09,0.0125,0.00841666666666667,NA,8.47666666666667,290.5,14.175,154.025,0.00966666666666667,0.2,2.19083333333333,19.7428571428571,80.1904761904762,162,"5/21/2008",21,5,16800,2580,1.867367769,111
"75",2008,"MS",1,8,2008-08-10,0.0175,0.007,NA,8.47666666666667,253.333333333333,16.7666666666667,134.466666666667,0.00966666666666667,0.2,3.12,29.22,76.2352941176471,162,"5/21/2008",21,5,16800,2580,1.867367769,81.5
"76",2008,"BN",1,9,2008-09-09,0.01,0.00616666666666667,NA,8.55333333333333,480.5,14.9083333333333,255.083333333333,0.015,0.233333333333333,4.36416666666667,61.085,259.473684210526,39,"6/6/2008",6,6,3100,2830,1.030841164,95
"77",2008,"BN",1,8,2008-08-10,0.02,0.00583333333333333,NA,8.55333333333333,439.333333333333,17.7333333333333,233.35,0.015,0.233333333333333,3.835,103.72,112.75,39,"6/6/2008",6,6,3100,2830,1.030841164,65.5
"78",2008,"DL",1,8,2008-08-10,0.015,0.043625,NA,8.63333333333333,390.833333333333,17.7333333333333,207.35,0.018,0.275,3.205,79.7714285714286,172.071428571429,66,"6/5/2008",5,6,957,266,1.532298702,66.5
"79",2008,"DL",1,9,2008-09-09,0.01,0.0585,NA,8.63333333333333,460.666666666667,13.9666666666667,246.833333333333,0.018,0.275,2.865,45.145,200.85,66,"6/5/2008",5,6,957,266,1.532298702,96
"80",2008,"HU",1,9,2008-09-09,0.015,0.0545,NA,8.48333333333333,251.166666666667,15.825,133.325,0.01525,0.2,2.31416666666667,7.725,43.15,135,"5/21/2008",21,5,35500,2150,2.546419576,111.5
"81",2008,"HU",1,8,2008-08-11,0.015,0.0474166666666667,NA,8.48333333333333,210.4,18.7833333333333,123.416666666667,0.01525,0.2,4.07166666666667,6.205,11.05,135,"5/21/2008",21,5,35500,2150,2.546419576,82
"82",2008,"BM",1,8,2008-08-15,0.0333333333333333,0.0323333333333333,NA,8.52,249.333333333333,16.3333333333333,134.65,0.0133333333333333,0.2,3.89666666666667,15.315,62.85,12,"5/21/2008",21,5,35500,2150,2.546419576,86.5
"83",2008,"BM",1,9,2008-09-13,0.0283333333333333,0.0441666666666667,NA,8.52,285.083333333333,13.5583333333333,153.608333333333,0.0133333333333333,0.2,2.98916666666667,13.565,73.2,12,"5/21/2008",21,5,35500,2150,2.546419576,115.111111111111
"84",2009,"FH",1,8,2009-08-13,0.007569,0.00664625,0.00367875,8.29,215.8,21.2666666666667,114.633333333333,0.0096475,0.136,1.95833333333333,7.6,23.047619047619,94,"6/1/2009",1,6,42500,7590,1.775752295,73.8958333333333
"85",2009,"FH",1,9,2009-09-08,0.00892525,0.00709375,0.00331375,8.29,242.666666666667,20.3,128.966666666667,0.0096475,0.136,1.33,19.1,51.6190476190476,94,"6/1/2009",1,6,42500,7590,1.775752295,99.9166666666667
"86",2009,"GR",1,9,2009-09-07,0.00800166666666667,0.0101783333333333,0.0124433333333333,8.38,438,18.55,232.666666666667,0.0357366666666667,0.32525,2.56833333333333,60.65,126.285714285714,109,"6/1/2009",1,6,1420,270,1.739034482,98.5
"87",2009,"GR",1,8,2009-08-07,0.00643666666666667,0.0127045833333333,0.018618,8.38,385,18.5,204.616666666667,0.0357366666666667,0.32525,4.585,95.22,102.204761904762,109,"6/1/2009",1,6,1420,270,1.739034482,67.6666666666667
"88",2009,"MS",1,8,2009-08-11,0.00910625,0.00523166666666667,0.00771333333333333,7.8,265.5,17.15,141.133333333333,0.01646,0.199333333333333,3.74666666666667,33.7,116.952380952381,163,"5/26/2009",26,5,17300,2580,1.885712438,77.5277777777778
"89",2009,"MS",1,9,2009-09-06,0.00890875,0.005208,0.0044225,7.8,294,16.8666666666667,156.15,0.01646,0.199333333333333,2.13166666666667,41.7142857142857,148.045454545455,163,"5/26/2009",26,5,17300,2580,1.885712438,103.5
"90",2009,"BN",1,8,2009-08-07,0.00852333333333333,0.00616125,0.0156716666666667,8.17666666666667,399,18.5166666666667,211.966666666667,0.0363966666666667,0.27525,7.16833333333333,111.7,144.857142857143,40,"5/26/2009",26,5,3700,2830,1.093465528,73.6666666666667
"91",2009,"BN",1,9,2009-09-07,0.00932666666666667,0.00850666666666667,0.01066,8.17666666666667,451.5,17.8333333333333,239.833333333333,0.0363966666666667,0.27525,4.64166666666667,56.35,225.619047619048,40,"5/26/2009",26,5,3700,2830,1.093465528,104.5
"92",2009,"DL",1,8,2009-08-07,0.009068,0.0603036666666667,0.013759,8.44666666666667,361,18.7833333333333,182.583333333333,0.0292233333333333,0.31725,4.62333333333333,51.1,181.047619047619,67,"6/1/2009",1,6,1140,266,1.624330522,67.9444444444444
"93",2009,"DL",1,9,2009-09-07,0.0107383333333333,0.063395,0.009,8.44666666666667,421.833333333333,18.5833333333333,224,0.0292233333333333,0.31725,2.89333333333333,91.8,502.904761904762,67,"6/1/2009",1,6,1140,266,1.624330522,98.5
"94",2009,"HU",1,9,2009-09-07,0.0108283333333333,0.0319176666666667,0.00407,8.27666666666667,261.666666666667,19.1333333333333,139.1,0.0167533333333333,0.192,2.70666666666667,14.5789473684211,51.3333333333333,136,"6/1/2009",1,6,35300,2150,2.541628559,98.39
"95",2009,"HU",1,8,2009-08-08,0.00915833333333333,0.0344066666666667,0.00562666666666667,8.27666666666667,229.783333333333,19.5666666666667,122.15,0.0167533333333333,0.192,3.37833333333333,9.6,39.1904761904762,136,"6/1/2009",1,6,35300,2150,2.541628559,68.6666666666667
"96",2009,"BM",1,8,2009-08-09,0.00707333333333333,0.0327983333333333,0.007435,8.22333333333333,259.833333333333,16.6833333333333,137.816666666667,0.0198333333333333,0.192666666666667,3.88333333333333,10.75,38,13,"6/1/2009",1,6,35300,2150,2.541628559,69.1666666666667
"97",2009,"BM",1,9,2009-09-08,0.011569,0.043121,0.008719,8.22333333333333,292.166666666667,16.4,154.866666666667,0.0198333333333333,0.192666666666667,2.82666666666667,40.7,360.761904761905,13,"6/1/2009",1,6,35300,2150,2.541628559,99.5
"98",2010,"FH",1,8,2010-08-09,0.00759166666666667,0.00788333333333333,0.00415833333333333,8.22,214.45,21.9666666666667,114.05,0.010675,0.206,1.655,15.6666666666667,38.3636363636364,95,"6/7/2010",7,6,26400,7590,1.515144488,63.2666666666667
"99",2010,"FH",1,9,2010-09-09,0.007775,0.00858333333333333,0.003375,8.22,239.5,19.6,127.433333333333,0.010675,0.206,1.56333333333333,24,36.9095238095238,95,"6/7/2010",7,6,26400,7590,1.515144488,94.5
"100",2010,"GR",1,9,2010-09-09,0.00955,0.0240833333333333,0.0278833333333333,8.08,413.666666666667,17.3333333333333,219.666666666667,0.0885333333333333,0.306,13.2633333333333,59.95,119.466666666667,110,"6/18/2010",18,6,1980,270,1.942825561,83
"101",2010,"GR",1,8,2010-08-06,0.010775,0.0162875,0.0317666666666667,8.08,363.666666666667,19.7,194.133333333333,0.0885333333333333,0.306,13.6483333333333,67.8095238095238,64.1478260869565,110,"6/18/2010",18,6,1980,270,1.942825561,49
"102",2010,"MS",1,9,2010-09-09,0.00799166666666667,0.003,0.0052,7.52,293.5,16.05,156.416666666667,0.0176,0.164,2.26333333333333,30.7272727272727,71.9826086956522,164,"6/18/2010",18,6,10100,2580,1.576039952,83
"103",2010,"MS",1,8,2010-08-08,0.00964166666666667,0.00421666666666667,0.00828333333333333,7.52,265,18.1166666666667,140.95,0.0176,0.164,2.53166666666667,50.2857142857143,120.95,164,"6/18/2010",18,6,10100,2580,1.576039952,51.25
"104",2010,"BN",1,9,2010-09-09,0.006825,0.00343333333333333,0.0162,7.88,445.833333333333,17.0166666666667,238.166666666667,0.0363,0.24125,3.22833333333333,82.45,138.357142857143,41,"6/18/2010",18,6,4130,2830,1.134282431,83
"105",2010,"BN",1,8,2010-08-06,0.008625,0.00577083333333333,0.0214,7.88,399.5,19.1,212.066666666667,0.0363,0.24125,3.79833333333333,68.6842105263158,61.9894736842105,41,"6/18/2010",18,6,4130,2830,1.134282431,49
"106",2010,"DL",1,8,2010-08-06,0.0093,0.0407375,0.0276458333333333,8.30333333333333,337,19.2833333333333,179.05,0.0787333333333333,0.2805,5.79,39.375,54.8684210526316,68,"6/17/2010",17,6,1470,266,1.767984959,50
"107",2010,"DL",1,9,2010-09-09,0.00778333333333333,0.0586666666666667,0.0269166666666667,8.30333333333333,400.333333333333,17.4,212.683333333333,0.0787333333333333,0.2805,5.61333333333333,46,155.67,68,"6/17/2010",17,6,1470,266,1.767984959,84
"108",2010,"HU",1,8,2010-08-06,0.0101,0.0246166666666667,0.00471666666666667,8.02666666666667,234.983333333333,21.1,124.866666666667,0.0204666666666667,0.171,2.93333333333333,20.4285714285714,63.7454545454545,137,"6/6/2010",6,6,23100,2150,2.206604536,61.5
"109",2010,"HU",1,9,2010-09-08,0.00993333333333333,0.0356083333333333,0.00364583333333333,8.02666666666667,265.5,18.1833333333333,141.416666666667,0.0204666666666667,0.171,3.64,24.15,93.3285714285714,137,"6/6/2010",6,6,23100,2150,2.206604536,94.4
"110",2010,"BM",1,8,2010-08-06,0.00925,0.0347833333333333,0.00758333333333333,7.79333333333333,256.166666666667,18.1333333333333,136.233333333333,0.0196666666666667,0.187,3.12666666666667,20.5263157894737,66.4047619047619,14,"6/6/2010",6,6,23100,2150,2.206604536,61.5
"111",2010,"BM",1,9,2010-09-09,0.0209291666666667,0.0528583333333333,0.00654166666666667,7.79333333333333,290.333333333333,15.75,154.3,0.0196666666666667,0.187,3.39833333333333,31.95,138.828571428571,14,"6/6/2010",6,6,23100,2150,2.206604536,95.5
"112",2011,"FH",1,9,2011-09-11,0.008125,0.0148,0.0045125,8.20666666666667,209.933333333333,16.7583333333333,136.441666666667,0.0153,0.144,1.20833333333333,6.66666666666667,14.952380952381,96,"6/10/2011",10,6,54700,7590,1.931591046,93
"113",2011,"FH",1,8,2011-08-10,0.00986666666666667,0.0134083333333333,0.0060625,8.20666666666667,170.583333333333,17.5833333333333,110.85,0.0153,0.144,5.14,6.94444444444444,10,96,"6/10/2011",10,6,54700,7590,1.931591046,61
"114",2011,"GR",1,8,2011-08-09,0.0134666666666667,0.0521333333333333,0.0295,8.25,298.05,16.2,193.8,0.0515666666666667,0.296,7.765,13,50.6666666666667,111,"6/10/2011",10,6,2560,270,2.116534736,60
"115",2011,"GR",1,9,2011-09-10,0.0135,0.0611,0.023575,8.25,357.808333333333,14.35,232.591666666667,0.0515666666666667,0.296,3.10333333333333,16.6666666666667,65.2666666666667,111,"6/10/2011",10,6,2560,270,2.116534736,92
"116",2011,"MS",1,8,2011-08-12,0.0106416666666667,0.00798666666666667,0.0113333333333333,8.25666666666667,223.3,15.45,145.366666666667,0.0181,0.185,5.02166666666667,9.78571428571429,24.0769230769231,165,"6/10/2011",10,6,28100,2580,2.216641899,63.8
"117",2011,"MS",1,9,2011-09-11,0.00916666666666667,0.00377,0.00888333333333333,8.25666666666667,258.866666666667,13.75,168.216666666667,0.0181,0.185,2.10833333333333,25.3333333333333,51.4761904761905,165,"6/10/2011",10,6,28100,2580,2.216641899,93
"118",2011,"BN",1,9,2011-09-10,0.00715,0.00439166666666667,0.02135,8.26,399.866666666667,15.075,259.958333333333,0.0396,0.279333333333333,3.29333333333333,17.2,69.5555555555556,42,"6/10/2011",10,6,7740,2830,1.3984647,92
"119",2011,"BN",1,8,2011-08-09,0.00921666666666667,0.01155,0.0241833333333333,8.26,336.416666666667,16.9,218.716666666667,0.0396,0.279333333333333,7.58166666666667,16.4444444444444,34.875,42,"6/10/2011",10,6,7740,2830,1.3984647,60
"120",2011,"DL",1,8,2011-08-09,0.0149416666666667,0.0677458333333333,0.0264666666666667,8.20333333333333,281.116666666667,15.75,182.866666666667,0.0503,0.28375,7.69333333333333,16.2380952380952,66.1904761904762,69,"6/14/2011",14,6,1960,266,1.945919238,56
"121",2011,"DL",1,9,2011-09-10,0.0129666666666667,0.101858333333333,0.0214166666666667,8.20333333333333,346.275,13.9583333333333,225.258333333333,0.0503,0.28375,3.46583333333333,11.1111111111111,44.7647058823529,69,"6/14/2011",14,6,1960,266,1.945919238,88
"122",2011,"HU",1,9,2011-09-11,0.0118875,0.0412875,0.0060125,8.07,230.183333333333,15.9583333333333,149.608333333333,0.021825,0.171333333333333,2.01,10.6666666666667,60,138,"6/9/2011",9,6,46600,2150,2.788147973,94
"123",2011,"HU",1,8,2011-08-13,0.0107875,0.0349208333333333,0.00840416666666667,8.07,183.95,16.9,119.6,0.021825,0.171333333333333,4.85166666666667,6.8,16.8095238095238,138,"6/9/2011",9,6,46600,2150,2.788147973,65.6
"124",2011,"BM",1,9,2011-09-13,0.0158833333333333,0.0401833333333333,0.00853333333333333,8.3,257.908333333333,14.225,167.616666666667,0.0209333333333333,0.185666666666667,2.09,8.42857142857143,39.3333333333333,15,"6/9/2011",9,6,46600,2150,2.788147973,96.1666666666667
"125",2011,"BM",1,8,2011-08-10,0.0181166666666667,0.0266166666666667,0.0113666666666667,8.3,221.283333333333,15.3,143.866666666667,0.0209333333333333,0.185666666666667,4.93333333333333,13.0952380952381,44.2857142857143,15,"6/9/2011",9,6,46600,2150,2.788147973,62.5
"126",2012,"FH",1,8,2012-08-12,0.009805,0.00971416666666667,0.00370333333333333,8.32666666666667,191.1,19.45,124.25,0.0082,0.169793333333333,1.24,16.14,16.1111111111111,97,"4/28/2012",28,4,42200,7590,1.771564185,106.044444444444
"127",2012,"FH",1,9,2012-09-05,0.00686666666666667,0.010335,0.00295833333333333,8.32666666666667,209.333333333333,17.1583333333333,136.233333333333,0.0082,0.169793333333333,1.02916666666667,10.6,19.4615384615385,97,"4/28/2012",28,4,42200,7590,1.771564185,130.75
"128",2012,"GR",1,9,2012-09-04,0.0094,NA,0.00678333333333333,8.38333333333333,424.441666666667,14.175,275.833333333333,0.02873,0.29065,2.17416666666667,57.0952380952381,147.761904761905,112,"6/6/2012",6,6,999,270,1.546680374,90.75
"129",2012,"GR",1,7,2012-07-21,0.00955375,0.013525,0.02191875,8.38333333333333,345.283333333333,16.6583333333333,224.408333333333,0.02873,0.29065,3.915,72.6190476190476,85.1904761904762,112,"6/6/2012",6,6,999,270,1.546680374,45.4
"130",2012,"MS",1,9,2012-09-05,0.00808166666666667,0.002905,0.00273833333333333,8.17666666666667,268.033333333333,14.225,174.308333333333,0.01274,0.149486666666667,1.55583333333333,27.4285714285714,63.2857142857143,166,"4/28/2012",28,4,17600,2580,1.896550104,130.75
"131",2012,"MS",1,8,2012-08-13,0.0106466666666667,0.00316,0.00361333333333333,8.17666666666667,243.283333333333,16.9666666666667,158.266666666667,0.01274,0.149486666666667,1.59333333333333,38.75,83.65,166,"4/28/2012",28,4,17600,2580,1.896550104,107.044444444444
"132",2012,"BN",1,7,2012-07-24,0.00889833333333333,0.00289833333333333,0.0136566666666667,8.42,361.525,16.8833333333333,235.058333333333,0.0228266666666667,0.253406666666667,3.64,122.761904761905,216.142857142857,43,"4/28/2012",28,4,2180,2830,0.916691813,87.5
"133",2012,"BN",1,9,2012-09-04,0.00976,0.00576,0.00416833333333333,8.42,464.475,15.225,302.033333333333,0.0228266666666667,0.253406666666667,2.57,71.2857142857143,167.85,43,"4/28/2012",28,4,2180,2830,0.916691813,129.75
"134",2012,"DL",1,9,2012-09-04,0.00809166666666667,0.0978666666666667,0.00585583333333333,8.38666666666667,408.741666666667,14.425,265.783333333333,0.0225066666666667,0.336625,2.10833333333333,58.3333333333333,180.714285714286,70,"6/6/2012",6,6,781,266,1.431934433,90.75
"135",2012,"DL",1,7,2012-07-24,0.01643875,0.04661,0.0138625,8.38666666666667,297.091666666667,16.5333333333333,193.075,0.0225066666666667,0.336625,3.79166666666667,50.0476190476191,110.095238095238,70,"6/6/2012",6,6,781,266,1.431934433,48.5
"136",2012,"HU",1,8,2012-08-13,0.0106166666666667,0.0286825,0.00339291666666667,8.24333333333333,207.616666666667,18.8333333333333,134.983333333333,0.0153475,0.21359,2.035,5.33333333333333,25.3333333333333,139,"4/28/2012",28,4,33700,2150,2.502632885,107.444444444444
"137",2012,"HU",1,9,2012-09-05,0.00947,0.0388625,0.00247625,8.24333333333333,229.733333333333,16.35,149.308333333333,0.0153475,0.21359,2.19916666666667,9.38095238095238,47.3333333333333,139,"4/28/2012",28,4,33700,2150,2.502632885,130.75
"138",2012,"BM",1,8,2012-08-12,0.01567,0.02843,0.00589,8.26333333333333,238.816666666667,17.05,155.116666666667,0.01575,0.246236666666667,2.20833333333333,12.047619047619,32.7619047619048,16,"4/28/2012",28,4,33700,2150,2.502632885,106.777777777778
"139",2012,"BM",1,9,2012-09-06,0.0086125,0.0387366666666667,0.00351666666666667,8.26333333333333,250.775,14.2916666666667,162.925,0.01575,0.246236666666667,2.20083333333333,27.8095238095238,161.380952380952,16,"4/28/2012",28,4,33700,2150,2.502632885,131.944444444444
"140",2013,"FH",1,7,2013-07-26,NA,0.0116066666666667,0.00388333333333333,8.45333333333333,211.666666666667,20.8,137.566666666667,0.00904,0.154586666666667,1.08333333333333,8.82352941176471,21.3571428571429,98,"5/15/2013",15,5,32700,7590,1.627178981,72.6666666666667
"141",2013,"FH",1,8,2013-08-28,0.00873,0.0110058333333333,0.00370666666666667,8.45333333333333,219.333333333333,20.15,142.558333333333,0.00904,0.154586666666667,1.04916666666667,7.25,15.5714285714286,98,"5/15/2013",15,5,32700,7590,1.627178981,105.75
"142",2013,"GR",1,6,2013-06-28,0.01894,0.001505,0.018715,8.47,453.95,18.65,295.1,0.0275233333333333,0.281795,1.31,61.9565217391304,63.1363636363636,113,"5/30/2013",30,5,394,270,1.134255305,29
"143",2013,"GR",1,8,2013-08-09,0.0132333333333333,0.00143916666666667,0.0175258333333333,8.47,470.275,17.6,305.65,0.0275233333333333,0.281795,1.415,107.074074074074,196.888888888889,113,"5/30/2013",30,5,394,270,1.134255305,71.5
"144",2013,"GR",1,9,2013-09-06,0.00828333333333333,0.00519916666666667,0.0162558333333333,8.47,492.875,15.725,320.275,0.0275233333333333,0.281795,1.8025,71.7142857142857,150.068965517241,113,"5/30/2013",30,5,394,270,1.134255305,99
"145",2013,"MS",1,8,2013-08-08,0.0140425,0.0021175,0.00345,8.22,263.875,17.1,171.6,0.01165,0.163265,2.6625,34.4761904761905,74.3809523809524,167,"5/14/2013",14,5,12300,2580,1.683042703,86.5
"146",2013,"MS",1,9,2013-09-10,0.0119066666666667,0.0014965,0.00352,8.22,285.35,15.775,185.625,0.01165,0.163265,2.2725,37.9523809523809,93.3809523809524,167,"5/14/2013",14,5,12300,2580,1.683042703,119.15
"147",2013,"BN",1,8,2013-08-09,0.0141908333333333,0.0067675,0.006095,8.3,476.95,18.275,309.9,0.014075,0.310273333333333,2.265,60.6190476190476,111.952380952381,44,"5/31/2013",31,5,1080,2830,0.725346923,70
"148",2013,"BN",1,6,2013-06-28,0.0180766666666667,0.011175,0.00556,8.3,446.4,19,289.9,0.014075,0.310273333333333,2.075,78.0952380952381,99,44,"5/31/2013",31,5,1080,2830,0.725346923,28
"149",2013,"BN",1,9,2013-09-06,0.0108,0.0017925,0.00682,8.3,513.75,16.65,333.95,0.014075,0.310273333333333,4.8425,63.4761904761905,119.619047619048,44,"5/31/2013",31,5,1080,2830,0.725346923,98
"150",2013,"DL",1,8,2013-08-11,0.0171108333333333,0.123040833333333,0.0103866666666667,8.425,475.025,18.05,308.9,0.0191366666666667,0.34142,2.6175,110.571428571429,331.448275862069,71,"5/30/2013",30,5,349,266,1.0947491,73.8333333333333
"151",2013,"DL",1,9,2013-09-06,0.0166808333333333,0.188708333333333,0.00863416666666667,8.425,498.6,15.95,324.175,0.0191366666666667,0.34142,3.43,80.9615384615385,168.115384615385,71,"5/30/2013",30,5,349,266,1.0947491,99
"152",2013,"DL",1,6,2013-06-28,0.015905,0.067495,0.01218,8.425,449.8,19.1,292.5,0.0191366666666667,0.34142,2.43,71.35,244.9,71,"5/30/2013",30,5,349,266,1.0947491,29
"153",2013,"HU",1,7,2013-07-26,0.0129733333333333,0.04542,0.0038325,8.34,242.233333333333,19.8333333333333,157.566666666667,0.017855,0.192618,2.76666666666667,5.28571428571429,14,140,"5/15/2013",15,5,25600,2150,2.283497297,72.3777777777778
"154",2013,"HU",1,8,2013-08-28,0.0114616666666667,0.042605,0.00366375,8.34,244.966666666667,18.6166666666667,159.233333333333,0.017855,0.192618,3.30083333333333,4.23809523809524,22.8571428571429,140,"5/15/2013",15,5,25600,2150,2.283497297,105.75
"155",2013,"BM",1,8,2013-08-08,0.0136725,0.02705,0.0035125,8.345,258.95,18.175,168.325,0.013125,0.21607,2.49,8.04761904761905,22.8095238095238,17,"5/15/2013",15,5,25600,2150,2.283497297,85
"156",2013,"BM",1,9,2013-09-09,0.0135941666666667,0.0367375,0.00555083333333333,8.345,282.1,16.325,183.275,0.013125,0.21607,2.7125,14.4761904761905,81.4285714285714,17,"5/15/2013",15,5,25600,2150,2.283497297,117.833333333333
"157",2014,"FH",1,8,2014-08-17,0.0114,0.00996666666666667,0.00433333333333333,7.93,195.541666666667,18.85,127.058333333333,0.00973333333333333,0.159,2.57,12.6529411764706,22.6666666666667,99,"5/26/2014",26,5,41000,7590,1.754610377,83.8901808785537
"158",2014,"GR",1,8,2014-08-12,0.010725,0.013425,0.0225166666666667,8.325,387.95,18.275,252.375,0.0314,0.356,4.18,105.952272727273,95.6136363636364,114,"6/28/2014",28,6,978,270,1.535765935,45.4407407407407
"159",2014,"MS",1,8,2014-08-14,0.010325,0.00283333333333333,0.00668333333333333,7.795,266.05,16.75,173.05,0.01155,0.142,2.78,36.3166666666667,92.1666666666667,168,"5/27/2014",27,5,17100,2580,1.87841754,79.75
"160",2014,"BN",1,8,2014-08-14,0.01765,0.00455833333333333,0.0203083333333333,8.165,463.375,18.525,301.275,0.0335,0.246333333333333,4.925,79.1976744186046,129.372093023256,45,"3/11/2014",11,3,2620,2830,0.974626656,156.681818181817
"161",2014,"DL",1,8,2014-08-14,0.012625,0.056175,0.013575,8.27,378.825,18.175,246.375,0.02495,0.338,4.3375,65.1333333333333,225.066666666667,72,"6/28/2014",28,6,741,266,1.407058618,47.8
"162",2014,"HU",1,8,2014-08-16,0.0109,0.01925,0.0058,7.805,206.65,18.5916666666667,134.4,0.0152,0.1635,2.67083333333333,9.13421052631579,25.3243243243243,141,"5/26/2014",26,5,33400,2150,2.495184529,82.4166666666667
"163",2014,"BM",1,7,2014-07-20,NA,0.0093,0.00825,8.13,228.75,16.95,148.85,0.01435,0.145,3.79,14.6368421052632,44.1578947368421,18,"5/26/2014",26,5,33400,2150,2.495184529,55.5
"164",2014,"BM",1,9,2014-09-06,0.0118,0.0244,0.006875,8.13,308.925,15.375,200.675,0.01435,0.145,2.335,19.5380952380952,123.666666666667,18,"5/26/2014",26,5,33400,2150,2.495184529,103
"165",2015,"FH",1,8,2015-08-06,0.00725,0.00655,0.0022,8.58,196.875,19.525,128.05,0.01005,0.1685,0.97,20.2,36.25,100,"6/3/2015",3,6,17000,7590,1.308385478,64.5
"166",2015,"FH",1,9,2015-09-12,0.00765,0.00575,NA,8.58,226.025,16.375,147.075,0.01005,0.1685,1.4975,26.1428571428571,57.8571428571429,100,"6/3/2015",3,6,17000,7590,1.308385478,101.599999999997
"167",2015,"GR",1,7,2015-07-08,0.0087,0.00165,0.01085,8.225,377.7,17.35,245.7,0.0240333333333333,0.3175,1.885,135.88,75.12,115,"6/3/2015",3,6,807,270,1.440466813,35
"168",2015,"GR",1,8,2015-08-07,0.0116875,0.0037875,0.00889166666666667,8.225,427.55,15.85,278.05,0.0240333333333333,0.3175,1.735,183.571428571429,312.190476190476,115,"6/3/2015",3,6,807,270,1.440466813,65.1666666666667
"169",2015,"GR",1,9,2015-09-10,0.0142875,0.0162875,0.00621666666666667,8.225,479.925,12.925,312.025,0.0240333333333333,0.3175,2.6475,45.8571428571429,129.190476190476,115,"6/3/2015",3,6,807,270,1.440466813,99.5
"170",2015,"MS",1,7,2015-07-07,0.010475,0.0017,0.0016,8.23,224.7,18.75,146.2,0.0157,0.171666666666667,1.86,91.5925925925926,116.814814814815,169,"6/3/2015",3,6,7010,2580,1.395402309,34.625
"171",2015,"MS",1,8,2015-08-07,0.0138625,0.00215,0.0017,8.23,255.35,17.625,166.05,0.0157,0.171666666666667,2.4325,22.047619047619,61.7619047619048,169,"6/3/2015",3,6,7010,2580,1.395402309,65.5
"172",2015,"MS",1,9,2015-09-10,0.0122,0.0026,0.00175,8.23,294.65,14.575,191.4,0.0157,0.171666666666667,3.895,27.952380952381,76.0952380952381,169,"6/3/2015",3,6,7010,2580,1.395402309,99
"173",2015,"BN",1,7,2015-07-08,0.00755,0.00233333333333333,0.00245,8.24,395,19.15,256.75,0.02115,0.245333333333333,1.245,97.7619047619048,68.9047619047619,46,"6/3/2015",3,6,1500,2830,0.809285218,35.875
"174",2015,"BN",1,8,2015-08-06,0.01035,0.00259166666666667,0.002175,8.24,449.625,17.7,292.175,0.02115,0.245333333333333,2.705,151.9,179.15,46,"6/3/2015",3,6,1500,2830,0.809285218,64.5
"175",2015,"BN",1,9,2015-09-11,0.013775,0.002275,0.003475,8.24,492,14.625,319.65,0.02115,0.245333333333333,5.72,26.5238095238095,57.0476190476191,46,"6/3/2015",3,6,1500,2830,0.809285218,100.5
"176",2015,"DL",1,7,2015-07-08,0.01085,0.0503,0.0042,8.305,354.05,17.8,230.1,0.01255,0.3285,2.565,74.1904761904762,188.904761904762,73,"6/3/2015",3,6,628,266,1.331555693,35
"177",2015,"DL",1,8,2015-08-09,0.0102583333333333,0.104966666666667,0.003275,8.305,409.425,16.125,266.175,0.01255,0.3285,1.9475,103.142857142857,235.285714285714,73,"6/3/2015",3,6,628,266,1.331555693,67.1111111111084
"178",2015,"DL",1,9,2015-09-10,0.0121083333333333,0.124366666666667,0.002425,8.305,467.95,13.075,304.2,0.01255,0.3285,2.3475,50.8571428571429,158.380952380952,73,"6/3/2015",3,6,628,266,1.331555693,99.5
"179",2015,"HU",1,8,2015-08-06,0.00905,0.02435,0.001825,8.29,214.925,19.525,139.75,0.0178,0.2115,1.845,6.1,15.8888888888889,142,"6/3/2015",3,6,15200,2150,1.919265438,64.5
"180",2015,"HU",1,9,2015-09-10,0.016175,0.023825,0.00175,8.29,246.45,16.525,160.225,0.0178,0.2115,2.475,14.047619047619,93.7619047619048,142,"6/3/2015",3,6,15200,2150,1.919265438,99.5
"181",2015,"BM",1,9,2015-09-12,0.01155,0.0211,0.00245,8.395,291.175,14.9,189.275,0.01925,0.2065,3.83,16.3333333333333,76.3333333333333,19,"6/3/2015",3,6,15200,2150,1.919265438,101
"182",2015,"BM",1,8,2015-08-08,0.0098,0.0165,0.0022,8.395,251.775,17.6,163.625,0.01925,0.2065,2.1825,24.7619047619048,100.238095238095,19,"6/3/2015",3,6,15200,2150,1.919265438,66
"183",2015,"BM",1,7,2015-07-09,0.0075,0.01145,0.0023,8.395,222.05,18.9,144.3,0.01925,0.2065,1.465,64.375,228.125,19,"6/3/2015",3,6,15200,2150,1.919265438,36.6666666666667
"184",2016,"FH",1,7,2016-07-23,0.0211,0.0096,0.0012,8.345,192.05,18.8,124.8,0.0096,0.1335,0.86,5.525,11.2,101,"5/10/2016",10,5,20800,7590,1.39939565,74.5
"185",2016,"FH",1,9,2016-09-10,0.020675,0.007275,0.0009375,8.345,225.7,15.5,146.75,0.0096,0.1335,1.3,15.0333333333333,13.75,101,"5/10/2016",10,5,20800,7590,1.39939565,123.916666666667
"186",2016,"GR",1,7,2016-07-15,0.0219,0.00125,0.0231,8.15,438.3,15.55,284.7,0.0301666666666667,0.285,1.37,170.208444444444,195.475555555556,116,"5/28/2016",28,5,598,270,1.303504315,48.1111111111084
"187",2016,"GR",1,9,2016-09-13,0.0171125,0.0183333333333333,0.00894166666666667,8.15,464.45,12.225,301.925,0.0301666666666667,0.285,1.2025,52.9228571428571,125.17619047619,116,"5/28/2016",28,5,598,270,1.303504315,108
"188",2016,"MS",1,8,2016-08-24,0.0198,0.006025,0.001025,8.28,255.85,16.725,166.225,0.0507,0.1405,23.415,28.4857142857143,67.7619047619048,170,"5/10/2016",10,5,7660,2580,1.437263361,106
"189",2016,"MS",1,7,2016-07-11,NA,0.0011,8e-04,8.28,247.05,17.4,160.55,0.0507,0.1405,1.195,76.1009302325581,114.755813953488,170,"5/10/2016",10,5,7660,2580,1.437263361,62.7480620155042
"190",2016,"BN",1,7,2016-07-15,0.00803333333333333,0.00163333333333333,0.00123333333333333,8.135,465.15,17.3,302.3,0.07645,0.211666666666667,0.94,178.800810810811,185.351351351351,47,"5/28/2016",28,5,1330,2830,0.777478525,48.56976744186
"191",2016,"BN",1,9,2016-09-13,0.029875,0.017025,0.006725,8.135,493.625,14.5,320.925,0.07645,0.211666666666667,21.83,60.1045454545455,96.2727272727273,47,"5/28/2016",28,5,1330,2830,0.777478525,108
"192",2016,"DL",1,7,2016-07-15,0.012,0.0387,0.0036,8.285,400.2,16.05,260.3,0.0125,0.2945,1.9,118.621162790698,389.102325581395,74,"5/22/2016",22,5,507,266,1.23986797,54.1046511627899
"193",2016,"DL",1,9,2016-09-13,0.0194166666666667,0.2192,0.002425,8.285,456.7,11.925,296.725,0.0125,0.2945,1.685,81.25,260.690476190476,74,"5/22/2016",22,5,507,266,1.23986797,114
"194",2016,"HU",1,9,2016-09-07,0.0180875,0.0533916666666667,0.001275,8.355,246.025,14.8,159.9,0.0196666666666667,0.2005,3.655,15.6047619047619,70.3333333333333,143,"5/9/2016",9,5,16800,2150,1.984374362,121.75
"195",2016,"HU",1,7,2016-07-22,0.0155333333333333,0.0283333333333333,0.00215,8.355,209.4,19.65,136.15,0.0196666666666667,0.2005,1.37,15.7,40.0714285714286,143,"5/9/2016",9,5,16800,2150,1.984374362,74.8888888888916
"196",2016,"BM",1,7,2016-07-14,0.0079,0.0113,0.00166666666666667,8.34,244.85,16.75,159.25,0.0232,0.1635,1.63,70.22975,252.7425,20,"5/9/2016",9,5,16800,2150,1.984374362,66.6111111111084
"197",2016,"BM",1,9,2016-09-08,0.012925,0.0315,0.00205,8.34,275.925,13.425,179.375,0.0232,0.1635,5.965,51.0238095238095,285.761904761905,20,"5/9/2016",9,5,16800,2150,1.984374362,122.5
"198",2017,"FH",1,8,2017-08-06,0.020575,0.0236,0.001575,8.14,216.025,19.55,140.2,0.0079,0.1365,0.99825,5.76875,10.9,102,"6/3/2017",3,6,34500,7590,1.656503812,64.5
"199",2017,"FH",1,9,2017-09-09,0.020275,0.024775,0.0016,8.14,236.575,16.775,153.725,0.0079,0.1365,1.17575,11.7285714285714,20.4333333333333,102,"6/3/2017",3,6,34500,7590,1.656503812,98
"200",2017,"GR",1,7,2017-07-11,0.0135,0.0025,0.0151,8.235,398.05,19,258.7,0.0174,0.2845,2.15,27.7285714285714,34,117,"6/14/2017",14,6,1840,270,1.89591132,27.25
"201",2017,"GR",1,8,2017-08-09,0.0130166666666667,0.038425,0.009825,8.235,435.5,17.6,283.05,0.0174,0.2845,1.5125,167.638095238095,116.242857142857,117,"6/14/2017",14,6,1840,270,1.89591132,56.8888888888916
"202",2017,"GR",1,9,2017-09-07,0.0131166666666667,0.127575,0.007725,8.235,480.025,13.55,312,0.0174,0.2845,1.77,139.922727272727,77.3409090909091,117,"6/14/2017",14,6,1840,270,1.89591132,85.5
"203",2017,"MS",1,7,2017-07-12,0.0149,0.002,0.0042,8.175,253,18.9,164.45,0.01085,0.169,2.34,18.2444444444444,28.3611111111111,171,"6/14/2017",14,6,14700,2580,1.786073018,28.9444444444444
"204",2017,"MS",1,8,2017-08-09,0.01325,0.002025,0.0031,8.175,260.15,17.825,169.15,0.01085,0.169,1.98,56.6,106.614285714286,171,"6/14/2017",14,6,14700,2580,1.786073018,56.5
"205",2017,"MS",1,9,2017-09-06,0.0106,0.003,0.00195,8.175,286.725,14.575,186.375,0.01085,0.169,2.13,47.5333333333333,68.8285714285714,171,"6/14/2017",14,6,14700,2580,1.786073018,84.5
"206",2017,"BN",1,7,2017-07-14,0.01745,0.0047,0.01265,8.26,445.25,19.85,289.55,0.0147,0.225,2.985,24.0823529411765,21.7352941176471,48,"6/14/2017",14,6,5140,2830,1.220091012,30.0555555555556
"207",2017,"BN",1,8,2017-08-08,0.016325,0.005825,0.0073,8.26,476.35,18.85,309.7,0.0147,0.225,2.3125,16.0428571428571,25.8619047619048,48,"6/14/2017",14,6,5140,2830,1.220091012,55.5
"208",2017,"BN",1,9,2017-09-07,0.0133,0.00895,0.00435,8.26,506.875,15.375,329.525,0.0147,0.225,3.4575,31.1619047619048,58.452380952381,48,"6/14/2017",14,6,5140,2830,1.220091012,85.5
"209",2017,"DL",1,7,2017-07-11,0.01275,0.02725,0.0081,8.22,363.45,18.6,236.25,0.0168666666666667,0.2595,2.29,53.1,105.97619047619,75,"6/14/2017",14,6,1560,266,1.803353999,27.25
"210",2017,"DL",1,8,2017-08-11,0.0133416666666667,0.133991666666667,0.00595,8.22,392.475,17.3,255.125,0.0168666666666667,0.2595,1.795,99.5619047619048,190.585714285714,75,"6/14/2017",14,6,1560,266,1.803353999,58.8333333333333
"211",2017,"DL",1,9,2017-09-07,0.0120166666666667,0.226691666666667,0.0036,8.22,446.3,13.325,290.075,0.0168666666666667,0.2595,1.75,61.252380952381,76.8666666666667,75,"6/14/2017",14,6,1560,266,1.803353999,85.5
"212",2017,"HU",1,8,2017-08-06,0.0130875,0.0576,0.0019,7.99,231.925,19.425,150.625,0.01435,0.243333333333333,2.05375,8.97,25.82,144,"6/14/2017",14,6,29200,2150,2.385877439,53.5
"213",2017,"HU",1,9,2017-09-06,0.01425,0.071475,0.0015,7.99,259.1,17.225,168.35,0.01435,0.243333333333333,1.9145,12.1714285714286,35.1857142857143,144,"6/14/2017",14,6,29200,2150,2.385877439,84.5
"214",2017,"BM",1,7,2017-07-13,0.010675,0.0107666666666667,0.00426666666666667,8.085,249.05,17.5,161.8,0.0156,0.153666666666667,2.265,5.07142857142857,13.5047619047619,21,"6/14/2017",14,6,29200,2150,2.385877439,29.0833333333333
"215",2017,"BM",1,8,2017-08-10,0.0116125,0.0212833333333333,0.00408333333333333,8.085,261.025,17,169.625,0.0156,0.153666666666667,2.025,6.58571428571429,24.9904761904762,21,"6/14/2017",14,6,29200,2150,2.385877439,57.5
"216",2017,"BM",1,9,2017-09-07,0.010825,0.02995,0.004,8.085,288.1,14.325,187.225,0.0156,0.153666666666667,2.435,47.0190476190476,175.838095238095,21,"6/14/2017",14,6,29200,2150,2.385877439,85
"217",2018,"FH",1,8,2018-08-10,0.0106916666666667,0.0178666666666667,0.0031,8.2,223.7,18.5,145.425,0.0103666666666667,0.1335,2.0675,7.945,15.9210526315789,103,"5/12/2018",12,5,59700,7590,1.988737754,90.9166666666667
"218",2018,"FH",1,9,2018-09-08,0.018675,0.0216916666666667,0.001,8.2,248.275,15.85,161.375,0.0103666666666667,0.1335,1.0925,13.1047619047619,29.8047619047619,103,"5/12/2018",12,5,59700,7590,1.988737754,119.5
"219",2018,"GR",1,8,2018-08-11,0.01545,0.0457083333333333,0.0139916666666667,8.28,382.975,17.35,248.95,0.0280666666666667,0.324,3.3775,58.51875,94.70625,118,"6/20/2018",20,6,2450,270,2.085774915,52.0833333333333
"220",2018,"GR",1,9,2018-09-07,0.02215,0.0775833333333333,0.00776666666666667,8.28,434.7,14.475,282.575,0.0280666666666667,0.324,2.6475,69.89,229.275,118,"6/20/2018",20,6,2450,270,2.085774915,79.5
"221",2018,"MS",1,8,2018-08-09,0.0169,0.0035375,0.0054875,8.185,271.075,18.1,176.15,0.01545,0.173,3.12,22.1238095238095,97.5476190476191,172,"5/11/2018",11,5,31500,2580,2.30266247,90.25
"222",2018,"MS",1,9,2018-09-10,0.017175,0.02285,0.00235,8.185,296.425,15.725,192.575,0.01545,0.173,2.0775,17.1428571428571,66.7571428571429,172,"5/11/2018",11,5,31500,2580,2.30266247,122.5
"223",2018,"BN",1,9,2018-09-07,0.020875,0.0045,0.007125,8.215,453.65,16.55,295.1,0.03365,0.241333333333333,2.4,14.6761904761905,65.2285714285714,49,"6/21/2018",21,6,5870,2830,1.275314278,78.5
"224",2018,"BN",1,8,2018-08-08,0.01215,0.0051125,0.0146666666666667,8.215,409.05,19.225,266,0.03365,0.241333333333333,3.8775,27.9714285714286,24.3714285714286,49,"6/21/2018",21,6,5870,2830,1.275314278,48.25
"225",2018,"DL",1,8,2018-08-08,0.01545,0.073625,0.0121,8.17,356.025,15.75,231.4,0.0304,0.305,3.76,43.4846153846154,75.8,76,"6/22/2018",22,6,2180,266,2.016159805,47.25
"226",2018,"DL",1,9,2018-09-07,0.0172416666666667,0.1151,0.0067,8.17,426.725,12.725,277.425,0.0304,0.305,2.8175,28.5952380952381,74.2333333333333,76,"6/22/2018",22,6,2180,266,2.016159805,77.5
"227",2018,"HU",1,8,2018-08-07,0.01275,0.03235,0.002625,7.97,237,17.825,154.05,0.0171,0.164,3.1225,10.1380952380952,26.8571428571429,145,"5/11/2018",11,5,51200,2150,2.877026311,88.75
"228",2018,"HU",1,9,2018-09-10,0.0162166666666667,0.045825,0.00175,7.97,266.3,15.825,173.1,0.0171,0.164,2.0325,7.35714285714286,28.7571428571429,145,"5/11/2018",11,5,51200,2150,2.877026311,122.444444444444
"229",2018,"BM",1,8,2018-08-10,0.03095,0.021475,0.006775,8.17,269.275,16.75,175,0.01745,0.18,2.755,11.4631578947368,42.5105263157895,22,"5/11/2018",11,5,51200,2150,2.877026311,91.25
"230",2018,"BM",1,9,2018-09-12,0.0204833333333333,0.0334416666666667,0.00355833333333333,8.17,298.125,14.975,193.725,0.01745,0.18,2.1,23.2666666666667,148.361904761905,22,"5/11/2018",11,5,51200,2150,2.877026311,124.777777777778
"231",2019,"FH",1,8,2019-08-09,0.0225,0.0125833333333333,0.0200833333333333,8.45,227.85,18.975,148.0375,0.008,0.115,2.225,9.007,16.581,104,"5/19/2019",19,5,42000,7590,1.768761072,82.3888888888916
"232",2019,"FH",1,9,2019-09-09,0.019925,0.00983333333333333,0.0135833333333333,8.45,256.375,17.875,166.75,0.008,0.115,3.755,10.465,24.56,104,"5/19/2019",19,5,42000,7590,1.768761072,113.25
"233",2019,"GR",1,7,2019-07-16,0.0137,NA,0.046,8.735,378.15,19.4,245.705,0.0375,0.23,4.03,47.522972972973,34.0678052189189,119,"5/18/2019",18,5,1420,270,1.739034482,59.5
"234",2019,"GR",1,8,2019-08-21,0.02185,0.074,0.038,8.735,411.025,19.55,266.9925,0.0375,0.23,3.315,54.6105263157895,141.594736842105,119,"5/18/2019",18,5,1420,270,1.739034482,95.75
"235",2019,"MS",1,7,2019-07-14,0.015,0.005,0.0245,8.58,277.3,17.4,180.375,0.014,0.125,5.13,79.8401951219512,122.800609756098,173,"5/18/2019",18,5,16200,2580,1.844867171,57.75
"236",2019,"MS",1,8,2019-08-09,0.0175,0.005,0.01925,8.58,290.575,17.725,189.015,0.014,0.125,3.6625,53.4361904761905,108.2,173,"5/18/2019",18,5,16200,2580,1.844867171,83.25
"237",2019,"MS",1,9,2019-09-09,0.0175,0.016,0.0155,8.58,316.6,15.75,205.915,0.014,0.125,7.1525,29.7142857142857,101.85,173,"5/18/2019",18,5,16200,2580,1.844867171,114.25
"238",2019,"BN",1,7,2019-07-16,0.01365,0.005,0.039,8.58,423.5,18.65,275.275,0.0276666666666667,0.185,4.51,72.5528,69.4168888888889,50,"4/8/2019",8,4,3640,2830,1.087522663,99.4521276595775
"239",2019,"BN",1,8,2019-08-19,0.021825,0.004,0.0328333333333333,8.58,417.75,19.7,270.5625,0.0276666666666667,0.185,4.06,55.8133333333333,117.65,50,"4/8/2019",8,4,3640,2830,1.087522663,133.944444444444
"240",2019,"DL",1,7,2019-07-15,0.025,0.0295,0.0255,8.85,345.4,18.05,224.575,0.0255,0.235,3.23,66.8725623583333,201.985260771429,77,"5/18/2019",18,5,1280,266,1.688273399,58.8444444444472
"241",2019,"DL",1,8,2019-08-21,0.0275,0.086,0.027,8.85,391.35,18.85,254.475,0.0255,0.235,3.075,75.8909090908696,188.972727273913,77,"5/18/2019",18,5,1280,266,1.688273399,95.75
"242",2019,"HU",1,9,2019-09-10,0.02375,0.03775,0.0144166666666667,8.36,281.175,17.375,182.8125,0.014,0.17,3.3475,17.25,68.1,146,"5/18/2019",18,5,34000,2150,2.510037168,115.75
"243",2019,"HU",1,8,2019-08-08,0.0266666666666667,0.03575,0.0149166666666667,8.36,248.95,18.875,162.0125,0.014,0.17,2.4025,9.0455,29.04275,146,"5/18/2019",18,5,34000,2150,2.510037168,82.25
"244",2019,"BM",1,8,2019-08-08,0.025,0.0320833333333333,0.0215833333333333,8.485,285.525,17.425,185.74,0.014,0.136666666666667,3.6425,15.06725,44.315,23,"5/18/2019",18,5,34000,2150,2.510037168,82.75
"245",2019,"BM",1,9,2019-09-09,0.0225,0.039,0.015,8.485,311.35,16.075,202.725,0.014,0.136666666666667,6.2975,58.55,253.4,23,"5/18/2019",18,5,34000,2150,2.510037168,114.75
"246",2020,"FH",1,8,2020-08-10,NA,0.0065,0.002,8.075,220.7,18.95,NA,0.006,0.09,2.2775,8.27571428571429,16.7533333333333,105,"5/22/2020",22,5,42900,7590,1.781305896,80.8333333333333
"247",2020,"FH",1,9,2020-09-09,0.02,0.009375,0.0035,8.075,251.15,16.275,NA,0.006,0.09,1.4425,8.19761904761905,16.4980952380952,105,"5/22/2020",22,5,42900,7590,1.781305896,110.833333333333
"248",2020,"GR",1,8,2020-08-11,NA,0.017,0.01025,8.51,406.3,18.825,NA,0.02,0.18,4.0075,139.6645,105.9665,120,"6/9/2020",9,6,2040,270,1.962255106,63.6666666666667
"249",2020,"GR",1,9,2020-09-10,0.02,0.0265,0.0125833333333333,8.51,468.8,15.15,NA,0.02,0.18,3.16,66.2779166666667,147.974166666667,120,"6/9/2020",9,6,2040,270,1.962255106,93.1666666666667
"250",2020,"MS",1,7,2020-07-21,NA,NA,0.006,8.18,257.5,18.65,NA,0.016,0.11,8.16,68.2325925925926,39.0981481481481,174,"5/21/2020",21,5,20000,2580,1.979110744,61.75
"251",2020,"MS",1,8,2020-08-12,0.007,0.003,0.00525,8.18,277.4,18.475,NA,0.016,0.11,5.4675,117.93375,119.346666666667,174,"5/21/2020",21,5,20000,2580,1.979110744,83
"252",2020,"MS",1,9,2020-09-10,0.0135,0.003,0.00508333333333333,8.18,311.125,16.075,NA,0.016,0.11,3.345,36.9171428571429,92.82,174,"5/21/2020",21,5,20000,2580,1.979110744,112.666666666667
"253",2020,"BN",1,7,2020-07-23,NA,NA,0.009,8.195,378.8,19.5,NA,0.0175,0.15,5.015,77.2117647058824,55.5865,51,"5/22/2020",22,5,3670,2830,1.090502192,62
"254",2020,"BN",1,8,2020-08-11,NA,NA,0.00875,8.195,429.975,19.525,NA,0.0175,0.15,4.015,27.5190476190476,69.3933333333333,51,"5/22/2020",22,5,3670,2830,1.090502192,81.6666666666667
"255",2020,"BN",1,9,2020-09-10,0.02,NA,0.00975,8.195,480.3,16.5,NA,0.0175,0.15,4.1375,29.922380952381,144.493333333333,51,"5/22/2020",22,5,3670,2830,1.090502192,111.166666666667
"256",2020,"DL",1,9,2020-09-10,0.02,0.0833333333333333,0.00766666666666667,8.47,465.025,14.675,NA,0.017,0.17,1.865,38.1595238095238,101.877142857143,78,"6/19/2020",19,6,1590,266,1.81484064,83.1666666666667
"257",2020,"DL",1,7,2020-07-22,NA,0.016,0.006,8.47,364.05,19.1,NA,0.017,0.17,3.44,33.006,103.028666666667,78,"6/19/2020",19,6,1590,266,1.81484064,33.8333333333333
"258",2020,"DL",1,8,2020-08-12,NA,0.0465,0.0065,8.47,404.35,17.85,NA,0.017,0.17,2.9325,75.960625,274.349375,78,"6/19/2020",19,6,1590,266,1.81484064,54.5
"259",2020,"HU",1,8,2020-08-10,0.009,0.014,0.004,8.25,237.9,18.925,NA,0.0125,0.12,3.66,11.6871428571429,35.8461904761905,147,"5/22/2020",22,5,37300,2150,2.588750072,80.8333333333333
"260",2020,"HU",1,9,2020-09-10,0.0145,0.0351666666666667,0.00466666666666667,8.25,278.575,16.65,NA,0.0125,0.12,2.41,20.1538095238095,80.8466666666667,147,"5/22/2020",22,5,37300,2150,2.588750072,111.833333333333
"261",2020,"BM",1,8,2020-08-11,NA,0.017,0.0045,8.255,269.325,17.9,NA,0.0205,0.13,3.3925,17.4209523809524,55.1357142857143,24,"5/22/2020",22,5,37300,2150,2.588750072,81.5
"262",2020,"BM",1,9,2020-09-10,0.02,0.025,0.005,8.255,291.85,15.65,NA,0.0205,0.13,2.9875,24.8833333333333,116.385714285714,24,"5/22/2020",22,5,37300,2150,2.588750072,111.333333333333
"263",2021,"FH",1,8,2021-08-17,0.02,0.0148333333333333,0.025,8.525,233.65,14.025,NA,0.008,0.193333333333333,2.6025,9.53809523809524,19.4047619047619,106,"6/6/2021",6,6,31700,7590,1.610420025,72
"264",2021,"FH",1,9,2021-09-13,0.02,0.008,NA,8.525,260.5,15.775,NA,0.008,0.193333333333333,2.4425,19.2380952380952,50.7619047619048,106,"6/6/2021",6,6,31700,7590,1.610420025,99
"265",2021,"GR",1,7,2021-07-16,0.025,0.002,0.00466666666666667,8.67,476.15,20.75,NA,0.03,0.26,2.635,59.9523809523809,99.6666666666667,121,"6/6/2021",6,6,577,270,1.288063725,40.7777777777778
"266",2021,"GR",1,8,2021-08-16,0.0275,0.003,0.00383333333333333,8.67,487.425,19.75,NA,0.03,0.26,2.925,61.8095238095238,238.857142857143,121,"6/6/2021",6,6,577,270,1.288063725,71.6666666666667
"267",2021,"GR",1,9,2021-09-11,0.025,0.019,0.0025,8.67,504.075,14.65,NA,0.03,0.26,2.6,46.8095238095238,144.857142857143,121,"6/6/2021",6,6,577,270,1.288063725,97.8333333333333
"268",2021,"MS",1,8,2021-08-17,0.02,NA,0.001,8.49,286.625,18.575,NA,0.015,0.105,3.765,45.1904761904762,196.857142857143,175,"6/5/2021",5,6,13500,2580,1.736086477,73.3333333333333
"269",2021,"MS",1,9,2021-09-13,0.015,NA,NA,8.49,317.1,15.225,NA,0.015,0.105,4.1775,46.3333333333333,103.761904761905,175,"6/5/2021",5,6,13500,2580,1.736086477,100.666666666667
"270",2021,"BN",1,7,2021-07-15,0.03,0.005,0.005,8.67,548.7,21.65,NA,0.019,0.23,2.61,137.136363636364,186.272727272727,52,"5/27/2021",27,5,1650,2830,0.835409038,49.8333333333333
"271",2021,"BN",1,8,2021-08-16,0.025,0.005,0.005,8.67,531.075,20.775,NA,0.019,0.23,3.6025,96.4285714285714,185,52,"5/27/2021",27,5,1650,2830,0.835409038,81.6666666666667
"272",2021,"BN",1,9,2021-09-12,0.02,NA,8e-04,8.67,520.925,15.925,NA,0.019,0.23,4.6275,66.6190476190476,185.761904761905,52,"5/27/2021",27,5,1650,2830,0.835409038,108.666666666667
"273",2021,"DL",1,7,2021-07-16,0.03,0.114,0.002,8.44,453.15,19.35,NA,0.017,0.335,2.77,41.9047619047619,120.428571428571,79,"6/6/2021",6,6,590,266,1.304137726,40.3333333333333
"274",2021,"DL",1,8,2021-08-16,0.03,0.1035,0.002,8.44,483.6,18.075,NA,0.017,0.335,2.9,37.1904761904762,139.571428571429,79,"6/6/2021",6,6,590,266,1.304137726,71.3333333333333
"275",2021,"DL",1,9,2021-09-13,0.025,0.106,NA,8.44,523.325,13.225,NA,0.017,0.335,3.005,30.8095238095238,101.487804878049,79,"6/6/2021",6,6,590,266,1.304137726,99.6666666666667
"276",2021,"HU",1,8,2021-08-17,0.025,0.016,0.00145,8.28,259.125,18.45,NA,0.015,0.155,2.935,16.1904761904762,62.9523809523809,148,"6/5/2021",5,6,28200,2150,2.358324428,73
"277",2021,"HU",1,9,2021-09-13,0.02,0.01225,NA,8.28,287.825,14.725,NA,0.015,0.155,3.0275,64.8095238095238,363.714285714286,148,"6/5/2021",5,6,28200,2150,2.358324428,100.166666666667
"278",2021,"BM",1,8,2021-08-16,0.02,0.0175,0.001,8.44,280.525,17,NA,0.007,0.13,3.2675,14.047619047619,59.1904761904762,25,"6/5/2021",5,6,28200,2150,2.358324428,72.5
"279",2021,"BM",1,7,2021-07-16,0.02,0.02,0.001,8.44,262.35,17.6,NA,0.007,0.13,2.045,16.3809523809524,57.3333333333333,25,"6/5/2021",5,6,28200,2150,2.358324428,41.5
"280",2022,"FH",1,8,2022-08-12,0.02,0.01175,0.01025,7.95,198.416666666667,19.0666666666667,NA,0.0293333333333333,0.15,2.47,4.04117647058824,7.71340588235294,107,"6/13/2022",13,6,35700,7590,1.675491183,60.375
"281",2022,"FH",1,9,2022-09-11,0.02,0.01375,0.00975,7.95,241.066666666667,17.3916666666667,NA,0.0293333333333333,0.15,1.3975,9.6747619047619,20.4809238095238,107,"6/13/2022",13,6,35700,7590,1.675491183,90.75
"282",2022,"GR",1,7,2022-07-18,0.03,NA,0.021,8.43,436.1,21.2,NA,0.034,0.223333333333333,3.125,74.1052631578947,51.6179157894737,122,"6/13/2022",13,6,923,270,1.506419674,35.75
"283",2022,"GR",1,8,2022-08-11,0.0225,0.006,0.014,8.43,451.125,21.1,NA,0.034,0.223333333333333,2.41,115.095238095238,75.0967476190476,122,"6/13/2022",13,6,923,270,1.506419674,59.25
"284",2022,"GR",1,9,2022-09-13,0.015,0.006,0.00415,8.43,495.35,18.35,NA,0.034,0.223333333333333,1.445,102.863636363636,99.2602409090909,122,"6/13/2022",13,6,923,270,1.506419674,92.6666666666667
"285",2022,"MS",1,7,2022-07-23,0.03,0.021,0.0195,8.315,251.45,20.5,NA,0.0123333333333333,0.125,5.92,29.7073170731707,88.9281756097561,176,"6/12/2022",12,6,11800,2580,1.659921055,41.75
"286",2022,"MS",1,9,2022-09-10,0.0166666666666667,0.003,0.002,8.315,295.875,17.875,NA,0.0123333333333333,0.125,3.435,40.7142857142857,95.7108761904762,176,"6/12/2022",12,6,11800,2580,1.659921055,90.5
"287",2022,"BN",1,7,2022-07-18,NA,0.021,0.0225,8.395,441,22.05,NA,0.0193333333333333,0.21,8.14,62.6190476190476,66.8821666666667,53,"6/13/2022",13,6,2170,2830,0.915287995,35.75
"288",2022,"BN",1,8,2022-08-14,0.0133333333333333,0.013,0.0130833333333333,8.395,480.45,22.225,NA,0.0193333333333333,0.21,6.265,39.7142857142857,145.048280952381,53,"6/13/2022",13,6,2170,2830,0.915287995,62.5
"289",2022,"BN",1,9,2022-09-10,0.0133333333333333,0.005,0.00255833333333333,8.395,525.9,19.475,NA,0.0193333333333333,0.21,4.21,43.2380952380952,87.8959476190476,53,"6/13/2022",13,6,2170,2830,0.915287995,89.5
"290",2022,"DL",1,7,2022-07-18,0.03,0.0135,0.002,8.41,430.6,20.5,NA,0.012,0.213333333333333,2.57,33.55,187.839265,80,"6/12/2022",12,6,856,266,1.476377358,36.75
"291",2022,"DL",1,8,2022-08-11,0.0225,0.064,0.00195,8.41,460.325,19.975,NA,0.012,0.213333333333333,1.9575,87.0833333333333,175.938995833333,80,"6/12/2022",12,6,856,266,1.476377358,60.25
"292",2022,"DL",1,9,2022-09-11,0.015,0.132,0.0014,8.41,513.675,16.775,NA,0.012,0.213333333333333,1.6425,201.695652173913,208.5242,80,"6/12/2022",12,6,856,266,1.476377358,91.5
"293",2022,"HU",1,9,2022-09-12,0.02,0.0224166666666667,0.00145,7.91,265.533333333333,17.175,NA,0.0323333333333333,0.12,3.03416666666667,23.047619047619,68.8747619047619,149,"6/13/2022",13,6,28700,2150,2.372180941,91.5
"294",2022,"HU",1,8,2022-08-12,0.02,0.0226666666666667,0.00175,7.91,214.633333333333,18.95,NA,0.0323333333333333,0.12,4.27666666666667,14.6875,43.62551875,149,"6/13/2022",13,6,28700,2150,2.372180941,60.375
"295",2022,"BM",1,7,2022-07-20,NA,0.01,0.004,7.99,237.6,17.4,NA,0.0316666666666667,0.14,6.14,16.7142857142857,53.8609571428571,26,"6/13/2022",13,6,28700,2150,2.372180941,37
"296",2022,"BM",1,9,2022-09-11,0.02,0.033,0.01,7.99,289.975,17.725,NA,0.0316666666666667,0.14,3.23083333333333,21.047619047619,116.164061904762,26,"6/13/2022",13,6,28700,2150,2.372180941,90.75
