,Year,Month,Site,Group.1,Group.2,ActivityStartDate,Day.x,Chlorophyll.a..corrected.for.pheophytin,Weight,Temperature..water,pH,Specific.conductance,Turbidity,T/W,Dissolved.oxygen.saturation,Oxidation.reduction.potential..ORP.,Ammonia,Nitrate...Nitrite,Orthophosphate,Total.dissolved.solids,Total.Nitrogen..mixed.forms,Total.Phosphorus..mixed.forms,Q_CFS.x,Q_CFS.y,anomaly,Days_Since_Freshet,...1,TN_DISS,TP_DISS,X.Arsenic..water..filtered..micrograms.per.liter,X.Cadmium..water..filtered..micrograms.per.liter,X.Copper..water..filtered..micrograms.per.liter,X.Iron..water..filtered..micrograms.per.liter,X.Lead..water..filtered..micrograms.per.liter,X.Manganese..water..filtered..micrograms.per.liter,X.Zinc..water..filtered..micrograms.per.liter
261,2017,7,BN,17-Jul,Clark Fork River at Bonita,7/10/2017,10,17.59542857,24.08235294,19.85,8.26,445.25,2.985,0.123949682,91.55,238.65,0.01745,0.0047,0.01265,289.55,0.225,0.03305,5140,2830,1.347684836,26,48,0.0204,0.23775,26.5,0.067,,,,,
263,2017,7,GR,17-Jul,Clark Fork River above Little Blackfoot,7/9/2017,9,22.667,27.72857143,19,8.235,398.05,2.15,0.077537352,94.25,215.2,0.0135,0.0025,0.0151,258.7,0.2845,0.03585,1840,270,2.610520028,25,117,0.02075,0.2955,27.4,0.102,,,,,
262,2017,7,DL,17-Jul,Clark Fork River at Deer Lodge,7/9/2017,9,105.9761905,53.1,18.6,8.22,363.45,2.29,0.043126177,91.75,212.85,0.01275,0.02725,0.0081,236.25,0.2595,0.024,1560,266,2.421706352,25,75,0.0159,0.245,22.8,,,,,,
264,2017,7,MS,17-Jul,Clark Fork River above Missoula,7/10/2017,10,24.30966667,18.24444444,18.9,8.175,253,2.34,0.128258222,93.35,234.95,0.0149,0.002,0.0042,164.45,0.169,0.01515,14700,2580,2.386980188,26,171,0.01095,0.1819,7.2,0.033,8,,,44.6,8.6
226,2015,7,GR,15-Jul,Clark Fork River above Little Blackfoot,7/3/2015,3,75.12,135.88,17.35,8.225,377.7,1.885,0.013872535,81,101.7,0.0087,0.00165,0.01085,245.7,0.3175,0.03135,807,270,1.728840331,30,115,0.0205,0.32455,18.7,0.084,14.4,,,23.3,6.7
342,2021,8,DL,21-Aug,Clark Fork River at Deer Lodge,8/8/2021,8,139.5714286,37.19047619,16.8,8.43,514.05,3.03,0.081472471,,,0.03,0.093,,,0.33,0.017,590,266,1.489310281,63,79,0.017,0.267,13.2,0.053,6.6,21.2,0.427,46.8,3.7
354,2022,7,BN,22-Jul,Clark Fork River at Bonita,7/17/2022,17,66.88216667,62.61904762,22.05,8.395,441,8.14,0.129992395,,,,0.021,0.0225,,0.21,0.06,2170,2830,0.875662294,34,53,0.0375,0.189,10.4,0.081,7.6,36.7,0.392,12.6,5.7
170,2012,7,GR,12-Jul,Clark Fork River above Little Blackfoot,7/23/2012,23,85.19047619,72.61904762,19.06666667,8.383333333,408.8666667,2.1,0.028918033,,111.3333333,0.0088675,0.00178,0.0193825,265.8666667,0.29065,0.0480775,999,270,1.923538406,47,112,0.028695,0.2977375,13.85,0.0705,12.25,28.45,0.2865,31.35,6.6
137,2010,8,BN,10-Aug,Clark Fork River at Bonita,8/5/2010,5,58.89005,68.68421053,19.73333333,8.073333333,436,2.79,0.04062069,,-51.33333333,0.00765,0.003966667,0.0206,231.3333333,0.217666667,0.0363,4130,2830,1.208041372,48,41,0.0157,0.22135,12.9,0.057,4.8,4,0.285,13.8,4.9
318,2020,7,DL,20-Jul,Clark Fork River at Deer Lodge,7/23/2020,23,73.59219048,33.006,19.1,8.47,364.05,3.44,0.104223475,,,,0.016,0.006,,0.17,0.023,1590,266,2.444881103,34,78,0.017,0.154,10.3,0.102,10.8,33.1,0.275,16.2,7
158,2011,8,GR,11-Aug,Clark Fork River above Little Blackfoot,8/8/2011,8,50.66666667,13,16.9,8.446666667,332.5666667,3.386666667,0.260512821,,217.8666667,0.0143,0.0658,0.0315,216.2333333,0.305,0.051566667,2560,270,3.079201436,59,111,0.020066667,0.2535,20.4,0.118,14.8,29.7,0.274,45.4,9.6
317,2020,7,BN,20-Jul,Clark Fork River at Bonita,7/23/2020,23,52.93957143,77.21176471,19.5,8.195,378.8,5.015,0.064951242,,,,,0.009,,0.15,0.027,3670,2830,1.138779956,62,51,0.018,0.15,9.7,0.072,9.1,28.9,0.259,13.4,5.3
299,2019,7,GR,19-Jul,Clark Fork River above Little Blackfoot,7/21/2019,21,24.7161332,47.52297297,19.4,8.735,378.15,4.03,0.084801092,106.65,,0.0137,,0.046,245.705,0.23,0.053,1420,270,2.293307493,64,119,0.007,0.2437,16.3,0.084,14.4,29.4,0.245,12.5,5.9
225,2015,7,DL,15-Jul,Clark Fork River at Deer Lodge,7/3/2015,3,188.9047619,74.19047619,17.8,8.305,354.05,2.565,0.034573171,77.4,107.15,0.01085,0.0503,0.0042,230.1,0.3285,0.0197,628,266,1.536522781,30,73,0.0155,0.28905,17.3,0.069,10.9,25.1,0.243,18.6,5.1
224,2015,7,BN,15-Jul,Clark Fork River at Bonita,7/5/2015,5,68.9047619,97.76190476,19.15,8.24,395,1.245,0.012735022,70.2,95.85,0.00755,0.002333333,0.00245,256.75,0.245333333,0.01,1500,2830,0.728035257,32,46,0.00755,0.25055,13.3,0.053,8.3,18.2,0.235,11.7,4.5
168,2012,7,BN,12-Jul,Clark Fork River at Bonita,7/25/2012,25,216.1428571,122.7619048,19.26666667,8.42,408.6,1.72,0.014010861,,130.1666667,0.007776667,0.00277,0.003773333,265.6666667,0.253406667,0.013036667,2180,2830,0.877677629,88,43,0.009263334,0.258413334,9.95,0.0495,7,22.75,0.233,15.95,4.5
169,2012,7,DL,12-Jul,Clark Fork River at Deer Lodge,7/24/2012,24,110.0952381,50.04761905,18.96666667,8.386666667,350.7333333,3.043333333,0.060808754,,112.1666667,0.0106875,0.064445,0.012605,227.9,0.336625,0.0418775,781,266,1.713502327,48,70,0.0292725,0.2828675,12.2,0.068,9.65,29.55,0.2275,24.65,6.5
156,2011,8,DL,11-Aug,Clark Fork River at Deer Lodge,8/8/2011,8,66.19047619,16.23809524,16.26666667,8.346666667,317.4,4.456666667,0.274457478,,218.6,0.018433333,0.089466667,0.029233333,206.4666667,0.304,0.0503,1960,266,2.71448357,55,69,0.021066667,0.232966666,19.4,0.099,14.4,34.4,0.227,46.1,8.7
100,2008,8,BN,8-Aug,Clark Fork River at Bonita,8/10/2008,10,112.75,103.72,16.76666667,8.626666667,491,3.263333333,0.031462913,87.9,-63.93333333,,0.007333333,,260.6666667,0.207333333,0.015,3100,2830,1.046616625,65,39,0.015,0.2,13.5,0.066,7.1,7.7,0.227,26.9,4
361,2022,8,GR,22-Aug,Clark Fork River above Little Blackfoot,8/8/2022,8,75.09674762,115.0952381,21,8.585,466.15,1.695,0.014726934,,,0.015,0.006,0.007,,0.205,0.034,923,270,1.848923611,56,122,0.027,0.214,15.1,0.085,8.1,22.5,0.215,38.7,3.4
298,2019,7,DL,19-Jul,Clark Fork River at Deer Lodge,7/19/2019,19,188.5196434,66.87256236,18.05,8.85,345.4,3.23,0.048300826,115.7,,0.025,0.0295,0.0255,224.575,0.235,0.034,1280,266,2.193633988,62,77,0.0085,0.2305,16.1,0.078,12.8,28.6,0.213,14.4,5.6
215,2014,8,GR,14-Aug,Clark Fork River above Little Blackfoot,8/13/2014,13,93.48891111,105.9522727,18.55,8.105,431.2,2.145,0.020244965,,198.15,0.01225,0.00165,0.017633333,280.5,0.263333333,0.0314,978,270,1.903213656,46,114,0.013766667,0.273933333,19.6,0.066,8.9,20.9,0.208,31,3.2
297,2019,7,BN,19-Jul,Clark Fork River at Bonita,7/20/2019,20,66.46302128,72.5528,18.65,8.58,423.5,4.51,0.062161626,87.55,,0.00365,0.005,0.039,275.275,0.185,0.0445,3640,2830,1.134115991,103,50,0.0055,0.18365,10,0.054,9,32.8,0.205,10.9,4.8
213,2014,8,DL,14-Aug,Clark Fork River at Deer Lodge,8/15/2014,15,225.0666667,65.13333333,18.6,8.335,449.55,2.65,0.040685773,,204.1,0.01615,0.0621,0.01075,292.2,0.32,0.02495,741,266,1.669045921,48,72,0.0142,0.27405,17.7,0.059,7.4,22.2,0.199,33.4,3.5
155,2011,8,BN,11-Aug,Clark Fork River at Bonita,8/8/2011,8,26.57166667,16.44444444,17.1,8.356666667,373.1333333,2.816666667,0.171283784,,223.6666667,0.0081,0.005233333,0.0233,242.6666667,0.182333333,0.0396,7740,2830,1.653778199,59,42,0.0163,0.1852,15.7,0.083,9.6,22.6,0.198,36.8,6.7
359,2022,8,DL,22-Aug,Clark Fork River at Deer Lodge,8/7/2022,7,175.9389958,87.08333333,19.45,8.37,490.05,1.345,0.015444976,,,0.015,0.1145,0.0019,,0.3,0.012,856,266,1.793891054,56,80,0.0101,0.2005,14.3,0.085,6.9,23.8,0.194,26.6,2.5
356,2022,7,GR,22-Jul,Clark Fork River above Little Blackfoot,7/17/2022,17,51.61791579,74.10526316,21.2,8.43,436.1,3.125,0.042169744,,,0.03,,0.021,,0.223333333,0.05,923,270,1.848923611,34,122,0.029,0.253333333,12.6,,7.3,15.5,0.194,26.3,5.9
246,2016,7,GR,16-Jul,Clark Fork River above Little Blackfoot,7/16/2016,16,195.4755556,170.2084444,15.55,8.15,438.3,1.37,0.008048954,87,209.2,0.0219,0.00125,0.0231,284.7,0.285,0.04325,598,270,1.488225391,49,116,0.02015,0.30565,19.2,0.046,10.5,,0.19,19.5,2.7
244,2016,7,DL,16-Jul,Clark Fork River at Deer Lodge,7/16/2016,16,389.1023256,118.6211628,16.05,8.285,400.2,1.9,0.016017378,91.9,231.7,0.012,0.0387,0.0036,260.3,0.2945,0.0194,507,266,1.380585035,55,74,0.0158,0.2678,19.6,0.049,9.5,19.9,0.188,17.4,3.4
355,2022,7,DL,22-Jul,Clark Fork River at Deer Lodge,7/16/2022,16,178.8945857,33.55,20.5,8.41,430.6,2.57,0.076602086,,,0.03,0.0135,0.002,,0.213333333,0.045,856,266,1.793891054,34,80,0.043,0.229833333,12,,6.6,20.7,0.176,20.8,6.5
338,2021,7,GR,21-Jul,Clark Fork River above Little Blackfoot,7/15/2021,15,99.66666667,59.95238095,20.75,8.67,476.15,2.635,0.043951549,,,0.01,0.002,0.004666667,,0.26,0.034333333,577,270,1.461860813,39,121,0.029666666,0.268,11.2,0.084,8.2,15.1,0.174,18.3,4.9
243,2016,7,BN,16-Jul,Clark Fork River at Bonita,7/16/2016,16,159.4885116,178.8008108,17.3,8.135,465.15,0.94,0.005257247,69.5,206.2,0.008033333,0.001633333,0.001233333,302.3,0.211666667,0.0088,1330,2830,0.685539688,49,47,0.007566667,0.218066667,12.8,0.042,6.7,13.8,0.169,9.64,3.2
267,2017,8,DL,17-Aug,Clark Fork River at Deer Lodge,8/8/2017,8,190.5857143,99.56190476,16,8.135,421.5,1.3,0.013057203,91.95,274.7,0.013933333,0.240733333,0.0038,274,0.530666667,0.016866667,1560,266,2.421706352,55,75,0.013066667,0.303866667,17.9,0.061,10.1,11.7,0.162,23.9,3.5
274,2017,9,DL,17-Sep,Clark Fork River at Deer Lodge,9/6/2017,6,76.86666667,61.25238095,10.65,8.185,471.1,2.2,0.035916971,97.2,217.1,0.0101,0.21265,0.0034,306.15,0.513,0.01785,1560,266,2.421706352,84,75,0.01445,0.31045,14.8,0.051,8.4,16.3,0.154,19.5,4.9
337,2021,7,DL,21-Jul,Clark Fork River at Deer Lodge,7/14/2021,14,120.4285714,41.9047619,19.35,8.44,453.15,2.77,0.066102273,,,0.03,0.114,0.002,,0.335,0.021,590,266,1.489310281,38,79,0.019,0.251,9.3,0.086,6.1,18.2,0.151,17.2,4.6
344,2021,8,GR,21-Aug,Clark Fork River above Little Blackfoot,8/8/2021,8,238.8571429,61.80952381,18.75,8.615,498.7,3.215,0.052014638,,,,0.004,0.003,,0.26,0.03,577,270,1.461860813,63,121,0.027,0.256,13.9,0.067,7.2,15,0.144,35.6,2.4
120,2009,8,DL,9-Aug,Clark Fork River at Deer Lodge,8/6/2009,6,181.047619,51.1,19.5,8.766666667,409,3.546666667,0.069406393,,-76.36666667,0.00959,0.068873333,0.01137,217,0.335,0.029223333,1140,266,2.070196678,66,67,0.017853333,0.275716667,16.1,0.059,9,21.9,0.137,20.1,5.9
336,2021,7,BN,21-Jul,Clark Fork River at Bonita,7/14/2021,14,186.2727273,137.1363636,21.65,8.67,548.7,2.61,0.019032151,,,,0.005,0.005,,0.23,0.0175,1650,2830,0.76356982,48,52,0.0125,0.225,8.6,0.054,5.7,14.1,0.136,12.7,3.1
199,2013,8,GR,13-Aug,Clark Fork River above Little Blackfoot,8/7/2013,7,196.8888889,107.0740741,16.55,8.385,486.6,1.52,0.01419578,,-426.7,0.007526667,0.001373333,0.016336667,316.2,0.26929,0.027523333,394,270,1.207998038,69,113,0.011186666,0.275443334,16.2,0.03,7.1,10,0.135,12.3,4.9
269,2017,8,GR,17-Aug,Clark Fork River above Little Blackfoot,8/7/2017,7,116.2428571,167.6380952,16.2,8.23,472.95,0.875,0.005219577,105,263.9,0.012533333,0.07435,0.00455,307.4,0.321,0.0174,1840,270,2.610520028,54,117,0.01285,0.259183333,19.6,0.082,11.5,17.2,0.132,29.9,8.4
348,2021,9,DL,21-Sep,Clark Fork River at Deer Lodge,9/5/2021,5,99.07145238,30.80952381,9.65,8.19,532.6,2.98,0.096723338,,,,0.119,,,0.31,0.012,590,266,1.489310281,91,79,0.012,0.191,13.2,0.113,6.7,17,0.131,24.5,2.4
203,2013,9,BN,13-Sep,Clark Fork River at Bonita,9/4/2013,4,119.6190476,63.47619048,15.75,8.28,520,7.23,0.113900975,,-445.55,0.011295,0.001225,0.00701,338,0.236165,0.028765,1080,2830,0.617758401,96,44,0.021755,0.246235,11.2,0.024,2.8,28.4,0.129,11.5,2.2
325,2020,8,GR,20-Aug,Clark Fork River above Little Blackfoot,8/7/2020,7,88.30558333,139.6645,17.95,8.375,448.5,3.92,0.028067261,,,,0.017,0.0115,,0.24,0.02,2040,270,2.748737084,59,120,0.0085,0.223,13.4,0.099,8.7,13.7,0.117,15.3,3.1
350,2021,9,GR,21-Sep,Clark Fork River above Little Blackfoot,9/6/2021,6,144.8571429,46.80952381,10.55,8.52,509.45,1.985,0.0424059,,,0.01,0.034,0.002,,0.225,0.0155,577,270,1.461860813,92,121,0.0135,0.201,13.4,0.094,7.7,13.2,0.117,15.5,2
358,2022,8,BN,22-Aug,Clark Fork River at Bonita,8/9/2022,9,145.048281,39.71428571,22.4,8.475,519.9,4.39,0.110539568,,,0.013333333,0.005,0.003666667,,0.176666667,0.019333333,2170,2830,0.875662294,57,53,0.015666666,0.185,11.3,0.053,4.8,10.3,0.117,13.9,2.2
122,2009,8,GR,9-Aug,Clark Fork River above Little Blackfoot,8/7/2009,7,102.2047619,95.22,19.36666667,8.603333333,429.3333333,2.81,0.029510607,,-68.6,0.007573333,0.014306667,0.01594,228,0.262,0.035736667,1420,270,2.293307493,67,109,0.019796667,0.255266666,16.1,0.073,11.1,15.6,0.115,18.5,5.8
237,2015,9,DL,15-Sep,Clark Fork River at Deer Lodge,9/9/2015,9,158.3809524,50.85714286,11.7,8.385,471.1,3.365,0.06616573,92.3,150.45,0.01455,0.0891,0.0025,306.15,0.389,0.019,628,266,1.536522781,98,73,0.0165,0.31445,14.1,0.047,7.3,13.7,0.114,11.7,3.1
292,2018,9,DL,18-Sep,Clark Fork River at Deer Lodge,9/6/2018,6,74.23333333,28.5952381,11.45,8.16,441.9,2.74,0.09582015,88.85,64.05,0.014633333,0.13,0.00465,287.35,0.394,0.027633333,2180,266,2.862776401,76,76,0.022983333,0.278633333,18,0.077,9.6,17.4,0.113,17.7,4.3
287,2018,8,GR,18-Aug,Clark Fork River above Little Blackfoot,8/9/2018,9,72.15738095,58.51875,16.05,8.505,418.55,1.815,0.0310157,116.1,14.05,0.0194,0.065866667,0.007633333,272,0.337333333,0.028066667,2450,270,3.01232038,50,118,0.020433334,0.290866666,19.6,0.076,11.4,12.8,0.113,18.8,4.3
212,2014,8,BN,14-Aug,Clark Fork River at Bonita,8/15/2014,15,126.4318409,79.19767442,18.65,8.25,533,3.135,0.039584496,,236.85,0.01765,0.00455,0.01725,346.45,0.2305,0.0335,2620,2830,0.962182443,157,45,0.01625,0.2436,12.8,0.046,5.2,11.8,0.113,15.6,3.8
205,2013,9,GR,13-Sep,Clark Fork River above Little Blackfoot,9/3/2013,3,150.0689655,71.71428571,14.9,8.265,499.15,2.085,0.029073705,,-411.05,0.00904,0.009025,0.016175,324.35,0.27177,0.029835,394,270,1.207998038,96,113,0.01366,0.271785,16.1,0.024,6.2,9.2,0.113,19.9,2.3
285,2018,8,DL,18-Aug,Clark Fork River at Deer Lodge,8/7/2018,7,46.92419048,43.48461538,14,8.175,411.55,2.895,0.06657527,93.6,19.05,0.01985,0.1002,0.00875,267.5,0.348,0.0304,2180,266,2.862776401,46,76,0.02165,0.26765,17.8,0.069,9.8,15.1,0.109,20.3,5.3
305,2019,8,GR,19-Aug,Clark Fork River above Little Blackfoot,8/24/2019,24,128.109619,54.61052632,19.7,8.65,443.9,2.6,0.047609869,98.7,,0.03,0.074,0.03,288.28,0.31,0.0375,1420,270,2.293307493,98,119,0.0075,0.266,17.8,0.061,8.2,10.7,0.109,21.7,2.9
284,2018,8,BN,18-Aug,Clark Fork River at Bonita,8/7/2018,7,8.12447619,27.97142857,17.95,8.385,447.65,2,0.071501532,101.2,6,0.0089,0.0047,0.0118,291.2,0.216,0.03365,5870,2830,1.440210036,47,49,0.02185,0.2202,13,0.054,6.8,11.1,0.107,16.2,4.7
230,2015,8,DL,15-Aug,Clark Fork River at Deer Lodge,8/6/2015,6,224.5909545,103.1428571,14.45,8.315,464.8,1.33,0.012894737,97.6,169.35,0.009666667,0.159633333,0.00235,302.25,0.406,0.01255,628,266,1.536522781,64,73,0.0102,0.256033334,15.7,0.046,6.9,8.1,0.103,17.4,2.7
129,2009,9,GR,9-Sep,Clark Fork River above Little Blackfoot,9/7/2009,7,126.2857143,60.65,17.73333333,8.35,446.6666667,2.326666667,0.038362187,,-66.86666667,0.00843,0.00605,0.008946667,237.3333333,0.233666667,0.020806667,1420,270,2.293307493,98,109,0.01186,0.236046667,19.8,0.062,14.1,7.2,0.1,19.9,4.3
181,2012,9,DL,12-Sep,Clark Fork River at Deer Lodge,9/3/2012,3,180.7142857,58.33333333,12.35,8.51,412.25,2.33,0.039942857,,181.75,0.00847,0.1038,0.003035,268.1,0.355545,0.017345,781,266,1.713502327,89,70,0.01431,0.260215,16,0.047,7.2,13,0.099,20,3.6
138,2010,8,DL,10-Aug,Clark Fork River at Deer Lodge,8/5/2010,5,49.64295238,39.375,19.9,8.403333333,385.6666667,7.046666667,0.178962963,,-70.03333333,0.0071,0.0473,0.033366667,204.7,0.319333333,0.078733333,1470,266,2.35081173,49,68,0.045366666,0.279133333,17.3,0.055,7.7,7.6,0.099,29.7,3.8
266,2017,8,BN,17-Aug,Clark Fork River at Bonita,8/6/2017,6,25.86190476,16.04285714,17.85,8.305,507.45,1.64,0.10222618,98.4,247.8,0.0152,0.00695,0.00195,329.85,0.2725,0.0147,5140,2830,1.347684836,53,48,0.01275,0.28075,14,0.05,6.6,11,0.098,13.4,3.6
303,2019,8,DL,19-Aug,Clark Fork River at Deer Lodge,8/24/2019,24,188.9727273,75.89090909,19.65,8.495,437.3,2.92,0.038476282,101.7,,0.03,0.1425,0.0285,284.375,0.345,0.0255,1280,266,2.193633988,98,77,,0.2325,17.6,0.053,7.7,14.2,0.097,18,2.2
183,2012,9,GR,12-Sep,Clark Fork River above Little Blackfoot,9/3/2012,3,147.7619048,57.0952381,11.75,8.465,438.15,2.275,0.039845705,,182.45,,,0.0035,284.7,0.27037,0.02242,999,270,1.923538406,89,112,0.01892,0.27037,17.9,0.039,7.7,9.8,0.096,21.6,1.9
357,2022,7,MS,22-Jul,Clark Fork River above Missoula,7/24/2022,24,86.8108619,29.70731707,20.5,8.315,251.45,5.92,0.199277504,,,0.03,0.021,0.0195,,0.125,0.042,11800,2580,2.138607821,42,176,0.0225,0.134,2.2,0.03,1.8,22.1,0.095,3.96,2
323,2020,8,DL,20-Aug,Clark Fork River at Deer Lodge,8/8/2020,8,182.8999167,75.960625,16.6,8.115,444.65,2.425,0.031924435,,,,0.077,0.007,,0.295,0.017,1590,266,2.444881103,50,78,0.01,0.218,12.1,0.091,7.3,16,0.095,17.2,3.6
322,2020,8,BN,20-Aug,Clark Fork River at Bonita,8/8/2020,8,69.39333333,27.51904762,19.55,8.4,481.15,3.015,0.109560478,,,,,0.0085,,0.205,0.0175,3670,2830,1.138779956,78,51,0.009,0.205,9.9,0.065,5.6,10,0.094,15.9,3.6
320,2020,7,MS,20-Jul,Clark Fork River above Missoula,7/21/2020,21,39.09814815,68.23259259,18.65,8.18,257.5,8.16,0.119590942,,,,,0.006,,0.11,0.017,20000,2580,2.784230232,61,174,0.011,0.11,3.1,0.03,2.8,29.7,0.093,6.89,2.5
302,2019,8,BN,19-Aug,Clark Fork River at Bonita,8/23/2019,23,117.65,55.81333333,20.75,8.63,412,3.61,0.064679885,96.25,,0.03,0.003,0.026666667,265.85,0.19,0.027666667,3640,2830,1.134115991,137,50,0.001,0.217,11.8,0.034,4.5,10,0.09,16.7,3.1
332,2020,9,GR,20-Sep,Clark Fork River above Little Blackfoot,9/5/2020,5,147.9741667,66.27791667,12.35,8.265,489.1,2.4,0.036211156,,,0.02,0.036,0.013666667,,0.25,0.022333333,2040,270,2.748737084,88,120,0.008666666,0.234,15,0.075,7.1,10,0.089,24.6,2.1
127,2009,9,DL,9-Sep,Clark Fork River at Deer Lodge,9/7/2009,7,502.9047619,91.8,17.66666667,8.503333333,434.6666667,2.24,0.024400871,,-77.56666667,0.011886667,0.057916667,0.00663,231,0.289666667,0.01827,1140,266,2.070196678,98,67,0.01164,0.243636667,19.4,0.051,6.8,9.6,0.089,21.8,6.9
232,2015,8,GR,15-Aug,Clark Fork River above Little Blackfoot,8/5/2015,5,312.1904762,183.5714286,14.35,8.21,477.4,1.585,0.008634241,96.2,124.05,0.014675,0.005925,0.006933333,310.4,0.2125,0.024033333,807,270,1.728840331,63,115,0.0171,0.22125,17.2,0.05,8.1,,0.086,8.56,2
294,2018,9,GR,18-Sep,Clark Fork River above Little Blackfoot,9/6/2018,6,218.3571905,69.89,12.9,8.285,450.85,3.48,0.049792531,105.5,61.75,0.0249,0.0893,0.0079,293.15,0.368,0.0319,2450,270,3.01232038,78,118,0.024,0.3036,20.8,0.062,10.2,10,0.086,7.56,2.1
145,2010,9,DL,10-Sep,Clark Fork River at Deer Lodge,9/9/2010,9,155.67,46,14.9,8.513333333,415,4.18,0.090869565,,-75.13333333,0.008466667,0.070033333,0.020466667,220.6666667,0.323,0.0379,1470,266,2.35081173,84,68,0.017433333,0.261433334,15.2,0.055,5.9,9.6,0.086,29.1,6.6
140,2010,8,GR,10-Aug,Clark Fork River above Little Blackfoot,8/5/2010,5,59.01608,67.80952381,20.13333333,8.266666667,401,,0,,-63.66666667,0.0088,0.0146,0.037633333,213,0.363333333,0.088533333,1980,270,2.708012802,48,110,0.0509,0.357533333,18.1,0.077,8.8,5.7,0.085,29.7,4.2
160,2011,8,MS,11-Aug,Clark Fork River above Missoula,8/10/2011,10,14.90514286,9.785714286,15.4,8.383333333,240.7333333,2.156666667,0.220389294,,205.7,0.009533333,0.00464,0.010966667,156.4333333,0.130333333,0.0181,28100,2580,3.300223154,61,165,0.007133333,0.135226666,5.6,0.029,3.6,17.8,0.084,15.8,2.4
197,2013,8,DL,13-Aug,Clark Fork River at Deer Lodge,8/8/2013,8,331.4482759,110.5714286,17,8.255,500.25,2.805,0.025368217,,-424.25,0.018316667,0.178586667,0.008593333,325.3,0.502916667,0.019136667,349,266,1.145438813,70,71,0.010543334,0.342646667,14.7,0.049,3.4,14.5,0.083,50.2,2.5
105,2008,8,MS,8-Aug,Clark Fork River above Missoula,8/10/2008,10,64.80015,29.22,16.2,8.273333333,276,1.636666667,0.056011864,79.93333333,-47.7,,0.008333333,,146.3,0.141666667,0.009666667,16800,2580,2.551789158,81,162,0.009666667,0.133333334,4.4,0.027,2.7,10.3,0.082,13.8,2.6
163,2011,9,DL,11-Sep,Clark Fork River at Deer Lodge,9/8/2011,8,38.05015,11.11111111,11.65,8.445,375.15,2.475,0.22275,,250.55,0.0075,0.11425,0.0136,244.05,0.3315,0.02905,1960,266,2.71448357,86,69,0.01545,0.22475,18.7,0.089,7.4,9.4,0.081,31.1,6.6
107,2008,9,BN,8-Sep,Clark Fork River at Bonita,9/7/2008,7,246.50005,61.085,13.05,8.66,470,5.465,0.089465499,90.2,-60.55,,0.005,,249.5,0.205,0.038,3100,2830,1.046616625,93,39,0.038,0.2,11.2,0.026,4.3,8,0.08,6.18,2.3
112,2008,9,MS,8-Sep,Clark Fork River above Missoula,9/6/2008,6,80.19047619,19.74285714,12.15,8.35,305,2.745,0.139037627,85.3,-47.15,,0.0085,,161.75,,0.011,16800,2580,2.551789158,108,162,0.011,,3.6,0.04,1.5,8,0.08,9.17,1.8
119,2009,8,BN,9-Aug,Clark Fork River at Bonita,8/7/2009,7,144.8571429,111.7,18.9,8.46,430.3333333,5.643333333,0.050522232,,-59.86666667,0.00759,0.00903,0.011213333,228.6666667,0.261,0.036396667,3700,2830,1.143424897,73,40,0.025183334,0.25956,11.6,0.045,5.3,8.3,0.079,14.4,3.2
347,2021,9,BN,21-Sep,Clark Fork River at Bonita,9/6/2021,6,185.7619048,66.61904762,11.95,8.45,528.4,4.66,0.069949964,,,0.02,,8.00E-04,,0.18,0.0195,1650,2830,0.76356982,102,52,0.0187,0.2,9.9,0.051,3.7,7.1,0.079,11.2,3.4
149,2010,9,MS,10-Sep,Clark Fork River above Missoula,9/8/2010,8,71.9826087,30.72727273,13.26666667,7.723333333,304,2.28,0.074201183,,-31.76666667,0.00605,0.002466667,0.003833333,162.3333333,0.161666667,0.0121,10100,2580,1.978567331,82,164,0.008266667,0.16525,4.7,0.023,2.4,6,0.079,8.85,1.6
273,2017,9,BN,17-Sep,Clark Fork River at Bonita,9/6/2017,6,58.45238095,31.16190476,12.9,8.225,506.3,5.275,0.1692772,89.6,192.85,0.0114,0.01095,0.00675,329.2,0.3345,0.0328,5140,2830,1.347684836,84,48,0.02605,0.33495,11.6,0.03,4.4,10,0.078,13.7,3.1
101,2008,8,DL,8-Aug,Clark Fork River at Deer Lodge,8/11/2008,11,172.0714286,79.77142857,16.03333333,8.853333333,457.3333333,2.09,0.026199857,96.86666667,-73.5,0.01,0.056,,242.6666667,0.289333333,0.018,957,266,1.89677209,67,66,0.018,0.243333333,17.4,0.058,6.9,15.6,0.077,37.2,5.6
330,2020,9,DL,20-Sep,Clark Fork River at Deer Lodge,9/6/2020,6,101.8771429,38.15952381,12.75,8.14,485.4,1.305,0.03419854,,,0.02,0.089666667,0.008333333,,0.253333333,0.013,1590,266,2.444881103,79,78,0.004666667,0.183666666,13.2,0.074,6.2,10.3,0.076,23.4,3.9
147,2010,9,GR,10-Sep,Clark Fork River above Little Blackfoot,9/9/2010,9,119.4666667,59.95,14.53333333,8.443333333,426.3333333,3.786666667,0.063163748,,-72.03333333,0.0103,0.033566667,0.018133333,226.3333333,0.281,0.037633333,1980,270,2.708012802,83,110,0.0195,0.257733333,15.9,0.057,7,7.8,0.076,19.4,4.7
236,2015,9,BN,15-Sep,Clark Fork River at Bonita,9/10/2015,10,57.04761905,26.52380952,13,8.355,479.75,7.275,0.274281867,81.9,103.9,0.0144,0.0017,0.00505,311.7,0.3535,0.037,1500,2830,0.728035257,99,46,0.03195,0.3662,11,0.044,3.4,7.9,0.074,22.4,2.7
300,2019,7,MS,19-Jul,Clark Fork River above Missoula,7/17/2019,17,119.8768095,79.84019512,17.4,8.58,277.3,5.13,0.06425335,92.7,,0.01,0.005,0.0245,180.375,0.125,0.0295,16200,2580,2.505807209,60,173,0.005,0.13,3.5,0.03,3.3,21.8,0.072,8.08,2.3
227,2015,7,MS,15-Jul,Clark Fork River above Missoula,7/4/2015,4,116.8148148,91.59259259,18.75,8.23,224.7,1.86,0.020307319,74,119.75,0.010475,0.0017,0.0016,146.2,0.171666667,0.0109,7010,2580,1.648348951,31,169,0.0093,0.180441667,3.7,0.03,2.2,10.2,0.071,5.37,2
341,2021,8,BN,21-Aug,Clark Fork River at Bonita,8/8/2021,8,185,96.42857143,19.9,8.655,513.45,4.595,0.047651852,,,,,,,0.2,0.019,1650,2830,0.76356982,73,52,0.019,0.2,10.4,0.03,4.9,5.9,0.071,13.3,2
165,2011,9,GR,11-Sep,Clark Fork River above Little Blackfoot,9/8/2011,8,46.61933333,16.66666667,11.8,8.565,383.05,2.82,0.1692,,242.75,0.0127,0.0564,0.01565,248.95,0.3045,0.0323,2560,270,3.079201436,90,111,0.01665,0.2608,19.4,0.099,9.1,8.1,0.07,29.6,5.4
126,2009,9,BN,9-Sep,Clark Fork River at Bonita,9/7/2009,7,225.6190476,56.35,16.76666667,8.373333333,472.6666667,3.64,0.064596273,,-68.46666667,0.011063333,0.007983333,0.010106667,251,0.246,0.02404,3700,2830,1.143424897,104,40,0.013933333,0.24908,11.6,0.039,4.3,9,0.065,11.4,2.6
291,2018,9,BN,18-Sep,Clark Fork River at Bonita,9/6/2018,6,65.22857143,14.67619048,15.15,8.455,459.65,2.8,0.190785204,116.8,55.35,0.03285,0.0043,0.00245,299,0.24,0.02185,5870,2830,1.440210036,77,49,0.0194,0.26855,13,0.09,5.2,10,0.06,11.3,6
204,2013,9,DL,13-Sep,Clark Fork River at Deer Lodge,9/4/2013,4,168.1153846,80.96153846,14.9,8.23,496.95,4.055,0.050085511,,-435.55,0.015045,0.19883,0.008675,323.05,0.451905,0.020785,349,266,1.145438813,97,71,0.01211,0.26812,13.2,0.035,5.5,8.3,0.06,17,3
254,2016,9,BN,16-Sep,Clark Fork River at Bonita,9/7/2016,7,96.27272727,60.10454545,13,8.52,496.95,,0,77.2,214.35,0.0191,0.0023,0.00775,323.05,0.288,0.04775,1330,2830,0.685539688,102,47,0.04,0.3048,10.2,0.03,2.8,6.6,0.06,26.2,2.8
276,2017,9,GR,17-Sep,Clark Fork River above Little Blackfoot,9/6/2017,6,77.34090909,139.9227273,10.9,8.23,487.1,2.665,0.019046227,98.55,214.5,0.0137,0.1808,0.0109,316.6,0.523,0.035,1840,270,2.610520028,84,117,0.0241,0.3559,16.8,0.03,8.3,10,0.059,2.68,2
239,2015,9,GR,15-Sep,Clark Fork River above Little Blackfoot,9/9/2015,9,129.1904762,45.85714286,11.5,8.2,482.45,3.71,0.080903427,84.5,116.65,0.0139,0.02665,0.0055,313.65,0.366,0.0316,807,270,1.728840331,98,115,0.0261,0.35325,16.1,0.03,9.2,7,0.057,12,2
329,2020,9,BN,20-Sep,Clark Fork River at Bonita,9/6/2020,6,144.4933333,29.92238095,13.45,8.23,479.45,5.26,0.17578815,,,0.02,,0.011,,0.175,0.025,3670,2830,1.138779956,107,51,0.014,0.195,12.2,0.048,4.8,10,0.055,18.6,3
366,2022,9,DL,22-Sep,Clark Fork River at Deer Lodge,9/8/2022,8,208.5242,201.6956522,14.1,8.28,537.3,1.94,0.009618452,,,,0.1495,9.00E-04,,0.395,0.008,856,266,1.793891054,88,80,0.0071,0.2455,12.8,0.075,7.2,9.3,0.053,8.93,2
144,2010,9,BN,10-Sep,Clark Fork River at Bonita,9/9/2010,9,138.3571429,82.45,14.3,8.206666667,455.6666667,3.666666667,0.044471397,,-58.46666667,0.006,0.0029,0.0118,245,0.234,0.0292,4130,2830,1.208041372,83,41,0.0174,0.2371,10.9,0.034,3.8,3.5,0.053,11.5,2.3
142,2010,8,MS,10-Aug,Clark Fork River above Missoula,8/6/2010,6,120.95,50.28571429,18.83333333,7.66,283,2.246666667,0.04467803,,-28.5,0.009933333,0.003533333,0.006566667,150.5,0.189,0.0176,10100,2580,1.978567331,49,164,0.011033333,0.1954,4.5,0.028,3.2,3.3,0.053,6.29,2.6
327,2020,8,MS,20-Aug,Clark Fork River above Missoula,8/8/2020,8,119.3466667,117.93375,18.3,8.365,297.3,2.775,0.02353016,,,0.007,0.003,0.0045,,0.2,0.016,20000,2580,2.784230232,79,174,0.0115,0.204,4.2,0.031,2.9,10,0.052,9.83,2.4
108,2008,9,DL,8-Sep,Clark Fork River at Deer Lodge,9/7/2008,7,200.85,45.145,11.9,8.985,464,3.64,0.080629084,97.75,-75.9,0.01,0.061,,251,0.311,0.0255,957,266,1.89677209,94,66,0.0255,0.26,17.6,0.03,6.9,4,0.052,4.05,3.5
180,2012,9,BN,12-Sep,Clark Fork River at Bonita,9/3/2012,3,159.8571905,71.28571429,12.95,8.335,473.75,1.49,0.020901804,,194.35,,0.00199,0.00247,308.1,0.188365,0.011925,2180,2830,0.877677629,128,43,0.009455,0.186375,11.8,0.027,2.9,3.6,0.052,22.6,2.9
162,2011,9,BN,11-Sep,Clark Fork River at Bonita,9/8/2011,8,59.61919048,17.2,13.05,8.43,426.6,3.77,0.219186047,,251.7,0.0062,0.00355,0.0194,277.25,0.2355,0.04135,7740,2830,1.653778199,90,42,0.02195,0.23815,14,0.07,5.4,6.4,0.051,17.8,5.3
365,2022,9,BN,22-Sep,Clark Fork River at Bonita,9/7/2022,7,87.89594762,43.23809524,16.55,8.395,531.9,4.03,0.093204846,,,,,0.00145,,0.22,0.0165,2170,2830,0.875662294,86,53,0.01505,0.22,11.2,0.051,4,5,0.051,12.7,3
289,2018,8,MS,18-Aug,Clark Fork River above Missoula,8/8/2018,8,97.54761905,22.12380952,17.05,8.375,283.15,1.505,0.068026259,98.85,7.95,0.0118,0.0039,0.0033,183.95,0.1385,0.01545,31500,2580,3.49418121,89,172,0.01215,0.1464,5.1,0.03,2.6,10.2,0.05,10.3,2
255,2016,9,DL,16-Sep,Clark Fork River at Deer Lodge,9/7/2016,7,260.6904762,81.25,11,8.205,476.95,2.24,0.027569231,76.4,233.95,0.0208,0.1836,0.00255,309.75,0.4255,0.0162,507,266,1.380585035,108,74,0.01365,0.2627,13,0.031,6,9.6,0.05,2.54,2
124,2009,8,MS,9-Aug,Clark Fork River above Missoula,8/8/2009,8,116.952381,33.7,18.06666667,7.993333333,286.3333333,2.47,0.073293769,,-36.3,0.0074225,0.00652,0.00538,152.2333333,0.161,0.01646,17300,2580,2.589483801,74,163,0.01108,0.1619025,4.4,0.022,2.7,8.1,0.048,8.54,1.7
196,2013,8,BN,13-Aug,Clark Fork River at Bonita,8/7/2013,7,111.952381,60.61904762,17.55,8.315,507.5,2.455,0.040498822,,-446.95,0.010305,0.00236,0.00663,329.9,0.213695,0.014075,1080,2830,0.617758401,68,44,0.007445,0.22164,10.9,0.021,4.5,8.6,0.046,4.24,1.4
257,2016,9,GR,16-Sep,Clark Fork River above Little Blackfoot,9/7/2016,7,125.1761905,52.92285714,11.2,8.24,489.15,1.21,0.022863467,78,77.75,0.02415,0.0349,0.00745,317.8,0.2935,0.0227,598,270,1.488225391,102,116,0.01525,0.28275,15.3,0.03,7.4,7.7,0.044,4.68,2
248,2016,7,MS,16-Jul,Clark Fork River above Missoula,7/12/2016,12,114.755814,76.10093023,17.4,8.28,247.05,1.195,0.01570283,75.15,204.8,,0.0011,8.00E-04,160.55,0.1405,0.009533333,7660,2580,1.723076391,63,170,0.008733333,0.1394,2.8,0.03,2.6,11.8,0.043,4.71,2
368,2022,9,GR,22-Sep,Clark Fork River above Little Blackfoot,9/8/2022,8,99.26024091,102.8636364,15.7,8.48,524.55,1.195,0.011617322,,,,,0.0013,,0.233333333,0.012666667,923,270,1.848923611,87,122,0.011366667,0.233333333,15.5,0.067,7.7,6.1,0.043,3.83,2
131,2009,9,MS,9-Sep,Clark Fork River above Missoula,9/6/2009,6,148.0454545,41.71428571,15.66666667,7.853333333,301.6666667,1.793333333,0.042990868,,-39.56666667,0.010395,0.003896,0.003465,160.0666667,0.161666667,0.010663333,17300,2580,2.589483801,103,163,0.007198333,0.168165667,5.4,0.023,2.3,5.9,0.041,9.3,1.6
217,2014,8,MS,14-Aug,Clark Fork River above Missoula,8/15/2014,15,92.16666667,36.31666667,17.4,7.91,301.15,1.55,0.042680128,,248,0.01265,0.0019,0.0043,195.95,0.1515,0.01155,17100,2580,2.574472174,80,168,0.00725,0.16225,3.6,0.03,1.5,9.9,0.04,5.41,2
252,2016,8,MS,16-Aug,Clark Fork River above Missoula,8/25/2016,25,67.76190476,28.48571429,16.05,8.245,264.65,,0,79.2,-4,0.0198,0.01095,0.00125,171.9,0.321,0.0507,7660,2580,1.723076391,107,170,0.04945,0.32985,3.2,0.03,1.7,9.6,0.04,3.66,2
241,2015,9,MS,15-Sep,Clark Fork River above Missoula,9/8/2015,8,76.0952381,27.95238095,12.65,8.13,303.3,4.785,0.171183986,83.4,139.6,0.00715,,0.0017,196.9,0.232,0.0203,7010,2580,1.648348951,97,169,0.0186,0.23915,3.3,0.03,1.6,6.1,0.04,7.04,2
229,2015,8,BN,15-Aug,Clark Fork River at Bonita,8/5/2015,5,179.15,151.9,16.25,8.215,504.25,4.165,0.027419355,80.9,119.9,0.01315,0.00285,0.0019,327.6,0.261,0.02115,1500,2830,0.728035257,63,46,0.01925,0.2713,10.4,0.03,5.3,5.2,0.04,6.14,2.5
234,2015,8,MS,15-Aug,Clark Fork River above Missoula,8/6/2015,6,61.76190476,22.04761905,16.5,7.985,286,3.005,0.136295896,79.2,175.9,0.01725,0.0026,0.0018,185.9,0.265,0.0157,7010,2580,1.648348951,64,169,0.0139,0.27965,3.1,0.03,1.9,4.8,0.04,3.48,2
307,2019,8,MS,19-Aug,Clark Fork River above Missoula,8/7/2019,7,108.2,53.43619048,18.05,8.52,303.85,2.195,0.04107703,103.45,,0.02,,0.014,197.655,0.13,0.014,16200,2580,2.505807209,81,173,0,0.15,5.2,0.03,2.3,10,0.038,5.49,2
271,2017,8,MS,17-Aug,Clark Fork River above Missoula,8/8/2017,8,106.6142857,56.6,16.75,8.455,267.3,1.62,0.028621908,98.5,243.55,0.0116,0.00205,0.002,173.85,0.18,0.01085,14700,2580,2.386980188,55,171,0.00885,0.18955,4,0.03,2.2,10.9,0.037,6.28,2
278,2017,9,MS,17-Sep,Clark Fork River above Missoula,9/5/2017,5,68.82857143,47.53333333,12.4,8.32,306.15,2.64,0.055539972,90.45,165.5,0.0096,0.00395,0.0019,198.9,0.2105,0.014,14700,2580,2.386980188,83,171,0.0121,0.21615,3.1,0.03,1.5,10,0.036,5.62,2
185,2012,9,MS,12-Sep,Clark Fork River above Missoula,9/5/2012,5,63.28571429,27.42857143,11.75,8.345,280.9,1.415,0.051588542,,222.4,0.00703,0.0022,0.00172,182.65,0.159635,0.0089,17600,2580,2.611839472,130,166,0.00718,0.164465,3.4,0.016,1.2,6.9,0.03,6.81,1.4
346,2021,8,MS,21-Aug,Clark Fork River above Missoula,8/9/2021,9,196.8571429,45.19047619,18.6,8.53,307.45,4.785,0.105885142,,,,,,,0.12,0.015,13500,2580,2.287478555,65,175,0.015,0.12,2.9,0.03,1.5,8.4,0.029,4.27,2
370,2022,9,MS,22-Sep,Clark Fork River above Missoula,9/7/2022,7,95.71087619,40.71428571,14.9,8.365,319.15,3.73,0.091614035,,,,,,,0.115,0.008,11800,2580,2.138607821,87,176,0.008,0.115,2.8,0.03,1.2,7,0.026,4.79,2
167,2011,9,MS,11-Sep,Clark Fork River above Missoula,9/10/2011,10,51.47619048,25.33333333,12.1,8.36,277,2.06,0.081315789,,243.6,0.0088,0.0029,0.0068,180,0.146,0.0135,28100,2580,3.300223154,92,165,0.0067,0.1519,4.8,0.03,2,3.7,0.026,9.2,1.5
178,2012,8,MS,12-Aug,Clark Fork River above Missoula,8/10/2012,10,79.66671429,38.75,16.7,8.35,255.1666667,1.696666667,0.043784946,,102.6333333,0.009133333,0.00361,0.003756667,165.9666667,0.165076667,0.01274,17600,2580,2.611839472,104,166,0.008983333,0.1706,3.3,0.016,1.7,9.2,0.025,5.53,1.6
206,2013,9,MS,13-Sep,Clark Fork River above Missoula,9/5/2013,5,93.38095238,37.95238095,15.15,8.225,294.95,2.32,0.061129235,,-448.4,0.010823333,0.000968,0.00371,191.8,0.146845,0.01041,12300,2580,2.183447242,114,167,0.0067,0.156700333,3.3,0.016,1,6.2,0.025,6.11,1.4
201,2013,8,MS,13-Aug,Clark Fork River above Missoula,8/7/2013,7,74.38095238,34.47619048,16.4,8.205,275.75,2.225,0.064537293,,-448.15,0.01299,0.002025,0.00333,179.45,0.155005,0.01165,12300,2580,2.183447242,85,167,0.00832,0.16597,2.6,0.016,1.5,5.4,0.025,5.15,1.5
314,2019,9,MS,19-Sep,Clark Fork River above Missoula,9/7/2019,7,101.85,29.71428571,13.45,8.285,329.35,,0,88.55,,0.005,0.016,0.017,214.175,0.175,0.0465,16200,2580,2.505807209,112,173,0.0295,0.164,4.6,0.03,1.8,10,0.024,5.67,2
352,2021,9,MS,21-Sep,Clark Fork River above Missoula,9/8/2021,8,103.7619048,46.33333333,11.85,7.935,326.75,3.57,0.07705036,,,,,,,0.115,0.0105,13500,2580,2.287478555,95,175,0.0105,0.115,3.2,0.03,1.4,8.4,0.024,6.98,2
334,2020,9,MS,20-Sep,Clark Fork River above Missoula,9/7/2020,7,92.82,36.91714286,13.85,8.12,324.95,3.915,0.106048293,,,0.02,0.003,0.005666667,,0.125,0.012,20000,2580,2.784230232,109,174,0.006333333,0.142,3.9,0.03,2,10,0.021,7.85,2
296,2018,9,MS,18-Sep,Clark Fork River above Missoula,9/10/2018,10,66.75714286,17.14285714,14.4,8.465,309.7,2.65,0.154583333,108.4,46.2,0.02255,0.0418,0.0014,201.2,0.1535,0.01235,31500,2580,3.49418121,122,172,0.01095,0.13425,4.3,0.03,1.9,10,0.02,6.23,2
99,2008,8,BM,8-Aug,Clark Fork River below Missoula,8/10/2008,10,62.85,15.315,15.86666667,8.443333333,265.6666667,2.593333333,0.169332898,84.16666667,-55.26666667,,0.042333333,,145.4666667,0.242333333,0.013333333,35500,2150,4.063450247,81,12,0.013333333,0.2,,,,,,,
102,2008,8,FH,8-Aug,Clark Fork River above Flathead,8/11/2008,11,3.9001,3.295,19.46666667,8.676666667,221,1.363333333,0.413758219,93.7,-77.2,0.01,0.016,,117.3333333,0.149333333,0.0085,45700,7590,2.453788982,82,93,0.0085,0.143333333,,,,,,,
103,2008,8,GR,8-Aug,Clark Fork River above Little Blackfoot,8/10/2008,10,129.1,102.315,16.3,8.386666667,471.3333333,1.643333333,0.016061509,89.9,-68.43333333,0.01,0.006,,250.6666667,0.206,0.021,,,,,,0.021,0.21,,,,,,,
104,2008,8,HU,8-Aug,Clark Fork River at Huson,8/11/2008,11,11.05,6.205,17.7,8.493333333,243.3333333,2.423333333,0.390545259,91.46666667,-57.9,0.015,0.0785,,129,0.2785,0.01525,35500,2150,4.063450247,82,135,0.01525,0.215,,,,,,,
106,2008,9,BM,8-Sep,Clark Fork River below Missoula,9/8/2008,8,73.2,13.565,11.25,8.655,304.5,3.385,0.249539255,84.85,-62.95,,0.046,,161.75,0.246,0.019,35500,2150,4.063450247,110,12,0.019,0.2,,,,,,,
109,2008,9,FH,8-Sep,Clark Fork River above Flathead,9/7/2008,7,13.3,4.15,16.45,8.865,237,1.77,0.426506024,94.45,-74,,0.014,,126,0.214,0.0095,45700,7590,2.453788982,109,93,0.0095,0.2,,,,,,,
110,2008,9,GR,8-Sep,Clark Fork River above Little Blackfoot,9/7/2008,7,134.8,36.17,12.35,8.965,471,3.18,0.087918164,52.35,-75.5,0.01,0.041,,250.5,0.291,0.0335,,,,,,0.0335,0.26,,,,,,,
111,2008,9,HU,8-Sep,Clark Fork River at Huson,9/7/2008,7,43.15,7.725,13.95,8.73,259,2.205,0.285436893,90.3,-68.9,,0.0305,,137.65,0.2305,0.015,35500,2150,4.063450247,109,135,0.015,0.2,,,,,,,
118,2009,8,BM,9-Aug,Clark Fork River below Missoula,8/8/2009,8,38,10.75,17.2,8.386666667,277.3333333,3.52,0.32744186,,-57.96666667,0.00828,0.04478,0.00531,146.9666667,0.228333333,0.019833333,35300,2150,4.051987741,68,13,0.014523333,0.191833333,,,,,,,
121,2009,8,FH,9-Aug,Clark Fork River above Flathead,8/10/2009,10,23.04761905,7.6,20.43333333,8.676666667,236,1.3,0.171052632,,-75.26666667,0.005888,0.0074625,0.0034775,125.3333333,0.13825,0.0096475,42500,7590,2.36632056,70,94,0.00617,0.1366755,,,,,,,
123,2009,8,HU,9-Aug,Clark Fork River at Huson,8/8/2009,8,39.19047619,9.6,19.36666667,8.473333333,257,3.116666667,0.324652778,,-62.36666667,0.010926667,0.048613333,0.00517,136.6333333,0.263666667,0.016753333,35300,2150,4.051987741,68,136,0.011583333,0.225980001,,,,,,,
125,2009,9,BM,9-Sep,Clark Fork River below Missoula,9/8/2009,8,360.7619048,40.7,15.6,8.306666667,307,2.133333333,0.052416052,,-62.33333333,0.014858,0.041462,0.012128,162.7666667,0.24775,0.027225,35300,2150,4.051987741,99,13,0.015097,0.221146,,,,,,,
128,2009,9,FH,9-Sep,Clark Fork River above Flathead,9/7/2009,7,51.61904762,19.1,20.16666667,8.5,249.3333333,1.36,0.071204188,,-74.26666667,0.0119625,0.006725,0.00315,132.6,0.157,0.008326667,42500,7590,2.36632056,98,94,0.005176667,0.1622375,,,,,,,
130,2009,9,HU,9-Sep,Clark Fork River at Huson,9/6/2009,6,51.33333333,14.57894737,18.9,8.393333333,266.3333333,2.296666667,0.157533093,,-67.6,0.01073,0.015222,0.00297,141.5666667,0.2265,0.0130675,35300,2150,4.051987741,97,136,0.0100975,0.222008,,,,,,,
136,2010,8,BM,10-Aug,Clark Fork River below Missoula,8/6/2010,6,66.4047619,20.52631579,18.43333333,7.993333333,277,2.81,0.136897436,,-45.16666667,0.009933333,0.046466667,0.006233333,147.2666667,0.233,0.019666667,23100,2150,3.277832523,61,14,0.013433334,0.196466666,,,,,,,
139,2010,8,FH,10-Aug,Clark Fork River above Flathead,8/7/2010,7,38.36363636,15.66666667,22.9,8.413333333,235.6666667,1.39,0.088723404,,-71.76666667,0.00615,0.008,0.00355,125.5333333,0.1665,0.010675,26400,7590,1.865009616,61,95,0.007125,0.16465,,,,,,,
141,2010,8,HU,10-Aug,Clark Fork River at Huson,8/6/2010,6,63.74545455,20.42857143,21.73333333,8.18,263,3.526666667,0.172634033,,-57.56666667,0.009933333,0.043966667,0.004266667,139.8,0.245333333,0.020466667,23100,2150,3.277832523,61,137,0.0162,0.211299999,,,,,,,
143,2010,9,BM,10-Sep,Clark Fork River below Missoula,9/9/2010,9,138.8285714,31.95,13.06666667,8.236666667,303.6666667,3.986666667,0.124778299,,-61.33333333,0.031925,0.05925,0.00685,161.3333333,0.26475,0.01965,23100,2150,3.277832523,95,14,0.0128,0.237425,,,,,,,
146,2010,9,FH,10-Sep,Clark Fork River above Flathead,9/9/2010,9,36.90952381,24,16.3,8.54,243.3333333,1.736666667,0.072361111,,-78.36666667,0.0094,0.009166667,0.0032,129.3333333,0.157666667,0.0098,26400,7590,1.865009616,94,95,0.0066,0.1579,,,,,,,
148,2010,9,HU,10-Sep,Clark Fork River at Huson,9/8/2010,8,93.32857143,24.15,14.63333333,8.38,268,3.753333333,0.155417529,,-68.73333333,,0.02725,0.003025,143.0333333,0.22025,0.014425,23100,2150,3.277832523,94,137,0.0114,0.193,,,,,,,
154,2011,8,BM,11-Aug,Clark Fork River below Missoula,8/9/2011,9,44.28571429,13.0952381,16.1,8.396666667,239.2666667,2.1,0.160363636,,255.0666667,0.024566667,0.030766667,0.010466667,155.5333333,0.171666667,0.020933333,46600,2150,4.655579299,61,15,0.010466666,0.165466667,,,,,,,
157,2011,8,FH,11-Aug,Clark Fork River above Flathead,8/10/2011,10,6.190857143,6.944444444,18.56666667,8.463333333,196.3666667,1.126666667,0.16224,,207.3,0.0099,0.00525,0.004525,127.6333333,0.118615,0.0153,54700,7590,2.6845579,61,96,0.010775,0.123265,,,,,,,
159,2011,8,HU,11-Aug,Clark Fork River at Huson,8/11/2011,11,16.80952381,6.8,17.86666667,8.323333333,219.2666667,2.17,0.319117647,,218.7,0.012725,0.046575,0.007075,142.5666667,0.203595,0.021825,46600,2150,4.655579299,63,138,0.01475,0.169745,,,,,,,
161,2011,9,BM,11-Sep,Clark Fork River below Missoula,9/10/2011,10,39.33333333,8.428571429,12.35,8.395,276.55,2.08,0.246779661,,243.55,0.0072,0.0496,0.0066,179.7,0.201666667,0.013033333,46600,2150,4.655579299,93,15,0.006433333,0.159266667,,,,,,,
164,2011,9,FH,11-Sep,Clark Fork River above Flathead,9/9/2011,9,14.95238095,6.666666667,14.95,8.505,223.5,1.29,0.1935,,240.95,0.00635,0.02435,0.0045,145.25,0.149,0.00805,54700,7590,2.6845579,91,96,0.00355,0.131,,,,,,,
166,2011,9,HU,11-Sep,Clark Fork River at Huson,9/9/2011,9,60,10.66666667,14.05,8.4,241.1,1.85,0.1734375,,241.65,0.01105,0.036,0.00495,156.65,0.215,0.01425,46600,2150,4.655579299,92,138,0.0093,0.19005,,,,,,,
172,2012,8,BM,12-Aug,Clark Fork River below Missoula,8/9/2012,9,32.76190476,12.04761905,16.13333333,8.25,246.5,2.576666667,0.213873518,,168.9333333,0.01026,0.035916667,0.005,160.1,0.21563,0.01575,33700,2150,3.959093154,103,16,0.01075,0.189973333,,,,,,,
175,2012,8,FH,12-Aug,Clark Fork River above Flathead,8/9/2012,9,6.905333333,16.14,19.06666667,8.486666667,207.6666667,0.823333333,0.051011979,,94.43333333,0.007663333,0.010085,0.004166667,134.9666667,0.165765,0.0082,42200,7590,2.357954049,103,97,0.004033333,0.163343333,,,,,,,
177,2012,8,HU,12-Aug,Clark Fork River at Huson,8/10/2012,10,10.85771429,5.333333333,18,8.376666667,229.3666667,2.163333333,0.405625,,129.4333333,0.00947,0.033655,0.0032625,149.0666667,0.2229975,0.0153475,33700,2150,3.959093154,104,139,0.012085,0.1988125,,,,,,,
179,2012,9,BM,12-Sep,Clark Fork River below Missoula,9/5/2012,5,161.3809524,27.80952381,12.45,8.29,255.05,1.825,0.065625,,195.95,0.006965,0.041556667,0.002033333,165.75,0.19846,0.012236667,33700,2150,3.959093154,130,16,0.010203334,0.163868333,,,,,,,
182,2012,9,FH,12-Sep,Clark Fork River above Flathead,9/4/2012,4,12.048,10.6,15.25,8.55,211,1.235,0.116509434,,123.6,0.00607,0.010585,0.00175,137.5,0.196455,0.00778,42200,7590,2.357954049,129,97,0.00603,0.19194,,,,,,,
184,2012,9,HU,12-Sep,Clark Fork River at Huson,9/4/2012,4,47.33333333,9.380952381,14.7,8.42,230.1,2.235,0.238248731,,138.05,,0.04407,0.00169,149.55,0.21797,0.014515,33700,2150,3.959093154,129,139,0.012825,0.1739,,,,,,,
186,2013,6,BN,13-Jun,Clark Fork River at Bonita,6/28/2013,28,99,78.0952381,,,,,0,,,,,,,,,1080,2830,0.617758401,28,44,,,,,,,,,
187,2013,6,DL,13-Jun,Clark Fork River at Deer Lodge,6/28/2013,28,244.9,71.35,,,,,0,,,,,,,,,349,266,1.145438813,29,71,,,,,,,,,
188,2013,6,GR,13-Jun,Clark Fork River above Little Blackfoot,6/28/2013,28,60.39134783,61.95652174,,,,,0,,,,,,,,,394,270,1.207998038,29,113,,,,,,,,,
191,2013,7,FH,13-Jul,Clark Fork River above Flathead,7/27/2013,27,14.23842857,8.823529412,20.8,8.453333333,211.6666667,1.083333333,0.122777778,,-437.5666667,,0.011606667,0.003883333,137.5666667,0.154586667,0.008866667,32700,7590,2.075644573,73,98,0.004983334,0.14298,,,,,,,
193,2013,7,HU,13-Jul,Clark Fork River at Huson,7/27/2013,27,9.333666667,5.285714286,19.83333333,8.34,242.2333333,2.766666667,0.523423423,,-431.3,0.012973333,0.04542,0.0038325,157.5666667,0.192618,0.01536,25600,2150,3.450648743,73,140,0.0115275,0.160171333,,,,,,,
195,2013,8,BM,13-Aug,Clark Fork River below Missoula,8/6/2013,6,22.80952381,8.047619048,17.4,8.36,271,2.91,0.361597633,,-457.7,0.013555,0.031145,0.003685,176.1,0.271875,0.013125,25600,2150,3.450648743,83,17,0.00944,0.254285,,,,,,,
198,2013,8,FH,13-Aug,Clark Fork River above Flathead,8/29/2013,29,15.57142857,7.25,19.5,8.445,227,1.015,0.14,,-392,0.00873,0.010405,0.00353,147.55,0.15132,0.00904,32700,7590,2.075644573,106,98,0.00551,0.149645,,,,,,,
200,2013,8,HU,13-Aug,Clark Fork River at Huson,8/29/2013,29,22.85714286,4.238095238,17.4,8.365,247.7,3.835,0.90488764,,-441.75,0.00995,0.03979,0.003495,160.9,0.27357,0.017855,25600,2150,3.450648743,106,140,0.01436,0.24373,,,,,,,
202,2013,9,BM,13-Sep,Clark Fork River below Missoula,9/7/2013,7,81.42857143,14.47619048,15.25,8.415,293.2,2.515,0.173733553,,-453.45,0.013633333,0.04233,0.007416667,190.45,0.226896667,0.01763,25600,2150,3.450648743,115,17,0.010213333,0.1982,,,,,,,
207,2014,7,BM,14-Jul,Clark Fork River below Missoula,7/23/2014,23,39.95247619,14.63684211,16.95,8.13,228.75,3.79,0.258935635,,-129.15,,0.0093,0.00825,148.85,0.145,0.02025,33400,2150,3.941431684,58,18,0.012,0.1357,,,,,,,
214,2014,8,FH,14-Aug,Clark Fork River above Flathead,8/16/2014,16,17.3955814,12.65294118,19.2,8.176666667,237.7333333,1.44,0.113807531,,175.6666667,0.0134,0.008733333,0.003366667,154.6666667,0.178666667,0.009733333,41000,7590,2.324186854,82,99,0.006366666,0.183333334,,,,,,,
216,2014,8,HU,14-Aug,Clark Fork River at Huson,8/16/2014,16,22.30964286,9.134210526,19.23333333,8.083333333,255.9,1.646666667,0.180274657,,209.1666667,0.0109,0.0214,0.0042,166.4,0.170666667,0.0152,33400,2150,3.941431684,82,141,0.011,0.160166667,,,,,,,
218,2014,9,BM,14-Sep,Clark Fork River below Missoula,9/4/2014,4,123.6666667,19.53809524,13.3,8.085,336,2.675,0.136912016,,232.4,0.01295,0.02715,0.0085,218.4,0.221,0.01925,33400,2150,3.941431684,101,18,0.01075,0.2068,,,,,,,
223,2015,7,BM,15-Jul,Clark Fork River below Missoula,7/5/2015,5,228.125,64.375,18.9,8.395,222.05,1.465,0.022757282,79.7,117.6,0.0075,0.01145,0.0023,144.3,0.2065,0.0132,15200,2150,2.658903428,32,19,0.0109,0.20255,,,,,,,
228,2015,8,BM,15-Aug,Clark Fork River below Missoula,8/6/2015,6,100.2380952,24.76190476,16.3,8.345,281.5,2.9,0.117115385,79.75,177.15,0.0121,0.02155,0.0021,182.95,0.2275,0.01925,15200,2150,2.658903428,64,19,0.01715,0.21805,,,,,,,
231,2015,8,FH,15-Aug,Clark Fork River above Flathead,8/5/2015,5,36.25,20.2,18.5,8.525,211.55,1.04,0.051485149,87.9,137.9,0.0092,0.00545,,137.5,0.187,0.01005,17000,7590,1.496592528,63,100,0.01005,0.19075,,,,,,,
233,2015,8,HU,15-Aug,Clark Fork River at Huson,8/5/2015,5,7.15055,6.1,19.2,8.51,231.6,2.045,0.335245902,101.85,118.65,0.01155,0.0182,0.0017,150.5,0.2205,0.0178,15200,2150,2.658903428,63,142,0.0161,0.21385,,,,,,,
235,2015,9,BM,15-Sep,Clark Fork River below Missoula,9/10/2015,10,76.33333333,16.33333333,13.5,8.435,300.85,4.76,0.291428571,82.6,152.2,0.011,0.02065,0.0028,195.6,0.251,0.02065,15200,2150,2.658903428,99,19,0.01785,0.24135,,,,,,,
238,2015,9,FH,15-Sep,Clark Fork River above Flathead,9/10/2015,10,57.85714286,26.14285714,14.25,8.48,240.5,1.955,0.074781421,88.2,115.9,0.0061,0.00605,,156.65,0.186666667,0.012033333,17000,7590,1.496592528,99,100,0.012033333,0.186716667,,,,,,,
240,2015,9,HU,15-Sep,Clark Fork River at Huson,9/9/2015,9,93.76190476,14.04761905,13.85,8.52,261.3,2.905,0.20679661,98.9,118.5,0.0208,0.02945,0.0018,169.95,0.249,0.01755,15200,2150,2.658903428,98,142,0.01575,0.24035,,,,,,,
242,2016,7,BM,16-Jul,Clark Fork River below Missoula,7/13/2016,13,240.7071905,70.22975,16.75,8.34,244.85,1.63,0.023209537,76.05,51.9,0.0079,0.0113,0.001666667,159.25,0.1635,0.01385,16800,2150,2.795344968,65,20,0.012183333,0.1601,,,,,,,
245,2016,7,FH,16-Jul,Clark Fork River above Flathead,7/24/2016,24,8.000285714,5.525,18.8,8.345,192.05,0.86,0.155656109,90.3,162.35,0.0211,0.0096,0.0012,124.8,0.1335,0.0087,20800,7590,1.655429841,75,101,0.0075,0.145,,,,,,,
247,2016,7,HU,16-Jul,Clark Fork River at Huson,7/24/2016,24,33.00017647,15.7,19.65,8.355,209.4,1.37,0.087261146,102.75,154.7,0.015533333,0.028333333,0.00215,136.15,0.2005,0.009933333,16800,2150,2.795344968,76,143,0.007783333,0.1877,,,,,,,
253,2016,9,BM,16-Sep,Clark Fork River below Missoula,9/6/2016,6,285.7619048,51.02380952,12.1,8.27,290.4,5.39,0.105636958,,150.3,0.01685,0.03125,0.0017,188.8,0.21,0.02185,16800,2150,2.795344968,120,20,0.02015,0.1956,,,,,,,
256,2016,9,FH,16-Sep,Clark Fork River above Flathead,9/8/2016,8,7.857571429,15.03333333,14,8.375,234.4,1.52,0.101108647,78,130.25,0.0276,0.008,0.001025,152.45,0.190333333,0.011233333,20800,7590,1.655429841,121,101,0.010208333,0.209933333,,,,,,,
258,2016,9,HU,16-Sep,Clark Fork River at Huson,9/6/2016,6,70.33333333,15.6047619,14.45,8.305,254.15,2.695,0.172703692,85.7,145.7,0.01735,0.06355,0.0012,165.1,0.2075,0.0132,16800,2150,2.795344968,120,143,0.012,0.1613,,,,,,,
260,2017,7,BM,17-Jul,Clark Fork River below Missoula,7/10/2017,10,13.5047619,5.071428571,17.5,8.085,249.05,2.265,0.446619718,85.85,157.55,0.010675,0.010766667,0.004266667,161.8,0.153666667,0.015933333,29200,2150,3.685294472,26,21,0.011666666,0.153575,,,,,,,
265,2017,8,BM,17-Aug,Clark Fork River below Missoula,8/9/2017,9,24.99047619,6.585714286,16.5,8.185,273,1.785,0.271041215,86,248.85,0.01255,0.0318,0.0039,177.45,0.196,0.0156,29200,2150,3.685294472,56,21,0.0117,0.17675,,,,,,,
268,2017,8,FH,17-Aug,Clark Fork River above Flathead,8/5/2017,5,8.824,5.76875,19,8.305,222.75,0.9165,0.158873239,91.8,201.95,0.02205,0.02775,0.0016,144.6,0.1825,0.0079,34500,7590,2.132007164,63,102,0.0063,0.1768,,,,,,,
270,2017,8,HU,17-Aug,Clark Fork River at Huson,8/5/2017,5,24.59052381,8.97,19.4,8.2,242.9,1.7025,0.189799331,97.05,201.05,0.01475,0.0563,0.0017,157.95,0.2565,0.01435,29200,2150,3.685294472,52,144,0.01265,0.21495,,,,,,,
272,2017,9,BM,17-Sep,Clark Fork River below Missoula,9/5/2017,5,175.8380952,47.01904762,12.15,8.09,303.2,3.085,0.065611708,84.65,200.55,0.0091,0.0281,0.0041,197,0.2285,0.01695,29200,2150,3.685294472,83,21,0.01285,0.2095,,,,,,,
275,2017,9,FH,17-Sep,Clark Fork River above Flathead,9/6/2017,6,20.43333333,11.72857143,14.55,8.215,250.4,1.435,0.122350792,90.7,208.55,0.0185,0.0218,,162.85,0.1825,0.00965,34500,7590,2.132007164,95,102,0.00965,0.1792,,,,,,,
277,2017,9,HU,17-Sep,Clark Fork River at Huson,9/5/2017,5,35.18571429,12.17142857,15.05,8.145,275.3,2.1265,0.174712441,99.25,217.4,0.01375,0.08665,0.0013,178.75,0.309,0.0104,29200,2150,3.685294472,83,144,0.0091,0.2361,,,,,,,
283,2018,8,BM,18-Aug,Clark Fork River below Missoula,8/9/2018,9,38.462,11.46315789,15.8,8.335,285.65,2.31,0.201515152,90.15,2.65,0.0205,0.02865,0.00485,185.6,0.1805,0.01745,51200,2150,4.879954251,90,22,0.0126,0.17235,,,,,,,
286,2018,8,FH,18-Aug,Clark Fork River above Flathead,8/8/2018,8,14.40485714,7.945,17.95,8.33,239.15,0.98,0.123348018,90.1,9.85,0.01175,0.024333333,,155.35,0.164333333,0.010366667,59700,7590,2.804569958,88,103,0.010366667,0.15175,,,,,,,
288,2018,8,HU,18-Aug,Clark Fork River at Huson,8/6/2018,6,26.85714286,10.13809524,17.3,8.165,255.6,2.145,0.211578206,94.55,14.55,0.0158,0.05845,0.0018,166.1,0.2345,0.0171,51200,2150,4.879954251,87,145,0.0153,0.19185,,,,,,,
290,2018,9,BM,18-Sep,Clark Fork River below Missoula,9/11/2018,11,148.3619048,23.26666667,14.15,8.24,310.6,1.89,0.081232092,98.35,29.95,0.020466667,0.038233333,0.002266667,201.85,0.221333333,0.014466667,51200,2150,4.879954251,123,22,0.0122,0.203566667,,,,,,,
293,2018,9,FH,18-Sep,Clark Fork River above Flathead,9/7/2018,7,29.8047619,13.1047619,13.75,8.215,257.4,1.205,0.091951308,89.1,44.25,0.0256,0.01905,0.001,167.4,0.1535,0.00895,59700,7590,2.804569958,118,103,0.00795,0.16005,,,,,,,
295,2018,9,HU,18-Sep,Clark Fork River at Huson,9/8/2018,8,28.75714286,7.357142857,14.35,8.24,277,1.92,0.260970874,91.1,40.15,0.016633333,0.0332,0.0017,180.1,0.218,0.01245,51200,2150,4.879954251,120,145,0.01075,0.201433333,,,,,,,
301,2019,8,BM,19-Aug,Clark Fork River below Missoula,8/7/2019,7,42.20480952,15.06725,18.55,8.685,299.05,2.9,0.192470424,107.65,,0.03,0.0445,0.0135,194.35,0.17,0.014,34000,2150,3.976676186,81,23,5.00E-04,0.1555,,,,,,,
304,2019,8,FH,19-Aug,Clark Fork River above Flathead,8/6/2019,6,11.84385714,9.007,20.55,8.57,247.15,2.32,0.25757744,101.5,,0.025,0.011666667,0.016666667,160.55,0.136666667,0.008,42000,7590,2.352359844,79,104,,0.15,,,,,,,
306,2019,8,HU,19-Aug,Clark Fork River at Huson,8/6/2019,6,27.65980952,9.0455,20.4,8.485,274.9,1.71,0.189044276,107.35,,0.03,0.0425,0.0155,178.75,0.19,0.014,34000,2150,3.976676186,80,146,,0.1775,,,,,,,
308,2019,9,BM,19-Sep,Clark Fork River below Missoula,9/7/2019,7,253.4,58.55,13.6,8.275,323.65,,0,89.4,,0.005,0.0335,0.0165,211.1,0.19,0.046,34000,2150,3.976676186,112,23,0.0295,0.1615,,,,,,,
311,2019,9,FH,19-Sep,Clark Fork River above Flathead,9/7/2019,7,24.56,10.465,15.2,8.46,265.6,5.19,0.495938844,92.35,,0.01485,0.008,0.0105,172.95,0.12,0.01,42000,7590,2.352359844,111,104,,0.12685,,,,,,,
313,2019,9,HU,19-Sep,Clark Fork River at Huson,9/7/2019,7,68.1,17.25,14.35,8.355,287.45,4.985,0.288985507,93.1,,0.015,0.033,0.013333333,186.875,0.17,0.021666667,34000,2150,3.976676186,112,146,0.008333334,0.152,,,,,,,
321,2020,8,BM,20-Aug,Clark Fork River below Missoula,8/7/2020,7,55.13571429,17.42095238,17.25,8.265,285.35,2.595,0.148958561,,,,0.025,0.004,,0.155,0.0205,37300,2150,4.165193538,77,24,0.0165,0.13,,,,,,,
324,2020,8,FH,20-Aug,Clark Fork River above Flathead,8/6/2020,6,16.75333333,8.275714286,18.7,8.24,241.35,1.18,0.14258588,,,,0.008,0.003,,0.12,0.006,42900,7590,2.377430107,76,105,0.003,0.112,,,,,,,
326,2020,8,HU,20-Aug,Clark Fork River at Huson,8/6/2020,6,35.84619048,11.68714286,18.6,8.075,266.35,1.995,0.170700403,,,0.009,0.023,0.004,,0.155,0.0125,37300,2150,4.165193538,76,147,0.0085,0.141,,,,,,,
328,2020,9,BM,20-Sep,Clark Fork River below Missoula,9/6/2020,6,116.3857143,24.88333333,14.05,8.04,298.35,3.38,0.135833892,,,0.02,0.025,0.006,,0.156666667,0.011333333,37300,2150,4.165193538,107,24,0.005333333,0.151666667,,,,,,,
331,2020,9,FH,20-Sep,Clark Fork River above Flathead,9/6/2020,6,16.49809524,8.197619048,13.85,8.13,260.95,1.705,0.20798722,,,0.02,0.01075,0.004,,0.1,0.00625,42900,7590,2.377430107,107,105,0.00225,0.10925,,,,,,,
333,2020,9,HU,20-Sep,Clark Fork River at Huson,9/7/2020,7,80.84666667,20.15380952,14.7,8.135,290.8,2.825,0.140172011,,,0.02,0.047333333,0.005333333,,0.176666667,0.010666667,37300,2150,4.165193538,108,147,0.005333334,0.149333334,,,,,,,
335,2021,7,BM,21-Jul,Clark Fork River below Missoula,7/15/2021,15,57.33333333,16.38095238,17.6,8.44,262.35,2.045,0.124840116,,,0.02,0.02,0.001,,0.13,0.015,28200,2150,3.621640384,40,25,0.014,0.13,,,,,,,
340,2021,8,BM,21-Aug,Clark Fork River below Missoula,8/9/2021,9,59.19047619,14.04761905,16.4,8.335,298.7,4.49,0.319627119,,,0.01,0.015,,,0.16,0.007,28200,2150,3.621640384,65,25,0.007,0.155,,,,,,,
343,2021,8,FH,21-Aug,Clark Fork River above Flathead,8/9/2021,9,19.4047619,9.538095238,18.1,8.36,251.3,2.25,0.235896156,,,0.02,0.006,,,0.13,0.008,31700,7590,2.043660463,64,106,0.008,0.144,,,,,,,
345,2021,8,HU,21-Aug,Clark Fork River at Huson,8/9/2021,9,62.95238095,16.19047619,17.2,8.08,274.95,3.945,0.243661765,,,0.02,0.01,,,0.15,0.015,28200,2150,3.621640384,65,148,0.015,0.16,,,,,,,
349,2021,9,FH,21-Sep,Clark Fork River above Flathead,9/7/2021,7,50.76190476,19.23809524,13.45,8.305,269.7,2.635,0.136967822,,,0.02,0.01,,,0.115,0.0105,31700,7590,2.043660463,93,106,0.0105,0.125,,,,,,,
351,2021,9,HU,21-Sep,Clark Fork River at Huson,9/7/2021,7,363.7142857,64.80952381,12.25,7.895,300.7,2.11,0.032556943,,,,0.0145,,,0.155,0.012,28200,2150,3.621640384,94,148,0.012,0.1405,,,,,,,
353,2022,7,BM,22-Jul,Clark Fork River below Missoula,7/23/2022,23,53.86095714,16.71428571,17.4,7.99,237.6,6.14,0.367350427,,,,0.01,0.004,,0.14,0.019,28700,2150,3.653606056,40,26,0.015,0.13,,,,,,,
360,2022,8,FH,22-Aug,Clark Fork River above Flathead,8/6/2022,6,6.24437619,4.041176471,19.73333333,8.196666667,227.1333333,0.96,0.237554585,,,0.016666667,0.0165,0.0185,,0.17,0.029333333,35700,7590,2.168768617,54,107,0.010833333,0.170166667,,,,,,,
362,2022,8,HU,22-Aug,Clark Fork River at Huson,8/6/2022,6,33.23872857,14.6875,18.7,7.936666667,251.1666667,3.803333333,0.258950355,,,0.01,0.037333333,0.0015,,0.2,0.032333333,28700,2150,3.653606056,54,149,0.030833333,0.172666667,,,,,,,
364,2022,9,BM,22-Sep,Clark Fork River below Missoula,9/8/2022,8,116.1640619,21.04761905,15.05,8.295,313.25,3.055,0.145147059,,,,0.033,0.0015,,0.185,0.0145,28700,2150,3.653606056,87,26,0.013,0.152,,,,,,,
367,2022,9,FH,22-Sep,Clark Fork River above Flathead,9/8/2022,8,20.48092381,9.674761905,15.05,8.24,255,1.835,0.18966875,,,,0.011,0.001,,0.25,0.026,35700,7590,2.168768617,87,107,0.025,0.239,,,,,,,
369,2022,9,HU,22-Sep,Clark Fork River at Huson,9/8/2022,8,68.8747619,23.04761905,15.65,8.24,279.9,2.265,0.098274793,,,,0.0075,0.0014,,0.2,0.0115,28700,2150,3.653606056,87,149,0.0101,0.1925,,,,,,,
