Group.1,Group.2,Site,ActivityStartDate,Day,Month,Year,Chlorophyll.a..corrected.for.pheophytin,Weight,Temperature..water,pH,Specific.conductance,Turbidity,Dissolved.oxygen..DO.,Dissolved.oxygen.saturation,Oxidation.reduction.potential..ORP.,Ammonia,Nitrate...Nitrite,Orthophosphate,Total.dissolved.solids,Total.Nitrogen..mixed.forms,Total.Phosphorus..mixed.forms
8-Aug,Clark Fork River above Flathead,FH,8/11/2008,11,8,2008,3.9001,3.295,19.46666667,8.676666667,221,1.363333333,8.593333333,93.7,-77.2,0.01,0.016,,117.3333333,0.149333333,0.0085
8-Sep,Clark Fork River above Flathead,FH,9/7/2008,7,9,2008,13.3,4.15,16.45,8.865,237,1.77,9.235,94.45,-74,,0.014,,126,0.214,0.0095
9-Aug,Clark Fork River above Flathead,FH,8/10/2009,10,8,2009,23.04761905,7.6,20.43333333,8.676666667,236,1.3,8.68,,-75.26666667,0.005888,0.0074625,0.0034775,125.3333333,0.13825,0.0096475
9-Sep,Clark Fork River above Flathead,FH,9/7/2009,7,9,2009,51.61904762,19.1,20.16666667,8.5,249.3333333,1.36,8.6,,-74.26666667,0.0119625,0.006725,0.00315,132.6,0.157,0.008326667
10-Aug,Clark Fork River above Flathead,FH,8/7/2010,7,8,2010,38.36363636,15.66666667,22.9,8.413333333,235.6666667,1.39,8.356666667,,-71.76666667,0.00615,0.008,0.00355,125.5333333,0.1665,0.010675
10-Sep,Clark Fork River above Flathead,FH,9/9/2010,9,9,2010,36.90952381,24,16.3,8.54,243.3333333,1.736666667,8.903333333,,-78.36666667,0.0094,0.009166667,0.0032,129.3333333,0.157666667,0.0098
11-Aug,Clark Fork River above Flathead,FH,8/10/2011,10,8,2011,6.190857143,6.944444444,18.56666667,8.463333333,196.3666667,1.126666667,8.676666667,,207.3,0.0099,0.00525,0.004525,127.6333333,0.118615,0.0153
11-Sep,Clark Fork River above Flathead,FH,9/9/2011,9,9,2011,14.95238095,6.666666667,14.95,8.505,223.5,1.29,9.1,,240.95,0.00635,0.02435,0.0045,145.25,0.149,0.00805
12-Aug,Clark Fork River above Flathead,FH,8/9/2012,9,8,2012,6.905333333,16.14,19.06666667,8.486666667,207.6666667,0.823333333,8.306666667,,94.43333333,0.007663333,0.010085,0.004166667,134.9666667,0.165765,0.0082
12-Sep,Clark Fork River above Flathead,FH,9/4/2012,4,9,2012,12.048,10.6,15.25,8.55,211,1.235,8.815,,123.6,0.00607,0.010585,0.00175,137.5,0.196455,0.00778
13-Jul,Clark Fork River above Flathead,FH,7/27/2013,27,7,2013,14.23842857,8.823529412,20.8,8.453333333,211.6666667,1.083333333,9.21,,-437.5666667,,0.011606667,0.003883333,137.5666667,0.154586667,0.008866667
13-Aug,Clark Fork River above Flathead,FH,8/29/2013,29,8,2013,15.57142857,7.25,19.5,8.445,227,1.015,7.9,,-392,0.00873,0.010405,0.00353,147.55,0.15132,0.00904
14-Aug,Clark Fork River above Flathead,FH,8/16/2014,16,8,2014,17.3955814,12.65294118,19.2,8.176666667,237.7333333,1.44,8.4,,175.6666667,0.0134,0.008733333,0.003366667,154.6666667,0.178666667,0.009733333
15-Aug,Clark Fork River above Flathead,FH,8/5/2015,5,8,2015,36.25,20.2,18.5,8.525,211.55,1.04,8.235,87.9,137.9,0.0092,0.00545,,137.5,0.187,0.01005
15-Sep,Clark Fork River above Flathead,FH,9/10/2015,10,9,2015,57.85714286,26.14285714,14.25,8.48,240.5,1.955,9.03,88.2,115.9,0.0061,0.00605,,156.65,0.186666667,0.012033333
16-Jul,Clark Fork River above Flathead,FH,7/24/2016,24,7,2016,8.000285714,5.525,18.8,8.345,192.05,0.86,8.415,90.3,162.35,0.0211,0.0096,0.0012,124.8,0.1335,0.0087
16-Sep,Clark Fork River above Flathead,FH,9/8/2016,8,9,2016,7.857571429,15.03333333,14,8.375,234.4,1.52,7.75,78,130.25,0.0276,0.008,0.001025,152.45,0.190333333,0.011233333
17-Aug,Clark Fork River above Flathead,FH,8/5/2017,5,8,2017,8.824,5.76875,19,8.305,222.75,0.9165,8.525,91.8,201.95,0.02205,0.02775,0.0016,144.6,0.1825,0.0079
17-Sep,Clark Fork River above Flathead,FH,9/6/2017,6,9,2017,20.43333333,11.72857143,14.55,8.215,250.4,1.435,9.27,90.7,208.55,0.0185,0.0218,,162.85,0.1825,0.00965
18-Aug,Clark Fork River above Flathead,FH,8/8/2018,8,8,2018,14.40485714,7.945,17.95,8.33,239.15,0.98,8.545,90.1,9.85,0.01175,0.024333333,,155.35,0.164333333,0.010366667
18-Sep,Clark Fork River above Flathead,FH,9/7/2018,7,9,2018,29.8047619,13.1047619,13.75,8.215,257.4,1.205,9.235,89.1,44.25,0.0256,0.01905,0.001,167.4,0.1535,0.00895
19-Aug,Clark Fork River above Flathead,FH,8/6/2019,6,8,2019,11.84385714,9.007,20.55,8.57,247.15,2.32,9.12,101.5,,0.025,0.011666667,0.016666667,160.55,0.136666667,0.008
19-Sep,Clark Fork River above Flathead,FH,9/7/2019,7,9,2019,24.56,10.465,15.2,8.46,265.6,5.19,9.26,92.35,,0.01485,0.008,0.0105,172.95,0.12,0.01
20-Aug,Clark Fork River above Flathead,FH,8/6/2020,6,8,2020,16.75333333,8.275714286,18.7,8.24,241.35,1.18,8.485,,,,0.008,0.003,,0.12,0.006
20-Sep,Clark Fork River above Flathead,FH,9/6/2020,6,9,2020,16.49809524,8.197619048,13.85,8.13,260.95,1.705,9.44,,,0.02,0.01075,0.004,,0.1,0.00625
21-Aug,Clark Fork River above Flathead,FH,8/9/2021,9,8,2021,19.4047619,9.538095238,18.1,8.36,251.3,2.25,8.95,,,0.02,0.006,,,0.13,0.008
21-Sep,Clark Fork River above Flathead,FH,9/7/2021,7,9,2021,50.76190476,19.23809524,13.45,8.305,269.7,2.635,9.54,,,0.02,0.01,,,0.115,0.0105
22-Aug,Clark Fork River above Flathead,FH,8/6/2022,6,8,2022,6.24437619,4.041176471,19.73333333,8.196666667,227.1333333,0.96,77.98666667,,,0.016666667,0.0165,0.0185,,0.17,0.029333333
22-Sep,Clark Fork River above Flathead,FH,9/8/2022,8,9,2022,20.48092381,9.674761905,15.05,8.24,255,1.835,10.48,,,,0.011,0.001,,0.25,0.026
8-Aug,Clark Fork River above Little Blackfoot,GR,8/10/2008,10,8,2008,129.1,102.315,16.3,8.386666667,471.3333333,1.643333333,8.8,89.9,-68.43333333,0.01,0.006,,250.6666667,0.206,0.021
8-Sep,Clark Fork River above Little Blackfoot,GR,9/7/2008,7,9,2008,134.8,36.17,12.35,8.965,471,3.18,10.195,52.35,-75.5,0.01,0.041,,250.5,0.291,0.0335
9-Aug,Clark Fork River above Little Blackfoot,GR,8/7/2009,7,8,2009,102.2047619,95.22,19.36666667,8.603333333,429.3333333,2.81,8.983333333,,-68.6,0.007573333,0.014306667,0.01594,228,0.262,0.035736667
9-Sep,Clark Fork River above Little Blackfoot,GR,9/7/2009,7,9,2009,126.2857143,60.65,17.73333333,8.35,446.6666667,2.326666667,8.793333333,,-66.86666667,0.00843,0.00605,0.008946667,237.3333333,0.233666667,0.020806667
10-Aug,Clark Fork River above Little Blackfoot,GR,8/5/2010,5,8,2010,59.01608,67.80952381,20.13333333,8.266666667,401,22.74,8.886666667,,-63.66666667,0.0088,0.0146,0.037633333,213,0.363333333,0.088533333
10-Sep,Clark Fork River above Little Blackfoot,GR,9/9/2010,9,9,2010,119.4666667,59.95,14.53333333,8.443333333,426.3333333,3.786666667,10.14666667,,-72.03333333,0.0103,0.033566667,0.018133333,226.3333333,0.281,0.037633333
11-Aug,Clark Fork River above Little Blackfoot,GR,8/8/2011,8,8,2011,50.66666667,13,16.9,8.446666667,332.5666667,3.386666667,9.713333333,,217.8666667,0.0143,0.0658,0.0315,216.2333333,0.305,0.051566667
11-Sep,Clark Fork River above Little Blackfoot,GR,9/8/2011,8,9,2011,46.61933333,16.66666667,11.8,8.565,383.05,2.82,11.215,,242.75,0.0127,0.0564,0.01565,248.95,0.3045,0.0323
12-Jul,Clark Fork River above Little Blackfoot,GR,7/23/2012,23,7,2012,85.19047619,72.61904762,19.06666667,8.383333333,408.8666667,2.1,9.24,,111.3333333,0.0088675,0.00178,0.0193825,265.8666667,0.29065,0.0480775
12-Sep,Clark Fork River above Little Blackfoot,GR,9/3/2012,3,9,2012,147.7619048,57.0952381,11.75,8.465,438.15,2.275,10.95,,182.45,,,0.0035,284.7,0.27037,0.02242
13-Jun,Clark Fork River above Little Blackfoot,GR,6/28/2013,28,6,2013,60.39134783,61.95652174,,,,,,,,,,,,,
13-Aug,Clark Fork River above Little Blackfoot,GR,8/7/2013,7,8,2013,196.8888889,107.0740741,16.55,8.385,486.6,1.52,11.665,,-426.7,0.007526667,0.001373333,0.016336667,316.2,0.26929,0.027523333
13-Sep,Clark Fork River above Little Blackfoot,GR,9/3/2013,3,9,2013,150.0689655,71.71428571,14.9,8.265,499.15,2.085,10.1,,-411.05,0.00904,0.009025,0.016175,324.35,0.27177,0.029835
14-Aug,Clark Fork River above Little Blackfoot,GR,8/13/2014,13,8,2014,93.48891111,105.9522727,18.55,8.105,431.2,2.145,10.63,,198.15,0.01225,0.00165,0.017633333,280.5,0.263333333,0.0314
15-Jul,Clark Fork River above Little Blackfoot,GR,7/3/2015,3,7,2015,75.12,135.88,17.35,8.225,377.7,1.885,7.96,81,101.7,0.0087,0.00165,0.01085,245.7,0.3175,0.03135
15-Aug,Clark Fork River above Little Blackfoot,GR,8/5/2015,5,8,2015,312.1904762,183.5714286,14.35,8.21,477.4,1.585,9.81,96.2,124.05,0.014675,0.005925,0.006933333,310.4,0.2125,0.024033333
15-Sep,Clark Fork River above Little Blackfoot,GR,9/9/2015,9,9,2015,129.1904762,45.85714286,11.5,8.2,482.45,3.71,9.205,84.5,116.65,0.0139,0.02665,0.0055,313.65,0.366,0.0316
16-Jul,Clark Fork River above Little Blackfoot,GR,7/16/2016,16,7,2016,195.4755556,170.2084444,15.55,8.15,438.3,1.37,8.67,87,209.2,0.0219,0.00125,0.0231,284.7,0.285,0.04325
16-Sep,Clark Fork River above Little Blackfoot,GR,9/7/2016,7,9,2016,125.1761905,52.92285714,11.2,8.24,489.15,1.21,8.65,78,77.75,0.02415,0.0349,0.00745,317.8,0.2935,0.0227
17-Jul,Clark Fork River above Little Blackfoot,GR,7/9/2017,9,7,2017,22.667,27.72857143,19,8.235,398.05,2.15,8.725,94.25,215.2,0.0135,0.0025,0.0151,258.7,0.2845,0.03585
17-Aug,Clark Fork River above Little Blackfoot,GR,8/7/2017,7,8,2017,116.2428571,167.6380952,16.2,8.23,472.95,0.875,10.33,105,263.9,0.012533333,0.07435,0.00455,307.4,0.321,0.0174
17-Sep,Clark Fork River above Little Blackfoot,GR,9/6/2017,6,9,2017,77.34090909,139.9227273,10.9,8.23,487.1,2.665,10.875,98.55,214.5,0.0137,0.1808,0.0109,316.6,0.523,0.035
18-Aug,Clark Fork River above Little Blackfoot,GR,8/9/2018,9,8,2018,72.15738095,58.51875,16.05,8.505,418.55,1.815,11.425,116.1,14.05,0.0194,0.065866667,0.007633333,272,0.337333333,0.028066667
18-Sep,Clark Fork River above Little Blackfoot,GR,9/6/2018,6,9,2018,218.3571905,69.89,12.9,8.285,450.85,3.48,11.13,105.5,61.75,0.0249,0.0893,0.0079,293.15,0.368,0.0319
19-Jul,Clark Fork River above Little Blackfoot,GR,7/21/2019,21,7,2019,24.7161332,47.52297297,19.4,8.735,378.15,4.03,9.815,106.65,,0.0137,,0.046,245.705,0.23,0.053
19-Aug,Clark Fork River above Little Blackfoot,GR,8/24/2019,24,8,2019,128.109619,54.61052632,19.7,8.65,443.9,2.6,9.01,98.7,,0.03,0.074,0.03,288.28,0.31,0.0375
20-Aug,Clark Fork River above Little Blackfoot,GR,8/7/2020,7,8,2020,88.30558333,139.6645,17.95,8.375,448.5,3.92,10.37,,,,0.017,0.0115,,0.24,0.02
20-Sep,Clark Fork River above Little Blackfoot,GR,9/5/2020,5,9,2020,147.9741667,66.27791667,12.35,8.265,489.1,2.4,10.695,,,0.02,0.036,0.013666667,,0.25,0.022333333
21-Jul,Clark Fork River above Little Blackfoot,GR,7/15/2021,15,7,2021,99.66666667,59.95238095,20.75,8.67,476.15,2.635,10.38,,,0.01,0.002,0.004666667,,0.26,0.034333333
21-Aug,Clark Fork River above Little Blackfoot,GR,8/8/2021,8,8,2021,238.8571429,61.80952381,18.75,8.615,498.7,3.215,11.215,,,0,0.004,0.003,,0.26,0.03
21-Sep,Clark Fork River above Little Blackfoot,GR,9/6/2021,6,9,2021,144.8571429,46.80952381,10.55,8.52,509.45,1.985,13.315,,,0.01,0.034,0.002,,0.225,0.0155
22-Jul,Clark Fork River above Little Blackfoot,GR,7/17/2022,17,7,2022,51.61791579,74.10526316,21.2,8.43,436.1,3.125,24.85,,,0.03,,0.021,,0.223333333,0.05
22-Aug,Clark Fork River above Little Blackfoot,GR,8/8/2022,8,8,2022,75.09674762,115.0952381,21,8.585,466.15,1.695,66.625,,,0.015,0.006,0.007,,0.205,0.034
22-Sep,Clark Fork River above Little Blackfoot,GR,9/8/2022,8,9,2022,99.26024091,102.8636364,15.7,8.48,524.55,1.195,12.59,,,,,0.0013,,0.233333333,0.012666667
8-Aug,Clark Fork River above Missoula,MS,8/10/2008,10,8,2008,64.80015,29.22,16.2,8.273333333,276,1.636666667,7.88,79.93333333,-47.7,0,0.008333333,,146.3,0.141666667,0.009666667
8-Sep,Clark Fork River above Missoula,MS,9/6/2008,6,9,2008,80.19047619,19.74285714,12.15,8.35,305,2.745,9.175,85.3,-47.15,0,0.0085,,161.75,,0.011
9-Aug,Clark Fork River above Missoula,MS,8/8/2009,8,8,2009,116.952381,33.7,18.06666667,7.993333333,286.3333333,2.47,8.41,,-36.3,0.0074225,0.00652,0.00538,152.2333333,0.161,0.01646
9-Sep,Clark Fork River above Missoula,MS,9/6/2009,6,9,2009,148.0454545,41.71428571,15.66666667,7.853333333,301.6666667,1.793333333,8.623333333,,-39.56666667,0.010395,0.003896,0.003465,160.0666667,0.161666667,0.010663333
10-Aug,Clark Fork River above Missoula,MS,8/6/2010,6,8,2010,120.95,50.28571429,18.83333333,7.66,283,2.246666667,8.56,,-28.5,0.009933333,0.003533333,0.006566667,150.5,0.189,0.0176
10-Sep,Clark Fork River above Missoula,MS,9/8/2010,8,9,2010,71.9826087,30.72727273,13.26666667,7.723333333,304,2.28,9.063333333,,-31.76666667,0.00605,0.002466667,0.003833333,162.3333333,0.161666667,0.0121
11-Aug,Clark Fork River above Missoula,MS,8/10/2011,10,8,2011,14.90514286,9.785714286,15.4,8.383333333,240.7333333,2.156666667,8.996666667,,205.7,0.009533333,0.00464,0.010966667,156.4333333,0.130333333,0.0181
11-Sep,Clark Fork River above Missoula,MS,9/10/2011,10,9,2011,51.47619048,25.33333333,12.1,8.36,277,2.06,9.58,,243.6,0.0088,0.0029,0.0068,180,0.146,0.0135
12-Aug,Clark Fork River above Missoula,MS,8/10/2012,10,8,2012,79.66671429,38.75,16.7,8.35,255.1666667,1.696666667,8.303333333,,102.6333333,0.009133333,0.00361,0.003756667,165.9666667,0.165076667,0.01274
12-Sep,Clark Fork River above Missoula,MS,9/5/2012,5,9,2012,63.28571429,27.42857143,11.75,8.345,280.9,1.415,9.66,,222.4,0.00703,0.0022,0.00172,182.65,0.159635,0.0089
13-Aug,Clark Fork River above Missoula,MS,8/7/2013,7,8,2013,74.38095238,34.47619048,16.4,8.205,275.75,2.225,8.375,,-448.15,0.01299,0.002025,0.00333,179.45,0.155005,0.01165
13-Sep,Clark Fork River above Missoula,MS,9/5/2013,5,9,2013,93.38095238,37.95238095,15.15,8.225,294.95,2.32,6.2,,-448.4,0.010823333,0.000968,0.00371,191.8,0.146845,0.01041
14-Aug,Clark Fork River above Missoula,MS,8/15/2014,15,8,2014,92.16666667,36.31666667,17.4,7.91,301.15,1.55,8.325,,248,0.01265,0.0019,0.0043,195.95,0.1515,0.01155
15-Jul,Clark Fork River above Missoula,MS,7/4/2015,4,7,2015,116.8148148,91.59259259,18.75,8.23,224.7,1.86,7.02,74,119.75,0.010475,0.0017,0.0016,146.2,0.171666667,0.0109
15-Aug,Clark Fork River above Missoula,MS,8/6/2015,6,8,2015,61.76190476,22.04761905,16.5,7.985,286,3.005,7.735,79.2,175.9,0.01725,0.0026,0.0018,185.9,0.265,0.0157
15-Sep,Clark Fork River above Missoula,MS,9/8/2015,8,9,2015,76.0952381,27.95238095,12.65,8.13,303.3,4.785,8.85,83.4,139.6,0.00715,,0.0017,196.9,0.232,0.0203
16-Jul,Clark Fork River above Missoula,MS,7/12/2016,12,7,2016,114.755814,76.10093023,17.4,8.28,247.05,1.195,7.195,75.15,204.8,,0.0011,8.00E-04,160.55,0.1405,0.009533333
16-Aug,Clark Fork River above Missoula,MS,8/25/2016,25,8,2016,67.76190476,28.48571429,16.05,8.245,264.65,45.635,7.795,79.2,-4,0.0198,0.01095,0.00125,171.9,0.321,0.0507
17-Jul,Clark Fork River above Missoula,MS,7/10/2017,10,7,2017,24.30966667,18.24444444,18.9,8.175,253,2.34,8.645,93.35,234.95,0.0149,0.002,0.0042,164.45,0.169,0.01515
17-Aug,Clark Fork River above Missoula,MS,8/8/2017,8,8,2017,106.6142857,56.6,16.75,8.455,267.3,1.62,9.515,98.5,243.55,0.0116,0.00205,0.002,173.85,0.18,0.01085
17-Sep,Clark Fork River above Missoula,MS,9/5/2017,5,9,2017,68.82857143,47.53333333,12.4,8.32,306.15,2.64,9.685,90.45,165.5,0.0096,0.00395,0.0019,198.9,0.2105,0.014
18-Aug,Clark Fork River above Missoula,MS,8/8/2018,8,8,2018,97.54761905,22.12380952,17.05,8.375,283.15,1.505,9.57,98.85,7.95,0.0118,0.0039,0.0033,183.95,0.1385,0.01545
18-Sep,Clark Fork River above Missoula,MS,9/10/2018,10,9,2018,66.75714286,17.14285714,14.4,8.465,309.7,2.65,11.06,108.4,46.2,0.02255,0.0418,0.0014,201.2,0.1535,0.01235
19-Jul,Clark Fork River above Missoula,MS,7/17/2019,17,7,2019,119.8768095,79.84019512,17.4,8.58,277.3,5.13,8.86,92.7,,0.01,0.005,0.0245,180.375,0.125,0.0295
19-Aug,Clark Fork River above Missoula,MS,8/7/2019,7,8,2019,108.2,53.43619048,18.05,8.52,303.85,2.195,9.745,103.45,,0.02,,0.014,197.655,0.13,0.014
19-Sep,Clark Fork River above Missoula,MS,9/7/2019,7,9,2019,101.85,29.71428571,13.45,8.285,329.35,12.11,9.23,88.55,,0.005,0.016,0.017,214.175,0.175,0.0465
20-Jul,Clark Fork River above Missoula,MS,7/21/2020,21,7,2020,39.09814815,68.23259259,18.65,8.18,257.5,8.16,8.965,,,,,0.006,,0.11,0.017
20-Aug,Clark Fork River above Missoula,MS,8/8/2020,8,8,2020,119.3466667,117.93375,18.3,8.365,297.3,2.775,10.23,,,0.007,0.003,0.0045,,0.2,0.016
20-Sep,Clark Fork River above Missoula,MS,9/7/2020,7,9,2020,92.82,36.91714286,13.85,8.12,324.95,3.915,9.94,,,0.02,0.003,0.005666667,,0.125,0.012
21-Aug,Clark Fork River above Missoula,MS,8/9/2021,9,8,2021,196.8571429,45.19047619,18.6,8.53,307.45,4.785,10.36,,,0,,,,0.12,0.015
21-Sep,Clark Fork River above Missoula,MS,9/8/2021,8,9,2021,103.7619048,46.33333333,11.85,7.935,326.75,3.57,9.96,,,0,,,,0.115,0.0105
22-Jul,Clark Fork River above Missoula,MS,7/24/2022,24,7,2022,86.8108619,29.70731707,20.5,8.315,251.45,5.92,30.89,,,0.03,0.021,0.0195,,0.125,0.042
22-Sep,Clark Fork River above Missoula,MS,9/7/2022,7,9,2022,95.71087619,40.71428571,14.9,8.365,319.15,3.73,11.88,,,,,,,0.115,0.008
8-Aug,Clark Fork River at Bonita,BN,8/10/2008,10,8,2008,112.75,103.72,16.76666667,8.626666667,491,3.263333333,8.533333333,87.9,-63.93333333,,0.007333333,,260.6666667,0.207333333,0.015
8-Sep,Clark Fork River at Bonita,BN,9/7/2008,7,9,2008,246.50005,61.085,13.05,8.66,470,5.465,9.65,90.2,-60.55,0,0.005,,249.5,0.205,0.038
9-Aug,Clark Fork River at Bonita,BN,8/7/2009,7,8,2009,144.8571429,111.7,18.9,8.46,430.3333333,5.643333333,8.5,,-59.86666667,0.00759,0.00903,0.011213333,228.6666667,0.261,0.036396667
9-Sep,Clark Fork River at Bonita,BN,9/7/2009,7,9,2009,225.6190476,56.35,16.76666667,8.373333333,472.6666667,3.64,9.063333333,,-68.46666667,0.011063333,0.007983333,0.010106667,251,0.246,0.02404
10-Aug,Clark Fork River at Bonita,BN,8/5/2010,5,8,2010,58.89005,68.68421053,19.73333333,8.073333333,436,2.79,8.536666667,,-51.33333333,0.00765,0.003966667,0.0206,231.3333333,0.217666667,0.0363
10-Sep,Clark Fork River at Bonita,BN,9/9/2010,9,9,2010,138.3571429,82.45,14.3,8.206666667,455.6666667,3.666666667,9.546666667,,-58.46666667,0.006,0.0029,0.0118,245,0.234,0.0292
11-Aug,Clark Fork River at Bonita,BN,8/8/2011,8,8,2011,26.57166667,16.44444444,17.1,8.356666667,373.1333333,2.816666667,8.413333333,,223.6666667,0.0081,0.005233333,0.0233,242.6666667,0.182333333,0.0396
11-Sep,Clark Fork River at Bonita,BN,9/8/2011,8,9,2011,59.61919048,17.2,13.05,8.43,426.6,3.77,9.645,,251.7,0.0062,0.00355,0.0194,277.25,0.2355,0.04135
12-Jul,Clark Fork River at Bonita,BN,7/25/2012,25,7,2012,216.1428571,122.7619048,19.26666667,8.42,408.6,1.72,9.056666667,,130.1666667,0.007776667,0.00277,0.003773333,265.6666667,0.253406667,0.013036667
12-Sep,Clark Fork River at Bonita,BN,9/3/2012,3,9,2012,159.8571905,71.28571429,12.95,8.335,473.75,1.49,9.81,,194.35,,0.00199,0.00247,308.1,0.188365,0.011925
13-Jun,Clark Fork River at Bonita,BN,6/28/2013,28,6,2013,99,78.0952381,,,,,,,,,,,,,
13-Aug,Clark Fork River at Bonita,BN,8/7/2013,7,8,2013,111.952381,60.61904762,17.55,8.315,507.5,2.455,8.895,,-446.95,0.010305,0.00236,0.00663,329.9,0.213695,0.014075
13-Sep,Clark Fork River at Bonita,BN,9/4/2013,4,9,2013,119.6190476,63.47619048,15.75,8.28,520,7.23,8.29,,-445.55,0.011295,0.001225,0.00701,338,0.236165,0.028765
14-Aug,Clark Fork River at Bonita,BN,8/15/2014,15,8,2014,126.4318409,79.19767442,18.65,8.25,533,3.135,8.74,,236.85,0.01765,0.00455,0.01725,346.45,0.2305,0.0335
15-Jul,Clark Fork River at Bonita,BN,7/5/2015,5,7,2015,68.9047619,97.76190476,19.15,8.24,395,1.245,6.65,70.2,95.85,0.00755,0.002333333,0.00245,256.75,0.245333333,0.01
15-Aug,Clark Fork River at Bonita,BN,8/5/2015,5,8,2015,179.15,151.9,16.25,8.215,504.25,4.165,7.94,80.9,119.9,0.01315,0.00285,0.0019,327.6,0.261,0.02115
15-Sep,Clark Fork River at Bonita,BN,9/10/2015,10,9,2015,57.04761905,26.52380952,13,8.355,479.75,7.275,8.625,81.9,103.9,0.0144,0.0017,0.00505,311.7,0.3535,0.037
16-Jul,Clark Fork River at Bonita,BN,7/16/2016,16,7,2016,159.4885116,178.8008108,17.3,8.135,465.15,0.94,6.68,69.5,206.2,0.008033333,0.001633333,0.001233333,302.3,0.211666667,0.0088
16-Sep,Clark Fork River at Bonita,BN,9/7/2016,7,9,2016,96.27272727,60.10454545,13,8.52,496.95,9.525,8.14,77.2,214.35,0.0191,0.0023,0.00775,323.05,0.288,0.04775
17-Jul,Clark Fork River at Bonita,BN,7/10/2017,10,7,2017,17.59542857,24.08235294,19.85,8.26,445.25,2.985,8.325,91.55,238.65,0.01745,0.0047,0.01265,289.55,0.225,0.03305
17-Aug,Clark Fork River at Bonita,BN,8/6/2017,6,8,2017,25.86190476,16.04285714,17.85,8.305,507.45,1.64,9.31,98.4,247.8,0.0152,0.00695,0.00195,329.85,0.2725,0.0147
17-Sep,Clark Fork River at Bonita,BN,9/6/2017,6,9,2017,58.45238095,31.16190476,12.9,8.225,506.3,5.275,9.495,89.6,192.85,0.0114,0.01095,0.00675,329.2,0.3345,0.0328
18-Aug,Clark Fork River at Bonita,BN,8/7/2018,7,8,2018,8.12447619,27.97142857,17.95,8.385,447.65,2,9.62,101.2,6,0.0089,0.0047,0.0118,291.2,0.216,0.03365
18-Sep,Clark Fork River at Bonita,BN,9/6/2018,6,9,2018,65.22857143,14.67619048,15.15,8.455,459.65,2.8,11.725,116.8,55.35,0.03285,0.0043,0.00245,299,0.24,0.02185
19-Jul,Clark Fork River at Bonita,BN,7/20/2019,20,7,2019,66.46302128,72.5528,18.65,8.58,423.5,4.51,8.18,87.55,,0.00365,0.005,0.039,275.275,0.185,0.0445
19-Aug,Clark Fork River at Bonita,BN,8/23/2019,23,8,2019,117.65,55.81333333,20.75,8.63,412,3.61,8.685,96.25,,0.03,0.003,0.026666667,265.85,0.19,0.027666667
20-Jul,Clark Fork River at Bonita,BN,7/23/2020,23,7,2020,52.93957143,77.21176471,19.5,8.195,378.8,5.015,8.275,,,,,0.009,,0.15,0.027
20-Aug,Clark Fork River at Bonita,BN,8/8/2020,8,8,2020,69.39333333,27.51904762,19.55,8.4,481.15,3.015,9.635,,,,,0.0085,,0.205,0.0175
20-Sep,Clark Fork River at Bonita,BN,9/6/2020,6,9,2020,144.4933333,29.92238095,13.45,8.23,479.45,5.26,9.365,,,0.02,,0.011,,0.175,0.025
21-Jul,Clark Fork River at Bonita,BN,7/14/2021,14,7,2021,186.2727273,137.1363636,21.65,8.67,548.7,2.61,8.88,,,0,0.005,0.005,,0.23,0.0175
21-Aug,Clark Fork River at Bonita,BN,8/8/2021,8,8,2021,185,96.42857143,19.9,8.655,513.45,4.595,10.985,,,0,,,,0.2,0.019
21-Sep,Clark Fork River at Bonita,BN,9/6/2021,6,9,2021,185.7619048,66.61904762,11.95,8.45,528.4,4.66,10.97,,,0.02,,8.00E-04,,0.18,0.0195
22-Jul,Clark Fork River at Bonita,BN,7/17/2022,17,7,2022,66.88216667,62.61904762,22.05,8.395,441,8.14,27.175,,,,0.021,0.0225,,0.21,0.06
22-Aug,Clark Fork River at Bonita,BN,8/9/2022,9,8,2022,145.048281,39.71428571,22.4,8.475,519.9,4.39,85.18,,,0.013333333,0.005,0.003666667,,0.176666667,0.019333333
22-Sep,Clark Fork River at Bonita,BN,9/7/2022,7,9,2022,87.89594762,43.23809524,16.55,8.395,531.9,4.03,11.495,,,,,0.00145,,0.22,0.0165
8-Aug,Clark Fork River at Deer Lodge,DL,8/11/2008,11,8,2008,172.0714286,79.77142857,16.03333333,8.853333333,457.3333333,2.09,9.266666667,96.86666667,-73.5,0.01,0.056,,242.6666667,0.289333333,0.018
8-Sep,Clark Fork River at Deer Lodge,DL,9/7/2008,7,9,2008,200.85,45.145,11.9,8.985,464,3.64,10.375,97.75,-75.9,0.01,0.061,,251,0.311,0.0255
9-Aug,Clark Fork River at Deer Lodge,DL,8/6/2009,6,8,2009,181.047619,51.1,19.5,8.766666667,409,3.546666667,9.416666667,,-76.36666667,0.00959,0.068873333,0.01137,217,0.335,0.029223333
9-Sep,Clark Fork River at Deer Lodge,DL,9/7/2009,7,9,2009,502.9047619,91.8,17.66666667,8.503333333,434.6666667,2.24,9.87,,-77.56666667,0.011886667,0.057916667,0.00663,231,0.289666667,0.01827
10-Aug,Clark Fork River at Deer Lodge,DL,8/5/2010,5,8,2010,49.64295238,39.375,19.9,8.403333333,385.6666667,7.046666667,8.93,,-70.03333333,0.0071,0.0473,0.033366667,204.7,0.319333333,0.078733333
10-Sep,Clark Fork River at Deer Lodge,DL,9/9/2010,9,9,2010,155.67,46,14.9,8.513333333,415,4.18,9.973333333,,-75.13333333,0.008466667,0.070033333,0.020466667,220.6666667,0.323,0.0379
11-Aug,Clark Fork River at Deer Lodge,DL,8/8/2011,8,8,2011,66.19047619,16.23809524,16.26666667,8.346666667,317.4,4.456666667,8.956666667,,218.6,0.018433333,0.089466667,0.029233333,206.4666667,0.304,0.0503
11-Sep,Clark Fork River at Deer Lodge,DL,9/8/2011,8,9,2011,38.05015,11.11111111,11.65,8.445,375.15,2.475,10.065,,250.55,0.0075,0.11425,0.0136,244.05,0.3315,0.02905
12-Jul,Clark Fork River at Deer Lodge,DL,7/24/2012,24,7,2012,110.0952381,50.04761905,18.96666667,8.386666667,350.7333333,3.043333333,8.816666667,,112.1666667,0.0106875,0.064445,0.012605,227.9,0.336625,0.0418775
12-Sep,Clark Fork River at Deer Lodge,DL,9/3/2012,3,9,2012,180.7142857,58.33333333,12.35,8.51,412.25,2.33,10.6,,181.75,0.00847,0.1038,0.003035,268.1,0.355545,0.017345
13-Jun,Clark Fork River at Deer Lodge,DL,6/28/2013,28,6,2013,244.9,71.35,,,,,,,,,,,,,
13-Aug,Clark Fork River at Deer Lodge,DL,8/8/2013,8,8,2013,331.4482759,110.5714286,17,8.255,500.25,2.805,10.925,,-424.25,0.018316667,0.178586667,0.008593333,325.3,0.502916667,0.019136667
13-Sep,Clark Fork River at Deer Lodge,DL,9/4/2013,4,9,2013,168.1153846,80.96153846,14.9,8.23,496.95,4.055,10.325,,-435.55,0.015045,0.19883,0.008675,323.05,0.451905,0.020785
14-Aug,Clark Fork River at Deer Lodge,DL,8/15/2014,15,8,2014,225.0666667,65.13333333,18.6,8.335,449.55,2.65,10.415,,204.1,0.01615,0.0621,0.01075,292.2,0.32,0.02495
15-Jul,Clark Fork River at Deer Lodge,DL,7/3/2015,3,7,2015,188.9047619,74.19047619,17.8,8.305,354.05,2.565,7.59,77.4,107.15,0.01085,0.0503,0.0042,230.1,0.3285,0.0197
15-Aug,Clark Fork River at Deer Lodge,DL,8/6/2015,6,8,2015,224.5909545,103.1428571,14.45,8.315,464.8,1.33,9.945,97.6,169.35,0.009666667,0.159633333,0.00235,302.25,0.406,0.01255
15-Sep,Clark Fork River at Deer Lodge,DL,9/9/2015,9,9,2015,158.3809524,50.85714286,11.7,8.385,471.1,3.365,10.005,92.3,150.45,0.01455,0.0891,0.0025,306.15,0.389,0.019
16-Jul,Clark Fork River at Deer Lodge,DL,7/16/2016,16,7,2016,389.1023256,118.6211628,16.05,8.285,400.2,1.9,9.045,91.9,231.7,0.012,0.0387,0.0036,260.3,0.2945,0.0194
16-Sep,Clark Fork River at Deer Lodge,DL,9/7/2016,7,9,2016,260.6904762,81.25,11,8.205,476.95,2.24,8.46,76.4,233.95,0.0208,0.1836,0.00255,309.75,0.4255,0.0162
17-Jul,Clark Fork River at Deer Lodge,DL,7/9/2017,9,7,2017,105.9761905,53.1,18.6,8.22,363.45,2.29,8.575,91.75,212.85,0.01275,0.02725,0.0081,236.25,0.2595,0.024
17-Aug,Clark Fork River at Deer Lodge,DL,8/8/2017,8,8,2017,190.5857143,99.56190476,16,8.135,421.5,1.3,9.07,91.95,274.7,0.013933333,0.240733333,0.0038,274,0.530666667,0.016866667
17-Sep,Clark Fork River at Deer Lodge,DL,9/6/2017,6,9,2017,76.86666667,61.25238095,10.65,8.185,471.1,2.2,10.785,97.2,217.1,0.0101,0.21265,0.0034,306.15,0.513,0.01785
18-Aug,Clark Fork River at Deer Lodge,DL,8/7/2018,7,8,2018,46.92419048,43.48461538,14,8.175,411.55,2.895,9.64,93.6,19.05,0.01985,0.1002,0.00875,267.5,0.348,0.0304
18-Sep,Clark Fork River at Deer Lodge,DL,9/6/2018,6,9,2018,74.23333333,28.5952381,11.45,8.16,441.9,2.74,9.695,88.85,64.05,0.014633333,0.13,0.00465,287.35,0.394,0.027633333
19-Jul,Clark Fork River at Deer Lodge,DL,7/19/2019,19,7,2019,188.5196434,66.87256236,18.05,8.85,345.4,3.23,10.925,115.7,,0.025,0.0295,0.0255,224.575,0.235,0.034
19-Aug,Clark Fork River at Deer Lodge,DL,8/24/2019,24,8,2019,188.9727273,75.89090909,19.65,8.495,437.3,2.92,9.26,101.7,,0.03,0.1425,0.0285,284.375,0.345,0.0255
20-Jul,Clark Fork River at Deer Lodge,DL,7/23/2020,23,7,2020,73.59219048,33.006,19.1,8.47,364.05,3.44,10.165,,,,0.016,0.006,,0.17,0.023
20-Aug,Clark Fork River at Deer Lodge,DL,8/8/2020,8,8,2020,182.8999167,75.960625,16.6,8.115,444.65,2.425,8.93,,,,0.077,0.007,,0.295,0.017
20-Sep,Clark Fork River at Deer Lodge,DL,9/6/2020,6,9,2020,101.8771429,38.15952381,12.75,8.14,485.4,1.305,10.085,,,0.02,0.089666667,0.008333333,,0.253333333,0.013
21-Jul,Clark Fork River at Deer Lodge,DL,7/14/2021,14,7,2021,120.4285714,41.9047619,19.35,8.44,453.15,2.77,9.505,,,0.03,0.114,0.002,,0.335,0.021
21-Aug,Clark Fork River at Deer Lodge,DL,8/8/2021,8,8,2021,139.5714286,37.19047619,16.8,8.43,514.05,3.03,11.18,,,0.03,0.093,,,0.33,0.017
21-Sep,Clark Fork River at Deer Lodge,DL,9/5/2021,5,9,2021,99.07145238,30.80952381,9.65,8.19,532.6,2.98,11.185,,,0,0.119,,,0.31,0.012
22-Jul,Clark Fork River at Deer Lodge,DL,7/16/2022,16,7,2022,178.8945857,33.55,20.5,8.41,430.6,2.57,26.265,,,0.03,0.0135,0.002,,0.213333333,0.045
22-Aug,Clark Fork River at Deer Lodge,DL,8/7/2022,7,8,2022,175.9389958,87.08333333,19.45,8.37,490.05,1.345,59.29,,,0.015,0.1145,0.0019,,0.3,0.012
22-Sep,Clark Fork River at Deer Lodge,DL,9/8/2022,8,9,2022,208.5242,201.6956522,14.1,8.28,537.3,1.94,8.045,,,,0.1495,9.00E-04,,0.395,0.008
8-Aug,Clark Fork River at Huson,HU,8/11/2008,11,8,2008,11.05,6.205,17.7,8.493333333,243.3333333,2.423333333,8.733333333,91.46666667,-57.9,0.015,0.0785,,129,0.2785,0.01525
8-Sep,Clark Fork River at Huson,HU,9/7/2008,7,9,2008,43.15,7.725,13.95,8.73,259,2.205,9.21,90.3,-68.9,,0.0305,,137.65,0.2305,0.015
9-Aug,Clark Fork River at Huson,HU,8/8/2009,8,8,2009,39.19047619,9.6,19.36666667,8.473333333,257,3.116666667,8.176666667,,-62.36666667,0.010926667,0.048613333,0.00517,136.6333333,0.263666667,0.016753333
9-Sep,Clark Fork River at Huson,HU,9/6/2009,6,9,2009,51.33333333,14.57894737,18.9,8.393333333,266.3333333,2.296666667,8.563333333,,-67.6,0.01073,0.015222,0.00297,141.5666667,0.2265,0.0130675
10-Aug,Clark Fork River at Huson,HU,8/6/2010,6,8,2010,63.74545455,20.42857143,21.73333333,8.18,263,3.526666667,8.323333333,,-57.56666667,0.009933333,0.043966667,0.004266667,139.8,0.245333333,0.020466667
10-Sep,Clark Fork River at Huson,HU,9/8/2010,8,9,2010,93.32857143,24.15,14.63333333,8.38,268,3.753333333,9.136666667,,-68.73333333,,0.02725,0.003025,143.0333333,0.22025,0.014425
11-Aug,Clark Fork River at Huson,HU,8/11/2011,11,8,2011,16.80952381,6.8,17.86666667,8.323333333,219.2666667,2.17,8.956666667,,218.7,0.012725,0.046575,0.007075,142.5666667,0.203595,0.021825
11-Sep,Clark Fork River at Huson,HU,9/9/2011,9,9,2011,60,10.66666667,14.05,8.4,241.1,1.85,9.485,,241.65,0.01105,0.036,0.00495,156.65,0.215,0.01425
12-Aug,Clark Fork River at Huson,HU,8/10/2012,10,8,2012,10.85771429,5.333333333,18,8.376666667,229.3666667,2.163333333,8.77,,129.4333333,0.00947,0.033655,0.0032625,149.0666667,0.2229975,0.0153475
12-Sep,Clark Fork River at Huson,HU,9/4/2012,4,9,2012,47.33333333,9.380952381,14.7,8.42,230.1,2.235,9.695,,138.05,,0.04407,0.00169,149.55,0.21797,0.014515
13-Jul,Clark Fork River at Huson,HU,7/27/2013,27,7,2013,9.333666667,5.285714286,19.83333333,8.34,242.2333333,2.766666667,8.696666667,,-431.3,0.012973333,0.04542,0.0038325,157.5666667,0.192618,0.01536
13-Aug,Clark Fork River at Huson,HU,8/29/2013,29,8,2013,22.85714286,4.238095238,17.4,8.365,247.7,3.835,8.585,,-441.75,0.00995,0.03979,0.003495,160.9,0.27357,0.017855
14-Aug,Clark Fork River at Huson,HU,8/16/2014,16,8,2014,22.30964286,9.134210526,19.23333333,8.083333333,255.9,1.646666667,9.203333333,,209.1666667,0.0109,0.0214,0.0042,166.4,0.170666667,0.0152
15-Aug,Clark Fork River at Huson,HU,8/5/2015,5,8,2015,7.15055,6.1,19.2,8.51,231.6,2.045,9.35,101.85,118.65,0.01155,0.0182,0.0017,150.5,0.2205,0.0178
15-Sep,Clark Fork River at Huson,HU,9/9/2015,9,9,2015,93.76190476,14.04761905,13.85,8.52,261.3,2.905,10.21,98.9,118.5,0.0208,0.02945,0.0018,169.95,0.249,0.01755
16-Jul,Clark Fork River at Huson,HU,7/24/2016,24,7,2016,33.00017647,15.7,19.65,8.355,209.4,1.37,9.35,102.75,154.7,0.015533333,0.028333333,0.00215,136.15,0.2005,0.009933333
16-Sep,Clark Fork River at Huson,HU,9/6/2016,6,9,2016,70.33333333,15.6047619,14.45,8.305,254.15,2.695,8.41,85.7,145.7,0.01735,0.06355,0.0012,165.1,0.2075,0.0132
17-Aug,Clark Fork River at Huson,HU,8/5/2017,5,8,2017,24.59052381,8.97,19.4,8.2,242.9,1.7025,8.925,97.05,201.05,0.01475,0.0563,0.0017,157.95,0.2565,0.01435
17-Sep,Clark Fork River at Huson,HU,9/5/2017,5,9,2017,35.18571429,12.17142857,15.05,8.145,275.3,2.1265,9.97,99.25,217.4,0.01375,0.08665,0.0013,178.75,0.309,0.0104
18-Aug,Clark Fork River at Huson,HU,8/6/2018,6,8,2018,26.85714286,10.13809524,17.3,8.165,255.6,2.145,9.05,94.55,14.55,0.0158,0.05845,0.0018,166.1,0.2345,0.0171
18-Sep,Clark Fork River at Huson,HU,9/8/2018,8,9,2018,28.75714286,7.357142857,14.35,8.24,277,1.92,9.265,91.1,40.15,0.016633333,0.0332,0.0017,180.1,0.218,0.01245
19-Aug,Clark Fork River at Huson,HU,8/6/2019,6,8,2019,27.65980952,9.0455,20.4,8.485,274.9,1.71,9.745,107.35,,0.03,0.0425,0.0155,178.75,0.19,0.014
19-Sep,Clark Fork River at Huson,HU,9/7/2019,7,9,2019,68.1,17.25,14.35,8.355,287.45,4.985,9.575,93.1,,0.015,0.033,0.013333333,186.875,0.17,0.021666667
20-Aug,Clark Fork River at Huson,HU,8/6/2020,6,8,2020,35.84619048,11.68714286,18.6,8.075,266.35,1.995,8.7,,,0.009,0.023,0.004,,0.155,0.0125
20-Sep,Clark Fork River at Huson,HU,9/7/2020,7,9,2020,80.84666667,20.15380952,14.7,8.135,290.8,2.825,10.965,,,0.02,0.047333333,0.005333333,,0.176666667,0.010666667
21-Aug,Clark Fork River at Huson,HU,8/9/2021,9,8,2021,62.95238095,16.19047619,17.2,8.08,274.95,3.945,8.325,,,0.02,0.01,,,0.15,0.015
21-Sep,Clark Fork River at Huson,HU,9/7/2021,7,9,2021,363.7142857,64.80952381,12.25,7.895,300.7,2.11,9,,,0,0.0145,,,0.155,0.012
22-Aug,Clark Fork River at Huson,HU,8/6/2022,6,8,2022,33.23872857,14.6875,18.7,7.936666667,251.1666667,3.803333333,65.27333333,,,0.01,0.037333333,0.0015,,0.2,0.032333333
22-Sep,Clark Fork River at Huson,HU,9/8/2022,8,9,2022,68.8747619,23.04761905,15.65,8.24,279.9,2.265,12.57,,,,0.0075,0.0014,,0.2,0.0115
8-Aug,Clark Fork River below Missoula,BM,8/10/2008,10,8,2008,62.85,15.315,15.86666667,8.443333333,265.6666667,2.593333333,8.353333333,84.16666667,-55.26666667,0,0.042333333,,145.4666667,0.242333333,0.013333333
8-Sep,Clark Fork River below Missoula,BM,9/8/2008,8,9,2008,73.2,13.565,11.25,8.655,304.5,3.385,9.31,84.85,-62.95,0,0.046,,161.75,0.246,0.019
9-Aug,Clark Fork River below Missoula,BM,8/8/2009,8,8,2009,38,10.75,17.2,8.386666667,277.3333333,3.52,8.076666667,,-57.96666667,0.00828,0.04478,0.00531,146.9666667,0.228333333,0.019833333
9-Sep,Clark Fork River below Missoula,BM,9/8/2009,8,9,2009,360.7619048,40.7,15.6,8.306666667,307,2.133333333,8.573333333,,-62.33333333,0.014858,0.041462,0.012128,162.7666667,0.24775,0.027225
10-Aug,Clark Fork River below Missoula,BM,8/6/2010,6,8,2010,66.4047619,20.52631579,18.43333333,7.993333333,277,2.81,8.37,,-45.16666667,0.009933333,0.046466667,0.006233333,147.2666667,0.233,0.019666667
10-Sep,Clark Fork River below Missoula,BM,9/9/2010,9,9,2010,138.8285714,31.95,13.06666667,8.236666667,303.6666667,3.986666667,8.963333333,,-61.33333333,0.031925,0.05925,0.00685,161.3333333,0.26475,0.01965
11-Aug,Clark Fork River below Missoula,BM,8/9/2011,9,8,2011,44.28571429,13.0952381,16.1,8.396666667,239.2666667,2.1,8.933333333,,255.0666667,0.024566667,0.030766667,0.010466667,155.5333333,0.171666667,0.020933333
11-Sep,Clark Fork River below Missoula,BM,9/10/2011,10,9,2011,39.33333333,8.428571429,12.35,8.395,276.55,2.08,9.615,,243.55,0.0072,0.0496,0.0066,179.7,0.201666667,0.013033333
12-Aug,Clark Fork River below Missoula,BM,8/9/2012,9,8,2012,32.76190476,12.04761905,16.13333333,8.25,246.5,2.576666667,8.993333333,,168.9333333,0.01026,0.035916667,0.005,160.1,0.21563,0.01575
12-Sep,Clark Fork River below Missoula,BM,9/5/2012,5,9,2012,161.3809524,27.80952381,12.45,8.29,255.05,1.825,9.705,,195.95,0.006965,0.041556667,0.002033333,165.75,0.19846,0.012236667
13-Aug,Clark Fork River below Missoula,BM,8/6/2013,6,8,2013,22.80952381,8.047619048,17.4,8.36,271,2.91,8.475,,-457.7,0.013555,0.031145,0.003685,176.1,0.271875,0.013125
13-Sep,Clark Fork River below Missoula,BM,9/7/2013,7,9,2013,81.42857143,14.47619048,15.25,8.415,293.2,2.515,9.86,,-453.45,0.013633333,0.04233,0.007416667,190.45,0.226896667,0.01763
14-Jul,Clark Fork River below Missoula,BM,7/23/2014,23,7,2014,39.95247619,14.63684211,16.95,8.13,228.75,3.79,9,,-129.15,,0.0093,0.00825,148.85,0.145,0.02025
14-Sep,Clark Fork River below Missoula,BM,9/4/2014,4,9,2014,123.6666667,19.53809524,13.3,8.085,336,2.675,10.12,,232.4,0.01295,0.02715,0.0085,218.4,0.221,0.01925
15-Jul,Clark Fork River below Missoula,BM,7/5/2015,5,7,2015,228.125,64.375,18.9,8.395,222.05,1.465,7.59,79.7,117.6,0.0075,0.01145,0.0023,144.3,0.2065,0.0132
15-Aug,Clark Fork River below Missoula,BM,8/6/2015,6,8,2015,100.2380952,24.76190476,16.3,8.345,281.5,2.9,7.815,79.75,177.15,0.0121,0.02155,0.0021,182.95,0.2275,0.01925
15-Sep,Clark Fork River below Missoula,BM,9/10/2015,10,9,2015,76.33333333,16.33333333,13.5,8.435,300.85,4.76,8.6,82.6,152.2,0.011,0.02065,0.0028,195.6,0.251,0.02065
16-Jul,Clark Fork River below Missoula,BM,7/13/2016,13,7,2016,240.7071905,70.22975,16.75,8.34,244.85,1.63,7.395,76.05,51.9,0.0079,0.0113,0.001666667,159.25,0.1635,0.01385
16-Sep,Clark Fork River below Missoula,BM,9/6/2016,6,9,2016,285.7619048,51.02380952,12.1,8.27,290.4,5.39,,,150.3,0.01685,0.03125,0.0017,188.8,0.21,0.02185
17-Jul,Clark Fork River below Missoula,BM,7/10/2017,10,7,2017,13.5047619,5.071428571,17.5,8.085,249.05,2.265,8.21,85.85,157.55,0.010675,0.010766667,0.004266667,161.8,0.153666667,0.015933333
17-Aug,Clark Fork River below Missoula,BM,8/9/2017,9,8,2017,24.99047619,6.585714286,16.5,8.185,273,1.785,8.39,86,248.85,0.01255,0.0318,0.0039,177.45,0.196,0.0156
17-Sep,Clark Fork River below Missoula,BM,9/5/2017,5,9,2017,175.8380952,47.01904762,12.15,8.09,303.2,3.085,9.12,84.65,200.55,0.0091,0.0281,0.0041,197,0.2285,0.01695
18-Aug,Clark Fork River below Missoula,BM,8/9/2018,9,8,2018,38.462,11.46315789,15.8,8.335,285.65,2.31,8.935,90.15,2.65,0.0205,0.02865,0.00485,185.6,0.1805,0.01745
18-Sep,Clark Fork River below Missoula,BM,9/11/2018,11,9,2018,148.3619048,23.26666667,14.15,8.24,310.6,1.89,10.125,98.35,29.95,0.020466667,0.038233333,0.002266667,201.85,0.221333333,0.014466667
19-Aug,Clark Fork River below Missoula,BM,8/7/2019,7,8,2019,42.20480952,15.06725,18.55,8.685,299.05,2.9,10.075,107.65,,0.03,0.0445,0.0135,194.35,0.17,0.014
19-Sep,Clark Fork River below Missoula,BM,9/7/2019,7,9,2019,253.4,58.55,13.6,8.275,323.65,9.695,9.255,89.4,,0.005,0.0335,0.0165,211.1,0.19,0.046
20-Aug,Clark Fork River below Missoula,BM,8/7/2020,7,8,2020,55.13571429,17.42095238,17.25,8.265,285.35,2.595,9.295,,,,0.025,0.004,,0.155,0.0205
20-Sep,Clark Fork River below Missoula,BM,9/6/2020,6,9,2020,116.3857143,24.88333333,14.05,8.04,298.35,3.38,9.64,,,0.02,0.025,0.006,,0.156666667,0.011333333
21-Jul,Clark Fork River below Missoula,BM,7/15/2021,15,7,2021,57.33333333,16.38095238,17.6,8.44,262.35,2.045,8.47,,,0.02,0.02,0.001,,0.13,0.015
21-Aug,Clark Fork River below Missoula,BM,8/9/2021,9,8,2021,59.19047619,14.04761905,16.4,8.335,298.7,4.49,8.365,,,0.01,0.015,,,0.16,0.007
22-Jul,Clark Fork River below Missoula,BM,7/23/2022,23,7,2022,53.86095714,16.71428571,17.4,7.99,237.6,6.14,81,,,,0.01,0.004,,0.14,0.019
22-Sep,Clark Fork River below Missoula,BM,9/8/2022,8,9,2022,116.1640619,21.04761905,15.05,8.295,313.25,3.055,11.375,,,,0.033,0.0015,,0.185,0.0145
